occurrenceId,document,chapter,sourceLine,placeName,placeSource,office,unit,declaredProvince,explicitProvince,hardProvince,softProvince,expectedProvince,region,contextText,pleiadesId,pleiadesName,candidate,rule,tier,latitude,longitude,featureType,gisProvince,geojsonId,nearestProvince,nearestGeojsonId,nearestKm,nameSimilarity,contextStatus,contextScore,matchType,similarity
OCC000002,Occidentis,Insignia viri illustris magistri officiorum,716,Sirmensis,factory,,"Sirmensis scutorum, scordiscorum et armorum",Illyrico,,Illyrico,,Illyrico,ILLYRICUM,Insignia viri illustris magistri officiorum / Insignia viri illustris magistri officiorum / Fabricae infrascriptae / In Illyrico,222195,Syrmus,Sirmus,toponymic_ensis,1,,,unknown,,,,,,1.0,REGION_UNVERIFIED,0.000,FUZZY_NO_CONTEXT,1.000
OCC000005,Occidentis,Insignia viri illustris magistri officiorum,719,Lauriacensis,factory,,Lauriacensis scutaria,Illyrico,,Illyrico,,Illyrico,ILLYRICUM,Insignia viri illustris magistri officiorum / Insignia viri illustris magistri officiorum / Fabricae infrascriptae / In Illyrico,118802,Lauriacum,Lauriacum,toponymic_ensis,1,48.220692,14.465958,unknown,NORICUM RIPENSE,89,,,,1.0,REGION_MATCH,1.000,REGION_EXACT,1.000
OCC000008,Occidentis,Insignia viri illustris magistri officiorum,723,Veronensis,factory,,Veronensis scutaria et armorum,,,,,,ITALIA,Insignia viri illustris magistri officiorum / Insignia viri illustris magistri officiorum / Fabricae infrascriptae / Italiae,383816,Verona,Verona,toponymic_ensis,1,45.438954,10.994371,unknown,VENETIA ET HISTRIA,80,,,,1.0,REGION_MATCH,1.000,REGION_EXACT,1.000
OCC000010,Occidentis,Insignia viri illustris magistri officiorum,725,Cremonensis,factory,,Cremonensis scutaria,,,,,,ITALIA,Insignia viri illustris magistri officiorum / Insignia viri illustris magistri officiorum / Fabricae infrascriptae / Italiae,383628,Cremona,Cremona,toponymic_ensis,1,45.133639,10.026149,unknown,AEMILIA ET LIGURIA,77,,,,1.0,REGION_MATCH,1.000,REGION_EXACT,1.000
OCC000012,Occidentis,Insignia viri illustris magistri officiorum,727,Lucensis,factory,,Lucensis spatharia,,,,,,ITALIA,Insignia viri illustris magistri officiorum / Insignia viri illustris magistri officiorum / Fabricae infrascriptae / Italiae,403234,Luca,Luca,toponymic_ensis,1,43.843003,10.50804,unknown,TUSCIA ET UMBRIA,60,,,,1.0,REGION_MATCH,1.000,REGION_EXACT,1.000
OCC000013,Occidentis,Insignia viri illustris magistri officiorum,729,Argentomagensis,factory,,Argentomagensis armorum omnium,Galliis,,Galliis,,Galliis,GALLIAE,Insignia viri illustris magistri officiorum / Insignia viri illustris magistri officiorum / Fabricae infrascriptae / In Galliis,138192,Argentomagus,Argentomagus,toponymic_ensis,1,46.588704,1.518941,unknown,AQUITANIA I,83,,,,1.0,REGION_MATCH,1.000,REGION_EXACT,1.000
OCC000014,Occidentis,Insignia viri illustris magistri officiorum,730,Matisconensis,factory,,Matisconensis sagittaria,Galliis,,Galliis,,Galliis,GALLIAE,Insignia viri illustris magistri officiorum / Insignia viri illustris magistri officiorum / Fabricae infrascriptae / In Galliis,177577,Matisco,Matiscon,toponymic_ensis_stem,1,46.306331,4.829183,unknown,LUGDUNENSIS I,87,,,,0.875,REGION_MATCH,1.000,,0.875
OCC000015,Occidentis,Insignia viri illustris magistri officiorum,731,Augustodunensis,factory,,"Augustodunensis loricaria, balistaria et clibanaria",Galliis,,Galliis,,Galliis,GALLIAE,Insignia viri illustris magistri officiorum / Insignia viri illustris magistri officiorum / Fabricae infrascriptae / In Galliis,177460,Augustodunum,Augustodunum,toponymic_ensis,1,46.949448,4.299314,unknown,LUGDUNENSIS I,87,,,,1.0,REGION_MATCH,1.000,REGION_EXACT,1.000
OCC000016,Occidentis,Insignia viri illustris magistri officiorum,732,Augustodunensis,factory,,Augustodunensis scutaria,Galliis,,Galliis,,Galliis,GALLIAE,Insignia viri illustris magistri officiorum / Insignia viri illustris magistri officiorum / Fabricae infrascriptae / In Galliis,177460,Augustodunum,Augustodunum,toponymic_ensis,1,46.949448,4.299314,unknown,LUGDUNENSIS I,87,,,,1.0,REGION_MATCH,1.000,REGION_EXACT,1.000
OCC000017,Occidentis,Insignia viri illustris magistri officiorum,733,Suessionensis,factory,,Suessionensis,Galliis,,Galliis,,Galliis,GALLIAE,Insignia viri illustris magistri officiorum / Insignia viri illustris magistri officiorum / Fabricae infrascriptae / In Galliis,109356,Suessiones,Suessione,toponymic_ensis,1,49.5,2.5,unknown,BELGICA II,94,,,,0.9,REGION_MATCH,1.000,REGION_FUZZY,0.900
OCC000018,Occidentis,Insignia viri illustris magistri officiorum,734,Remensis,factory,,Remensis spatharia,Galliis,,Galliis,,Galliis,GALLIAE,Insignia viri illustris magistri officiorum / Insignia viri illustris magistri officiorum / Fabricae infrascriptae / In Galliis,108945,Durocortorum,Remensis,toponymic_anchor,0,49.254104,4.032504,unknown,BELGICA II,94,,,,1.0,REGION_MATCH,1.000,REGION_EXACT,1.000
OCC000019,Occidentis,Insignia viri illustris magistri officiorum,735,Triberorum,factory,,Triberorum scutaria,Galliis,,Galliis,,Galliis,GALLIAE,Insignia viri illustris magistri officiorum / Insignia viri illustris magistri officiorum / Fabricae infrascriptae / In Galliis,108894,Col. Augusta Treverorum,Triberorum,toponymic_anchor,0,49.753731,6.646217,unknown,BELGICA I,92,,,,1.0,REGION_MATCH,1.000,REGION_EXACT,1.000
OCC000020,Occidentis,Insignia viri illustris magistri officiorum,736,Triberorum,factory,,Triberorum balistaria,Galliis,,Galliis,,Galliis,GALLIAE,Insignia viri illustris magistri officiorum / Insignia viri illustris magistri officiorum / Fabricae infrascriptae / In Galliis,108894,Col. Augusta Treverorum,Triberorum,toponymic_anchor,0,49.753731,6.646217,unknown,BELGICA I,92,,,,1.0,REGION_MATCH,1.000,REGION_EXACT,1.000
OCC000021,Occidentis,Insignia viri illustris magistri officiorum,737,Ambianensis,factory,,Ambianensis spatharia et scutaria,Galliis,,Galliis,,Galliis,GALLIAE,Insignia viri illustris magistri officiorum / Insignia viri illustris magistri officiorum / Fabricae infrascriptae / In Galliis,108740,Ambiani,Ambiani,toponymic_ensis,1,49.5,1.5,unknown,LUGDUNENSIS II,91,,,,1.0,REGION_MATCH,1.000,REGION_EXACT,1.000
OCC000022,Occidentis,Insignia viri illustris comitis sacrarum largitionum,775,Salonitanorum,unit,Praepositus,thesaurorum Salonitanorum,Dalmatiae,,Dalmatiae,,Dalmatiae,ILLYRICUM,Insignia viri illustris comitis sacrarum largitionum / Insignia viri illustris comitis sacrarum largitionum / Praepositi thesauroum / Per Illyricum,197488,Salona,Salonitanorum,toponymic_anchor,0,43.539561,16.483426,unknown,DALMATIA,72,,,,1.0,HARD_MATCH,1.000,CONTEXT_EXACT,1.000
OCC000023,Occidentis,Insignia viri illustris comitis sacrarum largitionum,776,Siscianorum,unit,Praepositus,thesaurorum Siscianorum,Saviae,,Saviae,,Saviae,ILLYRICUM,Insignia viri illustris comitis sacrarum largitionum / Insignia viri illustris comitis sacrarum largitionum / Praepositi thesauroum / Per Illyricum,197504,Siscia,Siscianorum,toponymic_anchor,0,45.483168,16.371388,unknown,SAVIA,79,,,,1.0,HARD_MATCH,1.000,CONTEXT_EXACT,1.000
OCC000024,Occidentis,Insignia viri illustris comitis sacrarum largitionum,777,Sabariensium,unit,Praepositus,thesaurorum Sabariensium,Pannoniae primae,,Pannoniae primae,,Pannoniae primae,ILLYRICUM,Insignia viri illustris comitis sacrarum largitionum / Insignia viri illustris comitis sacrarum largitionum / Praepositi thesauroum / Per Illyricum,197498,Savaria,Sabariensium,toponymic_anchor,0,47.235142,16.62192,unknown,PANNONIA SUPERIOR,86,,,,1.0,HARD_MATCH,1.000,CONTEXT_EXACT,1.000
OCC000025,Occidentis,Insignia viri illustris comitis sacrarum largitionum,779,Aquileiensium,unit,Praepositus,thesaurorum Aquileiensium,Venetiae,,Venetiae,,Venetiae,ITALIA,Insignia viri illustris comitis sacrarum largitionum / Insignia viri illustris comitis sacrarum largitionum / Praepositi thesauroum / Per Italiam,187290,Aquileia,Aquileiensium,toponymic_anchor,0,45.768259,13.364601,unknown,VENETIA ET HISTRIA,80,,,,1.0,HARD_MATCH,1.000,CONTEXT_EXACT,1.000
OCC000026,Occidentis,Insignia viri illustris comitis sacrarum largitionum,780,Mediolanensium,unit,Praepositus,thesaurorum Mediolanensium,Liguriae,,Liguriae,,Liguriae,ITALIA,Insignia viri illustris comitis sacrarum largitionum / Insignia viri illustris comitis sacrarum largitionum / Praepositi thesauroum / Per Italiam,383706,Mediolanum,Mediolanensium,toponymic_anchor,0,45.463746,9.18806,settlement;urban,AEMILIA ET LIGURIA,77,,,,1.0,HARD_MATCH,1.000,CONTEXT_EXACT,1.000
OCC000027,Occidentis,Insignia viri illustris comitis sacrarum largitionum,781,Romae,unit,Praepositus,thesaurorum urbis Romae,,,,,,ITALIA,Insignia viri illustris comitis sacrarum largitionum / Insignia viri illustris comitis sacrarum largitionum / Praepositi thesauroum / Per Italiam,423025,Roma,Roma,original_case,0,41.8917,12.4862,temple-2,TUSCIA ET UMBRIA,60,,,,1.0,REGION_MATCH,1.000,REGION_EXACT,1.000
OCC000029,Occidentis,Insignia viri illustris comitis sacrarum largitionum,784,Lugdunensium,unit,Praepositus,thesaurorum Lugdunensium,,,,,,GALLIAE,Insignia viri illustris comitis sacrarum largitionum / Insignia viri illustris comitis sacrarum largitionum / Praepositi thesauroum / Per Gallias,167717,Col. Lugdunum,Lugdunensium,toponymic_anchor,0,45.75863,4.819486,unknown,LUGDUNENSIS I,87,,,,1.0,REGION_MATCH,1.000,REGION_EXACT,1.000
OCC000030,Occidentis,Insignia viri illustris comitis sacrarum largitionum,785,Arelatensium,unit,Praepositus,thesaurorum Arelatensium,,,,,,GALLIAE,Insignia viri illustris comitis sacrarum largitionum / Insignia viri illustris comitis sacrarum largitionum / Praepositi thesauroum / Per Gallias,148217,Col. Arelate,Arelatensium,toponymic_anchor,0,43.677616,4.630799,unknown,VIENNENSIS,78,,,,1.0,REGION_MATCH,1.000,REGION_EXACT,1.000
OCC000031,Occidentis,Insignia viri illustris comitis sacrarum largitionum,786,Remorum,unit,Praepositus,thesaurorum Remorum,,,,,,GALLIAE,Insignia viri illustris comitis sacrarum largitionum / Insignia viri illustris comitis sacrarum largitionum / Praepositi thesauroum / Per Gallias,108945,Durocortorum,Remorum,toponymic_anchor,0,49.254104,4.032504,unknown,BELGICA II,94,,,,1.0,REGION_MATCH,1.000,REGION_EXACT,1.000
OCC000032,Occidentis,Insignia viri illustris comitis sacrarum largitionum,787,Triberorum,unit,Praepositus,thesaurorum Triberorum,,,,,,GALLIAE,Insignia viri illustris comitis sacrarum largitionum / Insignia viri illustris comitis sacrarum largitionum / Praepositi thesauroum / Per Gallias,108894,Col. Augusta Treverorum,Triberorum,toponymic_anchor,0,49.753731,6.646217,unknown,BELGICA I,92,,,,1.0,REGION_MATCH,1.000,REGION_EXACT,1.000
OCC000033,Occidentis,Insignia viri illustris comitis sacrarum largitionum,789,Augustensium,unit,Praepositus,thesaurorum Augustensium,Britanniis,,Britanniis,,Britanniis,BRITANNIA,Insignia viri illustris comitis sacrarum largitionum / Insignia viri illustris comitis sacrarum largitionum / Praepositi thesauroum / In Britanniis,79574,Augusta,Augusta,toponymic_ensium,1,51.513335,-0.088949,unknown,BRITANNIAE I AND II,96,,,,1.0,HARD_MATCH,1.000,CONTEXT_EXACT,1.000
OCC000034,Occidentis,Insignia viri illustris comitis sacrarum largitionum,791,Siscianae,unit,Procurator,monetae Siscianae,,,,,,,Insignia viri illustris comitis sacrarum largitionum / Insignia viri illustris comitis sacrarum largitionum / Procuratores monetarum,197504,Siscia,Siscianae,toponymic_anchor,0,45.483168,16.371388,unknown,SAVIA,79,,,,1.0,NO_CONTEXT,0.000,EXACT_NO_CONTEXT,1.000
OCC000035,Occidentis,Insignia viri illustris comitis sacrarum largitionum,792,Aquileiensis,unit,Procurator,monetae Aquileiensis,,,,,,,Insignia viri illustris comitis sacrarum largitionum / Insignia viri illustris comitis sacrarum largitionum / Procuratores monetarum,187290,Aquileia,Aquileiensis,toponymic_anchor,0,45.768259,13.364601,unknown,VENETIA ET HISTRIA,80,,,,1.0,NO_CONTEXT,0.000,EXACT_NO_CONTEXT,1.000
OCC000036,Occidentis,Insignia viri illustris comitis sacrarum largitionum,793,Romae,unit,Procurator,monetae urbis Romae,,,,,,,Insignia viri illustris comitis sacrarum largitionum / Insignia viri illustris comitis sacrarum largitionum / Procuratores monetarum,423025,Roma,Roma,original_case,0,41.8917,12.4862,temple-2,TUSCIA ET UMBRIA,60,,,,1.0,NO_CONTEXT,0.000,EXACT_NO_CONTEXT,1.000
OCC000037,Occidentis,Insignia viri illustris comitis sacrarum largitionum,794,Lugdunensis,unit,Procurator,monetae Lugdunensis,,,,,,,Insignia viri illustris comitis sacrarum largitionum / Insignia viri illustris comitis sacrarum largitionum / Procuratores monetarum,167717,Col. Lugdunum,Lugdunensis,toponymic_anchor,0,45.75863,4.819486,unknown,LUGDUNENSIS I,87,,,,1.0,NO_CONTEXT,0.000,EXACT_NO_CONTEXT,1.000
OCC000038,Occidentis,Insignia viri illustris comitis sacrarum largitionum,795,Arelatensis,unit,Procurator,monetae Arelatensis,,,,,,,Insignia viri illustris comitis sacrarum largitionum / Insignia viri illustris comitis sacrarum largitionum / Procuratores monetarum,148217,Col. Arelate,Arelatensis,toponymic_anchor,0,43.677616,4.630799,unknown,VIENNENSIS,78,,,,1.0,NO_CONTEXT,0.000,EXACT_NO_CONTEXT,1.000
OCC000039,Occidentis,Insignia viri illustris comitis sacrarum largitionum,796,Triberorum,unit,Procurator,monetae Triberorum,,,,,,,Insignia viri illustris comitis sacrarum largitionum / Insignia viri illustris comitis sacrarum largitionum / Procuratores monetarum,108894,Col. Augusta Treverorum,Triberorum,toponymic_anchor,0,49.753731,6.646217,unknown,BELGICA I,92,,,,1.0,NO_CONTEXT,0.000,EXACT_NO_CONTEXT,1.000
OCC000042,Occidentis,Insignia viri illustris comitis sacrarum largitionum,799,Sirmensis,unit,Procurator,gynaecii Sirmensis,Pannoniae secundae,,Pannoniae secundae,,Pannoniae secundae,,Insignia viri illustris comitis sacrarum largitionum / Insignia viri illustris comitis sacrarum largitionum / Procuratores gynaeciorum,222195,Syrmus,Sirmus,toponymic_ensis,1,,,unknown,,,,,,1.0,HARD_UNVERIFIED,0.000,FUZZY_NO_CONTEXT,1.000
OCC000045,Occidentis,Insignia viri illustris comitis sacrarum largitionum,801,Aquileiensis,unit,Procurator,gynaecii Aquileiensis,Venetiae inferioris,,Venetiae inferioris,,Venetiae inferioris,,Insignia viri illustris comitis sacrarum largitionum / Insignia viri illustris comitis sacrarum largitionum / Procuratores gynaeciorum,187290,Aquileia,Aquileiensis,toponymic_anchor,0,45.768259,13.364601,unknown,VENETIA ET HISTRIA,80,,,,1.0,NO_CONTEXT,0.000,EXACT_NO_CONTEXT,1.000
OCC000046,Occidentis,Insignia viri illustris comitis sacrarum largitionum,802,Mediolanensis,unit,Procurator,gynaecii Mediolanensis,Liguriae,,Liguriae,,Liguriae,,Insignia viri illustris comitis sacrarum largitionum / Insignia viri illustris comitis sacrarum largitionum / Procuratores gynaeciorum,383706,Mediolanum,Mediolanensis,toponymic_anchor,0,45.463746,9.18806,settlement;urban,AEMILIA ET LIGURIA,77,,,,1.0,HARD_MATCH,1.000,CONTEXT_EXACT,1.000
OCC000047,Occidentis,Insignia viri illustris comitis sacrarum largitionum,803,Romae,unit,Procurator,gynaecii urbis Romae,,,,,,,Insignia viri illustris comitis sacrarum largitionum / Insignia viri illustris comitis sacrarum largitionum / Procuratores gynaeciorum,423025,Roma,Roma,original_case,0,41.8917,12.4862,temple-2,TUSCIA ET UMBRIA,60,,,,1.0,NO_CONTEXT,0.000,EXACT_NO_CONTEXT,1.000
OCC000048,Occidentis,Insignia viri illustris comitis sacrarum largitionum,804,Canusini,unit,Procurator,gynaecii Canusini et Venusini,Apuliae,,Apuliae,,Apuliae,,Insignia viri illustris comitis sacrarum largitionum / Insignia viri illustris comitis sacrarum largitionum / Procuratores gynaeciorum,442525,Canusium,Canusinum,original_case,0,41.2225,16.066004,unknown,APULIA ET CALABRIA,39,,,,0.8888888888888888,HARD_MATCH,1.000,,0.889
OCC000050,Occidentis,Insignia viri illustris comitis sacrarum largitionum,805,Carthagiensis,unit,Procurator,gynaecii Carthagiensis,,,,,,AFRICA,Insignia viri illustris comitis sacrarum largitionum / Insignia viri illustris comitis sacrarum largitionum / Procuratores gynaeciorum,314921,Carthago,Carthagiensis,toponymic_anchor,0,36.847009,10.312944,unknown,AFRICA PROCONSULARIS,15,,,,1.0,REGION_MATCH,1.000,REGION_EXACT,1.000
OCC000052,Occidentis,Insignia viri illustris comitis sacrarum largitionum,807,Lugdunensis,unit,Procurator,gynaecii Lugdunensis,,,,,,,Insignia viri illustris comitis sacrarum largitionum / Insignia viri illustris comitis sacrarum largitionum / Procuratores gynaeciorum,167717,Col. Lugdunum,Lugdunensis,toponymic_anchor,0,45.75863,4.819486,unknown,LUGDUNENSIS I,87,,,,1.0,NO_CONTEXT,0.000,EXACT_NO_CONTEXT,1.000
OCC000053,Occidentis,Insignia viri illustris comitis sacrarum largitionum,808,Remensis,unit,Procurator,gynaecii Remensis,Belgicae secundae,,Belgicae secundae,,Belgicae secundae,,Insignia viri illustris comitis sacrarum largitionum / Insignia viri illustris comitis sacrarum largitionum / Procuratores gynaeciorum,108945,Durocortorum,Remensis,toponymic_anchor,0,49.254104,4.032504,unknown,BELGICA II,94,,,,1.0,HARD_MATCH,1.000,CONTEXT_EXACT,1.000
OCC000054,Occidentis,Insignia viri illustris comitis sacrarum largitionum,809,Triberorum,unit,Procurator,gynaecii Triberorum,Belgicae primae,,Belgicae primae,,Belgicae primae,,Insignia viri illustris comitis sacrarum largitionum / Insignia viri illustris comitis sacrarum largitionum / Procuratores gynaeciorum,108894,Col. Augusta Treverorum,Triberorum,toponymic_anchor,0,49.753731,6.646217,unknown,BELGICA I,92,,,,1.0,HARD_MATCH,1.000,CONTEXT_EXACT,1.000
OCC000055,Occidentis,Insignia viri illustris comitis sacrarum largitionum,810,Augustoduno,unit,Procurator,gynaecii Augustoduno translati Mettis,,,,,,,Insignia viri illustris comitis sacrarum largitionum / Insignia viri illustris comitis sacrarum largitionum / Procuratores gynaeciorum,177460,Augustodunum,Augustodunum,original_case,0,46.949448,4.299314,unknown,LUGDUNENSIS I,87,,,,1.0,NO_CONTEXT,0.000,EXACT_NO_CONTEXT,1.000
OCC000056,Occidentis,Insignia viri illustris comitis sacrarum largitionum,810,Mettis,transfer,Procurator,gynaecii Augustoduno translati Mettis,,,,,,,Insignia viri illustris comitis sacrarum largitionum / Insignia viri illustris comitis sacrarum largitionum / Procuratores gynaeciorum,108927,Mettis,Mettis,original,0,49.11605,6.172677,unknown,BELGICA I,92,,,,1.0,NO_CONTEXT,0.000,EXACT_NO_CONTEXT,1.000
OCC000059,Occidentis,Insignia viri illustris comitis sacrarum largitionum,814,Ravennatis,unit,Procurator,linyfii Ravennatis,,,,,,ITALIA,Insignia viri illustris comitis sacrarum largitionum / Insignia viri illustris comitis sacrarum largitionum / Procuratores linyfiorum,393480,Ravenna,Ravenna,toponymic_atis,1,44.415718,12.196604,unknown,AEMILIA ET LIGURIA,77,,,,1.0,REGION_MATCH,1.000,REGION_EXACT,1.000
OCC000060,Occidentis,Insignia viri illustris comitis sacrarum largitionum,816,Tarentini,unit,Procurator,bafii Tarentini,Calabriae,,Calabriae,,Calabriae,,Insignia viri illustris comitis sacrarum largitionum / Insignia viri illustris comitis sacrarum largitionum / Procuratores bafiorum,442810,Tarentum,Tarentum,toponymic_alias,0,40.469229,17.240045,unknown,,,APULIA ET CALABRIA,39,1.43,1.0,HARD_NEAR_MATCH,1.000,CONTEXT_NEAR_EXACT,1.000
OCC000061,Occidentis,Insignia viri illustris comitis sacrarum largitionum,817,Salonitani,unit,Procurator,bafii Salonitani,Dalmatiae,,Dalmatiae,,Dalmatiae,,Insignia viri illustris comitis sacrarum largitionum / Insignia viri illustris comitis sacrarum largitionum / Procuratores bafiorum,197488,Salona,Salonitani,toponymic_anchor,0,43.539561,16.483426,unknown,DALMATIA,72,,,,1.0,HARD_MATCH,1.000,CONTEXT_EXACT,1.000
OCC000063,Occidentis,Insignia viri illustris comitis sacrarum largitionum,819,Syracusani,unit,Procurator,bafii Syracusani,Siciliae,,Siciliae,,Siciliae,,Insignia viri illustris comitis sacrarum largitionum / Insignia viri illustris comitis sacrarum largitionum / Procuratores bafiorum,462503,Syracusae,Syracusae,toponymic_alias,0,37.0738645,15.2718869278,,SICILIA,18,,,,1.0,HARD_MATCH,1.000,CONTEXT_EXACT,1.000
OCC000068,Occidentis,Insignia viri illustris comitis sacrarum largitionum,826,Arelatensium,unit,Praepositus,branbaricariorum siue argentariorum Arelatensium,,,,,,,Insignia viri illustris comitis sacrarum largitionum / Insignia viri illustris comitis sacrarum largitionum / Praepositi branbaricariorum siue argentariorum,148217,Col. Arelate,Arelatensium,toponymic_anchor,0,43.677616,4.630799,unknown,VIENNENSIS,78,,,,1.0,NO_CONTEXT,0.000,EXACT_NO_CONTEXT,1.000
OCC000069,Occidentis,Insignia viri illustris comitis sacrarum largitionum,827,Remensium,unit,Praepositus,branbaricariorum siue argentariorum Remensium,,,,,,,Insignia viri illustris comitis sacrarum largitionum / Insignia viri illustris comitis sacrarum largitionum / Praepositi branbaricariorum siue argentariorum,109275,Remi,Remi,toponymic_ensium,1,49.2561547,4.0320509,unknown,BELGICA II,94,,,,1.0,NO_CONTEXT,0.000,EXACT_NO_CONTEXT,1.000
OCC000070,Occidentis,Insignia viri illustris comitis sacrarum largitionum,828,Triberorum,unit,Praepositus,branbaricariorum siue argentariorum Triberorum,,,,,,,Insignia viri illustris comitis sacrarum largitionum / Insignia viri illustris comitis sacrarum largitionum / Praepositi branbaricariorum siue argentariorum,108894,Col. Augusta Treverorum,Triberorum,toponymic_anchor,0,49.753731,6.646217,unknown,BELGICA I,92,,,,1.0,NO_CONTEXT,0.000,EXACT_NO_CONTEXT,1.000
OCC000071,Occidentis,Insignia viri illustris comitis privatarum,877,Triberorum,unit,Procurator,rei privatae gynaeciorum Triberorum,,,,,,,Insignia viri illustris comitis privatarum / Insignia viri illustris comitis privatarum / Sub dispositione viri illustris comitis rerum privatarum,108894,Col. Augusta Treverorum,Triberorum,toponymic_anchor,0,49.753731,6.646217,unknown,BELGICA I,92,,,,1.0,NO_CONTEXT,0.000,EXACT_NO_CONTEXT,1.000
OCC000074,Occidentis,Comes Africae,1080,Montensis,limes,Praepositus,limitis Montensis in castris Leptitanis,,,,,,,Comes Africae / Comes Africae / Sub dispositione viri spectabilis comitis Africae / Limitanei,334579,Limes Montensis,Montensis,limes_anchor,0,34.5,7.5,unknown,NUMIDIA MILITIANA,8,,,,1.0,NO_CONTEXT,0.000,EXACT_NO_CONTEXT,1.000
OCC000075,Occidentis,Comes Africae,1080,Leptitanis,castris,Praepositus,limitis Montensis in castris Leptitanis,,,,,,,Comes Africae / Comes Africae / Sub dispositione viri spectabilis comitis Africae / Limitanei,344448,Lepcitani,Leptitanis,toponymic_anchor,0,32.636748,14.2922,unknown,TRIPOLITANA,4,,,,1.0,NO_CONTEXT,0.000,EXACT_NO_CONTEXT,1.000
OCC000076,Occidentis,Comes Africae,1081,Bazensis,limes,Praepositus,limitis Bazensis,,,,,,,Comes Africae / Comes Africae / Sub dispositione viri spectabilis comitis Africae / Limitanei,334577,Limes Bazensis,Bazensis,limes_anchor,0,34.5,6.5,unknown,NUMIDIA MILITIANA,8,,,,1.0,NO_CONTEXT,0.000,EXACT_NO_CONTEXT,1.000
OCC000077,Occidentis,Comes Africae,1082,Gemellensis,limes,Praepositus,limitis Gemellensis,,,,,,,Comes Africae / Comes Africae / Sub dispositione viri spectabilis comitis Africae / Limitanei,334578,Limes Gemellensis,Gemellensis,limes_anchor,0,34.5,5.5,unknown,NUMIDIA MILITIANA,8,,,,1.0,NO_CONTEXT,0.000,EXACT_NO_CONTEXT,1.000
OCC000078,Occidentis,Comes Africae,1083,Tubuniensis,limes,Praepositus,limitis Tubuniensis,,,,,,,Comes Africae / Comes Africae / Sub dispositione viri spectabilis comitis Africae / Limitanei,334580,Limes Tubunensis,Tubuniensis,limes_anchor,0,35.5,5.5,unknown,MAURETANIA SITIFENSIS,10,,,,1.0,NO_CONTEXT,0.000,EXACT_NO_CONTEXT,1.000
OCC000083,Occidentis,Comes Africae,1088,Columnatensis,limes,Praepositus,limitis Columnatensis,,,,,,,Comes Africae / Comes Africae / Sub dispositione viri spectabilis comitis Africae / Limitanei,285430,Columnata,Columnata,toponymic_ensis,1,35.470067,1.521582,unknown,MAURETANIA CAESARIENSIS,12,,,,1.0,NO_CONTEXT,0.000,EXACT_NO_CONTEXT,1.000
OCC000085,Occidentis,Comes Africae,1090,Caputcellensis,limes,Praepositus,limitis Caputcellensis,,,,,,,Comes Africae / Comes Africae / Sub dispositione viri spectabilis comitis Africae / Limitanei,299007,Limes Caputcellensis,Caputcellensis,limes_anchor,0,,,unknown,,,,,,1.0,NO_POLYGON,0.000,EXACT_NO_CONTEXT,1.000
OCC000091,Occidentis,Comes Tingitaniae,1110,Tamuco,tail,Praefectus,alae Herculeae,,,,,,,Comes Tingitaniae / Comes Tingitaniae / Sub dispositione viri spectabilis comitis Tingitaniae / Limitanei,275732,Tamucus,Tamucus,original_case,0,35.559201,-5.411197,unknown,MAURETANIA TINGITANA,14,,,,1.0,NO_CONTEXT,0.000,EXACT_NO_CONTEXT,1.000
OCC000094,Occidentis,Comes Tingitaniae,1113,Castrabarensis,tail,Tribunus,cohortis primae Ityraeorum,,,,,,,Comes Tingitaniae / Comes Tingitaniae / Sub dispositione viri spectabilis comitis Tingitaniae / Limitanei,278602,Castrabariensis,Castrabarensis,original,0,,,unknown,,,,,,0.9333333333333333,NO_POLYGON,0.000,FUZZY_NO_CONTEXT,0.933
OCC000096,Occidentis,Comes Tingitaniae,1115,Pacatiana,tail,Tribunus,cohortis Pacatianensis,,,,,,,Comes Tingitaniae / Comes Tingitaniae / Sub dispositione viri spectabilis comitis Tingitaniae / Limitanei,278631,Pacatiana,Pacatiana,original,0,,,unknown,,,,,,1.0,NO_POLYGON,0.000,EXACT_NO_CONTEXT,1.000
OCC000098,Occidentis,Comes Tingitaniae,1117,Friglas,tail,Tribunus,cohortis Friglensis,,,,,,,Comes Tingitaniae / Comes Tingitaniae / Sub dispositione viri spectabilis comitis Tingitaniae / Limitanei,275629,Friglas,Friglas,original,0,34.96001,-6.150002,unknown,MAURETANIA TINGITANA,14,,,,1.0,NO_CONTEXT,0.000,EXACT_NO_CONTEXT,1.000
OCC000099,Occidentis,Comes litoris Saxonici per Britanniam,1137,Othonae,tail,Praepositus,numeri Fortensium,,,,,,,Comes litoris Saxonici per Britanniam / Comes litoris Saxonici per Britanniam / Sub dispositione viri spectabilis comitis litoris Saxonici per Britanniam,79631,Othona,Othona,original_case,0,51.724124,0.900334,unknown,BRITANNIAE I AND II,96,,,,1.0,NO_CONTEXT,0.000,EXACT_NO_CONTEXT,1.000
OCC000102,Occidentis,Comes litoris Saxonici per Britanniam,1140,Branoduno,tail,Praepositus,equitum Dalmatarum Branodunensium,,,,,,,Comes litoris Saxonici per Britanniam / Comes litoris Saxonici per Britanniam / Sub dispositione viri spectabilis comitis litoris Saxonici per Britanniam,79346,Branodunum,Branodunum,original_case,0,52.962911,0.636879,unknown,BRITANNIAE I AND II,96,,,,1.0,NO_CONTEXT,0.000,EXACT_NO_CONTEXT,1.000
OCC000104,Occidentis,Comes litoris Saxonici per Britanniam,1142,Regulbio,tail,Tribunus,cohortis primae Baetasiorum,,,,,,,Comes litoris Saxonici per Britanniam / Comes litoris Saxonici per Britanniam / Sub dispositione viri spectabilis comitis litoris Saxonici per Britanniam,79654,Regulbium,Regulbium,original_case,0,51.379537,1.199796,unknown,,,BRITANNIAE I AND II,96,0.06,1.0,NO_POLYGON,0.000,EXACT_NO_CONTEXT,1.000
OCC000106,Occidentis,Comes litoris Saxonici per Britanniam,1144,Anderidos,tail,Praepositus,numeri Abulcorum,,,,,,,Comes litoris Saxonici per Britanniam / Comes litoris Saxonici per Britanniam / Sub dispositione viri spectabilis comitis litoris Saxonici per Britanniam,79293,Anderidos,Anderidos,original,0,50.819309,0.334063,unknown,BRITANNIAE I AND II,96,,,,1.0,NO_CONTEXT,0.000,EXACT_NO_CONTEXT,1.000
OCC000107,Occidentis,Comes litoris Saxonici per Britanniam,1145,Portum Adurni,tail,Praepositus,numeri exploratorum,,,,,,,Comes litoris Saxonici per Britanniam / Comes litoris Saxonici per Britanniam / Sub dispositione viri spectabilis comitis litoris Saxonici per Britanniam,79645,Portus Adurni,Portum Adurni,original,0,50.838011,-1.114417,unknown,,,BRITANNIAE I AND II,96,0.69,0.9166666666666666,NO_POLYGON,0.000,FUZZY_NO_CONTEXT,0.917
OCC000108,Occidentis,Dux et praeses provinciae Mauritaniae,1173,Columnatensis,limes,Praepositus,limitis Columnatensis,et praesidis provinciae Mauritaniae et Caesariensis,,,et praesidis provinciae Mauritaniae et Caesariensis,et praesidis provinciae Mauritaniae et Caesariensis,,Dux et praeses provinciae Mauritaniae / Dux et praeses provinciae Mauritaniae / Sub dispositione viri spectabilis ducis et praesidis provinciae Mauritaniae et Caesariensis,285430,Columnata,Columnata,toponymic_ensis,1,35.470067,1.521582,unknown,MAURETANIA CAESARIENSIS,12,,,,1.0,SOFT_MATCH,1.000,CONTEXT_EXACT,1.000
OCC000109,Occidentis,Dux et praeses provinciae Mauritaniae,1174,Vidensis,limes,Praepositus,limitis Vidensis,et praesidis provinciae Mauritaniae et Caesariensis,,,et praesidis provinciae Mauritaniae et Caesariensis,et praesidis provinciae Mauritaniae et Caesariensis,,Dux et praeses provinciae Mauritaniae / Dux et praeses provinciae Mauritaniae / Sub dispositione viri spectabilis ducis et praesidis provinciae Mauritaniae et Caesariensis,197400,Vid,Vid,toponymic_ensis_stem,1,43.046389,17.598611,settlement,DALMATIA,72,,,,1.0,SOFT_MISMATCH,0.291,EXACT_NO_CONTEXT,1.000
OCC000112,Occidentis,Dux et praeses provinciae Mauritaniae,1177,Muticitani,limes,Praepositus,limitis Muticitani,et praesidis provinciae Mauritaniae et Caesariensis,,,et praesidis provinciae Mauritaniae et Caesariensis,et praesidis provinciae Mauritaniae et Caesariensis,,Dux et praeses provinciae Mauritaniae / Dux et praeses provinciae Mauritaniae / Sub dispositione viri spectabilis ducis et praesidis provinciae Mauritaniae et Caesariensis,289939,Limes Muticitanus,Limes Muticitanus,limes_title_case,0,,,unknown,,,,,,1.0,SOFT_UNVERIFIED,0.000,EXACT_NO_CONTEXT,1.000
OCC000114,Occidentis,Dux et praeses provinciae Mauritaniae,1179,Caputcellensis,limes,Praepositus,limitis Caputcellensis,et praesidis provinciae Mauritaniae et Caesariensis,,,et praesidis provinciae Mauritaniae et Caesariensis,et praesidis provinciae Mauritaniae et Caesariensis,,Dux et praeses provinciae Mauritaniae / Dux et praeses provinciae Mauritaniae / Sub dispositione viri spectabilis ducis et praesidis provinciae Mauritaniae et Caesariensis,299007,Limes Caputcellensis,Caputcellensis,limes_anchor,0,,,unknown,,,,,,1.0,SOFT_UNVERIFIED,0.000,EXACT_NO_CONTEXT,1.000
OCC000116,Occidentis,Dux provinciae Tripolitanae,1195,Talalatensis,limes,Praepositus,limitis Talalatensis,Tripolitanae,,,Tripolitanae,Tripolitanae,,Dux provinciae Tripolitanae / Dux provinciae Tripolitanae / Sub dispositione viri spectabilis ducis provinciae Tripolitanae,344498,Talalati,Talalatensis,toponymic_anchor,0,32.127233,13.099991,unknown,TRIPOLITANA,4,,,,1.0,SOFT_MATCH,1.000,CONTEXT_EXACT,1.000
OCC000119,Occidentis,Dux provinciae Tripolitanae,1198,Tillibarensis,limes,Praepositus,limitis Tillibarensis,Tripolitanae,,,Tripolitanae,Tripolitanae,,Dux provinciae Tripolitanae / Dux provinciae Tripolitanae / Sub dispositione viri spectabilis ducis provinciae Tripolitanae,344516,Tillibari,Tillibarensis,toponymic_anchor,0,32.31633,10.399072,unknown,TRIPOLITANA,4,,,,1.0,SOFT_MATCH,1.000,CONTEXT_EXACT,1.000
OCC000121,Occidentis,Dux provinciae Tripolitanae,1200,Maccomadensis,limes,Praepositus,limitis Maccomadensis,Tripolitanae,,,Tripolitanae,Tripolitanae,,Dux provinciae Tripolitanae / Dux provinciae Tripolitanae / Sub dispositione viri spectabilis ducis provinciae Tripolitanae,363959,Macomades,Macomades,toponymic_alias,0,31.205047,16.588337,unknown,TRIPOLITANA,4,,,,1.0,SOFT_MATCH,1.000,CONTEXT_EXACT,1.000
OCC000127,Occidentis,Dux provinciae Tripolitanae,1206,Leptitanis,castris,,Milites Fortenses in castris Leptitanis,Tripolitanae,,,Tripolitanae,Tripolitanae,,Dux provinciae Tripolitanae / Dux provinciae Tripolitanae / Sub dispositione viri spectabilis ducis provinciae Tripolitanae,344448,Lepcitani,Leptitanis,toponymic_anchor,0,32.636748,14.2922,unknown,TRIPOLITANA,4,,,,1.0,SOFT_MATCH,1.000,CONTEXT_EXACT,1.000
OCC000130,Occidentis,Dux Pannoniae,1223,Cornacii,tail,,Cuneus equitum scutariorum,Pannoniae secundae ripariensis et Saviae,,,Pannoniae secundae ripariensis et Saviae,Pannoniae secundae ripariensis et Saviae,,Dux Pannoniae / Dux Pannoniae / Sub dispositione viri spectabilis ducis provinciae Pannoniae secundae ripariensis et Saviae,197227,Cornacum,Cornacium,original_case,0,45.295094,19.09733,unknown,PANNONIA INFERIOR,76,,,,0.8888888888888888,SOFT_MATCH,1.000,,0.889
OCC000132,Occidentis,Dux Pannoniae,1225,Burgenas,tail,,Cuneus equitum Constantianorum,Pannoniae secundae ripariensis et Saviae,,,Pannoniae secundae ripariensis et Saviae,Pannoniae secundae ripariensis et Saviae,,Dux Pannoniae / Dux Pannoniae / Sub dispositione viri spectabilis ducis provinciae Pannoniae secundae ripariensis et Saviae,207001,Burgenae,Burgenae,original_case,0,44.949991,20.283336,unknown,PANNONIA INFERIOR,76,,,,1.0,SOFT_MATCH,1.000,CONTEXT_EXACT,1.000
OCC000134,Occidentis,Dux Pannoniae,1227,Aciminci,tail,,Cuneus equitum constantium,Pannoniae secundae ripariensis et Saviae,,,Pannoniae secundae ripariensis et Saviae,Pannoniae secundae ripariensis et Saviae,,Dux Pannoniae / Dux Pannoniae / Sub dispositione viri spectabilis ducis provinciae Pannoniae secundae ripariensis et Saviae,206874,Acumincum,Acimincum,original_case,0,45.13739,20.260639,unknown,,,PANNONIA INFERIOR,76,3.52,0.8888888888888888,SOFT_NEAR_MATCH,1.000,,0.889
OCC000139,Occidentis,Dux Pannoniae,1232,Cornaco,tail,,Equites Dalmatae,Pannoniae secundae ripariensis et Saviae,,,Pannoniae secundae ripariensis et Saviae,Pannoniae secundae ripariensis et Saviae,,Dux Pannoniae / Dux Pannoniae / Sub dispositione viri spectabilis ducis provinciae Pannoniae secundae ripariensis et Saviae,197227,Cornacum,Cornacum,original_case,0,45.295094,19.09733,unknown,PANNONIA INFERIOR,76,,,,1.0,SOFT_MATCH,1.000,CONTEXT_EXACT,1.000
OCC000142,Occidentis,Dux Pannoniae,1235,Cusi,tail,,Equites Dalmatae,Pannoniae secundae ripariensis et Saviae,,,Pannoniae secundae ripariensis et Saviae,Pannoniae secundae ripariensis et Saviae,,Dux Pannoniae / Dux Pannoniae / Sub dispositione viri spectabilis ducis provinciae Pannoniae secundae ripariensis et Saviae,207061,Cusum,Cusum,original_case,0,45.252328,19.861946,unknown,PANNONIA INFERIOR,76,,,,1.0,SOFT_MATCH,1.000,CONTEXT_EXACT,1.000
OCC000145,Occidentis,Dux Pannoniae,1238,Burgentas,tail,,Equites Dalmatae,Pannoniae secundae ripariensis et Saviae,,,Pannoniae secundae ripariensis et Saviae,Pannoniae secundae ripariensis et Saviae,,Dux Pannoniae / Dux Pannoniae / Sub dispositione viri spectabilis ducis provinciae Pannoniae secundae ripariensis et Saviae,207001,Burgenae,Burgentae,original_case,0,44.949991,20.283336,unknown,PANNONIA INFERIOR,76,,,,0.875,SOFT_MATCH,1.000,,0.875
OCC000146,Occidentis,Dux Pannoniae,1239,Tauruno,tail,,Equites promoti,Pannoniae secundae ripariensis et Saviae,,,Pannoniae secundae ripariensis et Saviae,Pannoniae secundae ripariensis et Saviae,,Dux Pannoniae / Dux Pannoniae / Sub dispositione viri spectabilis ducis provinciae Pannoniae secundae ripariensis et Saviae,207488,Taurunum,Taurunum,original_case,0,44.835966,20.411502,unknown,MOESIA SUPERIOR,70,,,,1.0,SOFT_MISMATCH,0.317,EXACT_NO_CONTEXT,1.000
OCC000150,Occidentis,Dux Pannoniae,1242,Onagrino,castello,,Auxilia Augustensia,Pannoniae secundae ripariensis et Saviae,,,Pannoniae secundae ripariensis et Saviae,Pannoniae secundae ripariensis et Saviae,,Dux Pannoniae / Dux Pannoniae / Sub dispositione viri spectabilis ducis provinciae Pannoniae secundae ripariensis et Saviae,207320,Onagrinum,Onagrinum,original_case,0,45.236152,19.624394,unknown,PANNONIA INFERIOR,76,,,,1.0,SOFT_MATCH,1.000,CONTEXT_EXACT,1.000
OCC000152,Occidentis,Dux Pannoniae,1244,Tauruno,tail,,Auxilia ascarii,Pannoniae secundae ripariensis et Saviae,,,Pannoniae secundae ripariensis et Saviae,Pannoniae secundae ripariensis et Saviae,,Dux Pannoniae / Dux Pannoniae / Sub dispositione viri spectabilis ducis provinciae Pannoniae secundae ripariensis et Saviae,207488,Taurunum,Taurunum,original_case,0,44.835966,20.411502,unknown,MOESIA SUPERIOR,70,,,,1.0,SOFT_MISMATCH,0.317,EXACT_NO_CONTEXT,1.000
OCC000153,Occidentis,Dux Pannoniae,1244,Marsonia,tail,,Auxilia ascarii,Pannoniae secundae ripariensis et Saviae,,,Pannoniae secundae ripariensis et Saviae,Pannoniae secundae ripariensis et Saviae,,Dux Pannoniae / Dux Pannoniae / Sub dispositione viri spectabilis ducis provinciae Pannoniae secundae ripariensis et Saviae,197371,Marsonia,Marsonia,original,0,45.161708,18.018769,unknown,SAVIA,79,,,,1.0,SOFT_MATCH,1.000,CONTEXT_EXACT,1.000
OCC000155,Occidentis,Dux Pannoniae,1247,Burgenas,tail,Praefectus,legionis quintae Ioviae,Pannoniae secundae ripariensis et Saviae,,,Pannoniae secundae ripariensis et Saviae,Pannoniae secundae ripariensis et Saviae,,Dux Pannoniae / Dux Pannoniae / Sub dispositione viri spectabilis ducis provinciae Pannoniae secundae ripariensis et Saviae,207001,Burgenae,Burgenae,original_case,0,44.949991,20.283336,unknown,PANNONIA INFERIOR,76,,,,1.0,SOFT_MATCH,1.000,CONTEXT_EXACT,1.000
OCC000157,Occidentis,Dux Pannoniae,1249,in castello Onagrino,tail,Praefectus,legionis quintae Ioviae et sextae Herculeae,Pannoniae secundae ripariensis et Saviae,,,Pannoniae secundae ripariensis et Saviae,Pannoniae secundae ripariensis et Saviae,,Dux Pannoniae / Dux Pannoniae / Sub dispositione viri spectabilis ducis provinciae Pannoniae secundae ripariensis et Saviae,207320,Onagrinum,Onagrinum,in_castello_case,0,45.236152,19.624394,unknown,PANNONIA INFERIOR,76,,,,1.0,SOFT_MATCH,1.000,CONTEXT_EXACT,1.000
OCC000158,Occidentis,Dux Pannoniae,1250,Sirmi,tail,Praefectus,militum Calcariensium,Pannoniae secundae ripariensis et Saviae,,,Pannoniae secundae ripariensis et Saviae,Pannoniae secundae ripariensis et Saviae,,Dux Pannoniae / Dux Pannoniae / Sub dispositione viri spectabilis ducis provinciae Pannoniae secundae ripariensis et Saviae,383781,Sirmio,Sirmio,original_case,0,45.492485,10.60805,settlement,VENETIA ET HISTRIA,80,,,,1.0,SOFT_MISMATCH,0.356,EXACT_NO_CONTEXT,1.000
OCC000159,Occidentis,Dux Pannoniae,1251,Sirmi,tail,Praefectus,classis primae Flaviae Augustae,Pannoniae secundae ripariensis et Saviae,,,Pannoniae secundae ripariensis et Saviae,Pannoniae secundae ripariensis et Saviae,,Dux Pannoniae / Dux Pannoniae / Sub dispositione viri spectabilis ducis provinciae Pannoniae secundae ripariensis et Saviae,383781,Sirmio,Sirmio,original_case,0,45.492485,10.60805,settlement,VENETIA ET HISTRIA,80,,,,1.0,SOFT_MISMATCH,0.356,EXACT_NO_CONTEXT,1.000
OCC000160,Occidentis,Dux Pannoniae,1252,Graio,tail,Praefectus,classis secundae Flaviae,Pannoniae secundae ripariensis et Saviae,,,Pannoniae secundae ripariensis et Saviae,Pannoniae secundae ripariensis et Saviae,,Dux Pannoniae / Dux Pannoniae / Sub dispositione viri spectabilis ducis provinciae Pannoniae secundae ripariensis et Saviae,203127,Graium,Graium,original_case,0,,,unknown,,,,,,1.0,SOFT_UNVERIFIED,0.000,EXACT_NO_CONTEXT,1.000
OCC000161,Occidentis,Dux Pannoniae,1253,Mursae,tail,Praefectus,classis Histricae,Pannoniae secundae ripariensis et Saviae,,,Pannoniae secundae ripariensis et Saviae,Pannoniae secundae ripariensis et Saviae,,Dux Pannoniae / Dux Pannoniae / Sub dispositione viri spectabilis ducis provinciae Pannoniae secundae ripariensis et Saviae,197389,Mursa,Mursa,original_case,0,45.560018,18.675749,unknown,PANNONIA INFERIOR,76,,,,1.0,SOFT_MATCH,1.000,CONTEXT_EXACT,1.000
OCC000162,Occidentis,Dux Pannoniae,1255,Sirmi,tail,,Ala Sirmensis,Pannoniae secundae ripariensis et Saviae,,,Pannoniae secundae ripariensis et Saviae,Pannoniae secundae ripariensis et Saviae,,Dux Pannoniae / Dux Pannoniae / Sub dispositione viri spectabilis ducis provinciae Pannoniae secundae ripariensis et Saviae,383781,Sirmio,Sirmio,original_case,0,45.492485,10.60805,settlement,VENETIA ET HISTRIA,80,,,,1.0,SOFT_MISMATCH,0.356,EXACT_NO_CONTEXT,1.000
OCC000163,Occidentis,Dux Pannoniae,1256,Seruitii,tail,Praefectus,classis primae Pannonicae,Pannoniae secundae ripariensis et Saviae,,,Pannoniae secundae ripariensis et Saviae,Pannoniae secundae ripariensis et Saviae,,Dux Pannoniae / Dux Pannoniae / Sub dispositione viri spectabilis ducis provinciae Pannoniae secundae ripariensis et Saviae,197509,Servitium,Seruitium,original_case,0,45.151471,17.25609,unknown,SAVIA,79,,,,1.0,SOFT_MATCH,1.000,CONTEXT_FUZZY,1.000
OCC000165,Occidentis,Dux Pannoniae,1258,Sisciae,tail,Tribunus,cohortis tertiae Alpinorum,Pannoniae secundae ripariensis et Saviae,,,Pannoniae secundae ripariensis et Saviae,Pannoniae secundae ripariensis et Saviae,,Dux Pannoniae / Dux Pannoniae / Sub dispositione viri spectabilis ducis provinciae Pannoniae secundae ripariensis et Saviae,197504,Siscia,Siscia,original_case,0,45.483168,16.371388,unknown,SAVIA,79,,,,1.0,SOFT_MATCH,1.000,CONTEXT_EXACT,1.000
OCC000169,Occidentis,Dux provinciae Valeriae,1275,Intercisa,tail,,Cuneus equitum Dalmatarum,Valeriae ripensis,,,Valeriae ripensis,Valeriae ripensis,,Dux provinciae Valeriae / Dux provinciae Valeriae / Sub dispositione viri spectabilis ducis provinciae Valeriae ripensis,197323,Intercisa,Intercisa,original,0,46.974661,18.937209,unknown,,,VALERIA,85,10.81,1.0,SOFT_NEAR_MATCH,1.000,CONTEXT_NEAR_EXACT,1.000
OCC000170,Occidentis,Dux provinciae Valeriae,1276,Lusionio,tail,,Cuneus equitum Constantianorum,Valeriae ripensis,,,Valeriae ripensis,Valeriae ripensis,,Dux provinciae Valeriae / Dux provinciae Valeriae / Sub dispositione viri spectabilis ducis provinciae Valeriae ripensis,197362,Lussonium,Lusionium,original_case,0,46.656784,18.881709,unknown,,,VALERIA,85,9.86,0.8888888888888888,SOFT_NEAR_MATCH,1.000,,0.889
OCC000171,Occidentis,Dux provinciae Valeriae,1276,Intercisa,alternate,,Cuneus equitum Constantianorum,Valeriae ripensis,,,Valeriae ripensis,Valeriae ripensis,,Dux provinciae Valeriae / Dux provinciae Valeriae / Sub dispositione viri spectabilis ducis provinciae Valeriae ripensis,197323,Intercisa,Intercisa,original,0,46.974661,18.937209,unknown,,,VALERIA,85,10.81,1.0,SOFT_NEAR_MATCH,1.000,CONTEXT_NEAR_EXACT,1.000
OCC000172,Occidentis,Dux provinciae Valeriae,1277,Ripa Alta,tail,,Cuneus equitum stablesianorum,Valeriae ripensis,,,Valeriae ripensis,Valeriae ripensis,,Dux provinciae Valeriae / Dux provinciae Valeriae / Sub dispositione viri spectabilis ducis provinciae Valeriae ripensis,270365,Ripa,Ripa,first_word,1,,,unknown,,,,,,1.0,SOFT_UNVERIFIED,0.000,EXACT_NO_CONTEXT,1.000
OCC000174,Occidentis,Dux provinciae Valeriae,1278,Altino,tail,,Cuneus equitum Fortensium,Valeriae ripensis,,,Valeriae ripensis,Valeriae ripensis,,Dux provinciae Valeriae / Dux provinciae Valeriae / Sub dispositione viri spectabilis ducis provinciae Valeriae ripensis,197110,Altinum,Altinum,original_case,0,45.956108,18.683919,fort,VALERIA,85,,,,1.0,SOFT_MATCH,1.000,CONTEXT_EXACT,1.000
OCC000176,Occidentis,Dux provinciae Valeriae,1280,Crumero,tail,,Equites promoti,Valeriae ripensis,,,Valeriae ripensis,Valeriae ripensis,,Dux provinciae Valeriae / Dux provinciae Valeriae / Sub dispositione viri spectabilis ducis provinciae Valeriae ripensis,197232,Crumerum,Crumerum,original_case,0,47.758799,18.538585,unknown,PANNONIA SUPERIOR,86,,,,1.0,SOFT_MISMATCH,0.312,EXACT_NO_CONTEXT,1.000
OCC000177,Occidentis,Dux provinciae Valeriae,1281,Solua,tail,,Equites Mauri,Valeriae ripensis,,,Valeriae ripensis,Valeriae ripensis,,Dux provinciae Valeriae / Dux provinciae Valeriae / Sub dispositione viri spectabilis ducis provinciae Valeriae ripensis,197519,Solva,Solua,original,0,47.793351,18.741986,unknown,VALERIA,85,,,,1.0,SOFT_MATCH,1.000,CONTEXT_FUZZY,1.000
OCC000179,Occidentis,Dux provinciae Valeriae,1283,Cirpi,tail,,Equites Dalmatae,Valeriae ripensis,,,Valeriae ripensis,Valeriae ripensis,,Dux provinciae Valeriae / Dux provinciae Valeriae / Sub dispositione viri spectabilis ducis provinciae Valeriae ripensis,197208,Cirpi,Cirpi,original,0,47.794589,19.034743,unknown,,,VALERIA,85,5.13,1.0,SOFT_NEAR_MATCH,1.000,CONTEXT_NEAR_EXACT,1.000
OCC000181,Occidentis,Dux provinciae Valeriae,1285,Campona,tail,,Equites Dalmatae,Valeriae ripensis,,,Valeriae ripensis,Valeriae ripensis,,Dux provinciae Valeriae / Dux provinciae Valeriae / Sub dispositione viri spectabilis ducis provinciae Valeriae ripensis,197187,Campona,Campona,original,0,47.393234,18.984598,unknown,,,VALERIA,85,12.64,1.0,SOFT_NEAR_MATCH,1.000,CONTEXT_NEAR_EXACT,1.000
OCC000183,Occidentis,Dux provinciae Valeriae,1287,Vetusalinae,tail,,Equites Dalmatae,Valeriae ripensis,,,Valeriae ripensis,Valeriae ripensis,,Dux provinciae Valeriae / Dux provinciae Valeriae / Sub dispositione viri spectabilis ducis provinciae Valeriae ripensis,197580,Vetus Salina,Vetusalina,original_case,0,47.119577,18.86527,unknown,,,VALERIA,85,4.73,0.9090909090909091,SOFT_NEAR_MATCH,1.000,CONTEXT_NEAR_FUZZY,0.909
OCC000184,Occidentis,Dux provinciae Valeriae,1288,Intercisa,tail,,Equites sagittarii,Valeriae ripensis,,,Valeriae ripensis,Valeriae ripensis,,Dux provinciae Valeriae / Dux provinciae Valeriae / Sub dispositione viri spectabilis ducis provinciae Valeriae ripensis,197323,Intercisa,Intercisa,original,0,46.974661,18.937209,unknown,,,VALERIA,85,10.81,1.0,SOFT_NEAR_MATCH,1.000,CONTEXT_NEAR_EXACT,1.000
OCC000186,Occidentis,Dux provinciae Valeriae,1290,Lussonio,tail,,Equites Dalmatae,Valeriae ripensis,,,Valeriae ripensis,Valeriae ripensis,,Dux provinciae Valeriae / Dux provinciae Valeriae / Sub dispositione viri spectabilis ducis provinciae Valeriae ripensis,197362,Lussonium,Lussonium,original_case,0,46.656784,18.881709,unknown,,,VALERIA,85,9.86,1.0,SOFT_NEAR_MATCH,1.000,CONTEXT_NEAR_EXACT,1.000
OCC000187,Occidentis,Dux provinciae Valeriae,1291,Ripa Alta,tail,,Equites Dalmatae,Valeriae ripensis,,,Valeriae ripensis,Valeriae ripensis,,Dux provinciae Valeriae / Dux provinciae Valeriae / Sub dispositione viri spectabilis ducis provinciae Valeriae ripensis,270365,Ripa,Ripa,first_word,1,,,unknown,,,,,,1.0,SOFT_UNVERIFIED,0.000,EXACT_NO_CONTEXT,1.000
OCC000188,Occidentis,Dux provinciae Valeriae,1292,Ad Statuas,tail,,Equites Dalmatae,Valeriae ripensis,,,Valeriae ripensis,Valeriae ripensis,,Dux provinciae Valeriae / Dux provinciae Valeriae / Sub dispositione viri spectabilis ducis provinciae Valeriae ripensis,197085,Ad Statuas,Ad Statuas,original,0,46.248772,18.686978,unknown,,,VALERIA,85,0.84,1.0,SOFT_NEAR_MATCH,1.000,CONTEXT_NEAR_EXACT,1.000
OCC000189,Occidentis,Dux provinciae Valeriae,1293,Florentiae,tail,,Equites Dalmatae,Valeriae ripensis,,,Valeriae ripensis,Valeriae ripensis,,Dux provinciae Valeriae / Dux provinciae Valeriae / Sub dispositione viri spectabilis ducis provinciae Valeriae ripensis,197360,Florentia,Florentia,original_case,0,46.081535,18.758743,unknown,,,VALERIA,85,8.32,1.0,SOFT_NEAR_MATCH,1.000,CONTEXT_NEAR_EXACT,1.000
OCC000190,Occidentis,Dux provinciae Valeriae,1294,Altino,tail,,Equites sagittarii,Valeriae ripensis,,,Valeriae ripensis,Valeriae ripensis,in burgo contra Florentiam,Dux provinciae Valeriae / Dux provinciae Valeriae / Sub dispositione viri spectabilis ducis provinciae Valeriae ripensis,197110,Altinum,Altinum,original_case,0,45.956108,18.683919,fort,VALERIA,85,,,,1.0,SOFT_MATCH,1.000,CONTEXT_EXACT,1.000
OCC000191,Occidentis,Dux provinciae Valeriae,1295,Ad Militare,tail,,Equites Flavianenses,Valeriae ripensis,,,Valeriae ripensis,Valeriae ripensis,,Dux provinciae Valeriae / Dux provinciae Valeriae / Sub dispositione viri spectabilis ducis provinciae Valeriae ripensis,197073,Ad Militare,Ad Militare,original,0,45.850803,18.85223,unknown,,,VALERIA,85,1.77,1.0,SOFT_NEAR_MATCH,1.000,CONTEXT_NEAR_EXACT,1.000
OCC000193,Occidentis,Dux provinciae Valeriae,1297,Pone Navata,tail,,Auxilia Ursarensia,Valeriae ripensis,,,Valeriae ripensis,Valeriae ripensis,,Dux provinciae Valeriae / Dux provinciae Valeriae / Sub dispositione viri spectabilis ducis provinciae Valeriae ripensis,197452,Ponte Navata,Pone Navata,original,0,47.798208,18.980086,fort,,,VALERIA,85,1.16,0.9090909090909091,SOFT_NEAR_MATCH,1.000,CONTEXT_NEAR_FUZZY,0.909
OCC000194,Occidentis,Dux provinciae Valeriae,1297,Ad Statuas,alternate,,Auxilia Ursarensia,Valeriae ripensis,,,Valeriae ripensis,Valeriae ripensis,,Dux provinciae Valeriae / Dux provinciae Valeriae / Sub dispositione viri spectabilis ducis provinciae Valeriae ripensis,197085,Ad Statuas,Ad Statuas,original,0,46.248772,18.686978,unknown,,,VALERIA,85,0.84,1.0,SOFT_NEAR_MATCH,1.000,CONTEXT_NEAR_EXACT,1.000
OCC000196,Occidentis,Dux provinciae Valeriae,1300,Cardabiaca,tail,,Auxilia insidiatorum,Valeriae ripensis,,,Valeriae ripensis,Valeriae ripensis,,Dux provinciae Valeriae / Dux provinciae Valeriae / Sub dispositione viri spectabilis ducis provinciae Valeriae ripensis,197283,Cardabiaca,Cardabiaca,original,0,47.724319,18.660225,unknown,VALERIA,85,,,,1.0,SOFT_MATCH,1.000,CONTEXT_EXACT,1.000
OCC000198,Occidentis,Dux provinciae Valeriae,1302,Aliscae,tail,Praefectus,legionis secundae adiutricis cohortis quintae partis superioris,Valeriae ripensis,,,Valeriae ripensis,Valeriae ripensis,,Dux provinciae Valeriae / Dux provinciae Valeriae / Sub dispositione viri spectabilis ducis provinciae Valeriae ripensis,197103,Alisca,Alisca,original_case,0,46.312562,18.757918,unknown,,,VALERIA,85,0.31,1.0,SOFT_NEAR_MATCH,1.000,CONTEXT_NEAR_EXACT,1.000
OCC000199,Occidentis,Dux provinciae Valeriae,1303,Florentiae,tail,Praefectus,legionis secundae adiutricis partis inferioris,Valeriae ripensis,,,Valeriae ripensis,Valeriae ripensis,,Dux provinciae Valeriae / Dux provinciae Valeriae / Sub dispositione viri spectabilis ducis provinciae Valeriae ripensis,197360,Florentia,Florentia,original_case,0,46.081535,18.758743,unknown,,,VALERIA,85,8.32,1.0,SOFT_NEAR_MATCH,1.000,CONTEXT_NEAR_EXACT,1.000
OCC000201,Occidentis,Dux provinciae Valeriae,1306,Cirpi,tail,Praefectus,legionis secundae adiutricis,Valeriae ripensis,,,Valeriae ripensis,Valeriae ripensis,,Dux provinciae Valeriae / Dux provinciae Valeriae / Sub dispositione viri spectabilis ducis provinciae Valeriae ripensis,197208,Cirpi,Cirpi,original,0,47.794589,19.034743,unknown,,,VALERIA,85,5.13,1.0,SOFT_NEAR_MATCH,1.000,CONTEXT_NEAR_EXACT,1.000
OCC000202,Occidentis,Dux provinciae Valeriae,1307,Lussonio,tail,Praefectus,legionis secundae adiutricis,Valeriae ripensis,,,Valeriae ripensis,Valeriae ripensis,,Dux provinciae Valeriae / Dux provinciae Valeriae / Sub dispositione viri spectabilis ducis provinciae Valeriae ripensis,197362,Lussonium,Lussonium,original_case,0,46.656784,18.881709,unknown,,,VALERIA,85,9.86,1.0,SOFT_NEAR_MATCH,1.000,CONTEXT_NEAR_EXACT,1.000
OCC000203,Occidentis,Dux provinciae Valeriae,1308,Florentiae,tail,Praefectus,classis Histricae,Valeriae ripensis,,,Valeriae ripensis,Valeriae ripensis,,Dux provinciae Valeriae / Dux provinciae Valeriae / Sub dispositione viri spectabilis ducis provinciae Valeriae ripensis,197360,Florentia,Florentia,original_case,0,46.081535,18.758743,unknown,,,VALERIA,85,8.32,1.0,SOFT_NEAR_MATCH,1.000,CONTEXT_NEAR_EXACT,1.000
OCC000212,Occidentis,Dux Pannoniae primae,1330,Arrabonae,tail,,Cuneus equitum stablesianorum,Pannoniae et Norici ripensis,,,Pannoniae et Norici ripensis,Pannoniae et Norici ripensis,,Dux Pannoniae primae / Dux Pannoniae primae / Sub dispositione viri spectabilis ducis Pannoniae et Norici ripensis,197141,Arrabona,Arrabona,original_case,0,47.5,17.5,unknown,PANNONIA SUPERIOR,86,,,,1.0,SOFT_MATCH,1.000,CONTEXT_EXACT,1.000
OCC000213,Occidentis,Dux Pannoniae primae,1331,Arrabonae,tail,,Equites promoti,Pannoniae et Norici ripensis,,,Pannoniae et Norici ripensis,Pannoniae et Norici ripensis,,Dux Pannoniae primae / Dux Pannoniae primae / Sub dispositione viri spectabilis ducis Pannoniae et Norici ripensis,197141,Arrabona,Arrabona,original_case,0,47.5,17.5,unknown,PANNONIA SUPERIOR,86,,,,1.0,SOFT_MATCH,1.000,CONTEXT_EXACT,1.000
OCC000215,Occidentis,Dux Pannoniae primae,1333,Ala Nova,tail,,Equites Dalmatae,Pannoniae et Norici ripensis,,,Pannoniae et Norici ripensis,Pannoniae et Norici ripensis,,Dux Pannoniae primae / Dux Pannoniae primae / Sub dispositione viri spectabilis ducis Pannoniae et Norici ripensis,128354,Ala Nova,Ala Nova,original,0,48.141031,16.477115,unknown,PANNONIA SUPERIOR,86,,,,1.0,SOFT_MATCH,1.000,CONTEXT_EXACT,1.000
OCC000220,Occidentis,Dux Pannoniae primae,1338,Quadrato,tail,,Equites Mauri,Pannoniae et Norici ripensis,,,Pannoniae et Norici ripensis,Pannoniae et Norici ripensis,,Dux Pannoniae primae / Dux Pannoniae primae / Sub dispositione viri spectabilis ducis Pannoniae et Norici ripensis,197463,Quadrata,Quadrato,original,0,47.736147,17.390445,unknown,PANNONIA SUPERIOR,86,,,,0.875,SOFT_MATCH,1.000,,0.875
OCC000222,Occidentis,Dux Pannoniae primae,1341,Carnunto,tail,Praefectus,legionis quartaedecimaegeminae militum liburnariorum cohortis quintae partis superior,Pannoniae et Norici ripensis,,,Pannoniae et Norici ripensis,Pannoniae et Norici ripensis,,Dux Pannoniae primae / Dux Pannoniae primae / Sub dispositione viri spectabilis ducis Pannoniae et Norici ripensis,128376,Carnuntum,Carnuntum,original_case,0,48.113346,16.867891,unknown,PANNONIA SUPERIOR,86,,,,1.0,SOFT_MATCH,1.000,CONTEXT_EXACT,1.000
OCC000223,Occidentis,Dux Pannoniae primae,1342,Arrabonae,tail,Praefectus,legionis decimae et quartaedecimaegeminae geminarum militum liburnariorum,Pannoniae et Norici ripensis,,,Pannoniae et Norici ripensis,Pannoniae et Norici ripensis,,Dux Pannoniae primae / Dux Pannoniae primae / Sub dispositione viri spectabilis ducis Pannoniae et Norici ripensis,197141,Arrabona,Arrabona,original_case,0,47.5,17.5,unknown,PANNONIA SUPERIOR,86,,,,1.0,SOFT_MATCH,1.000,CONTEXT_EXACT,1.000
OCC000227,Occidentis,Dux Pannoniae primae,1346,Ad Mauros,tail,,Equites promoti,Pannoniae et Norici ripensis,,,Pannoniae et Norici ripensis,Pannoniae et Norici ripensis,,Dux Pannoniae primae / Dux Pannoniae primae / Sub dispositione viri spectabilis ducis Pannoniae et Norici ripensis,118543,Ad Mauros,Ad Mauros,original,0,48.308623,14.023625,unknown,NORICUM RIPENSE,89,,,,1.0,SOFT_MATCH,1.000,CONTEXT_EXACT,1.000
OCC000228,Occidentis,Dux Pannoniae primae,1347,Lentiae,tail,,Equites sagittarii,Pannoniae et Norici ripensis,,,Pannoniae et Norici ripensis,Pannoniae et Norici ripensis,,Dux Pannoniae primae / Dux Pannoniae primae / Sub dispositione viri spectabilis ducis Pannoniae et Norici ripensis,118803,Lentia,Lentia,original_case,0,48.306072,14.286293,unknown,NORICUM RIPENSE,89,,,,1.0,SOFT_MATCH,1.000,CONTEXT_EXACT,1.000
OCC000230,Occidentis,Dux Pannoniae primae,1349,Arlape,tail,,Equites Dalmatae,Pannoniae et Norici ripensis,,,Pannoniae et Norici ripensis,Pannoniae et Norici ripensis,,Dux Pannoniae primae / Dux Pannoniae primae / Sub dispositione viri spectabilis ducis Pannoniae et Norici ripensis,118571,Arlape,Arlape,original,0,48.211913,15.208959,unknown,NORICUM RIPENSE,89,,,,1.0,SOFT_MATCH,1.000,CONTEXT_EXACT,1.000
OCC000231,Occidentis,Dux Pannoniae primae,1350,Augustianis,tail,,Equites Dalmatae,Pannoniae et Norici ripensis,,,Pannoniae et Norici ripensis,Pannoniae et Norici ripensis,,Dux Pannoniae primae / Dux Pannoniae primae / Sub dispositione viri spectabilis ducis Pannoniae et Norici ripensis,118581,Augustiana,Augustianae,original_case,0,48.351096,15.743137,unknown,NORICUM RIPENSE,89,,,,0.9,SOFT_MATCH,1.000,CONTEXT_FUZZY,0.900
OCC000232,Occidentis,Dux Pannoniae primae,1351,Comagenis,tail,,Equites promoti,Pannoniae et Norici ripensis,,,Pannoniae et Norici ripensis,Pannoniae et Norici ripensis,,Dux Pannoniae primae / Dux Pannoniae primae / Sub dispositione viri spectabilis ducis Pannoniae et Norici ripensis,128385,Comagena,Comagenae,original_case,0,48.330987,16.052027,unknown,NORICUM RIPENSE,89,,,,0.875,SOFT_MATCH,1.000,,0.875
OCC000233,Occidentis,Dux Pannoniae primae,1352,Ioviaco,tail,Praefectus,legionis secundae Italicae militum liburnariorum,Pannoniae et Norici ripensis,,,Pannoniae et Norici ripensis,Pannoniae et Norici ripensis,,Dux Pannoniae primae / Dux Pannoniae primae / Sub dispositione viri spectabilis ducis Pannoniae et Norici ripensis,118761,Ioviacum,Ioviacum,original_case,0,48.424004,13.871117,unknown,NORICUM RIPENSE,89,,,,1.0,SOFT_MATCH,1.000,CONTEXT_EXACT,1.000
OCC000234,Occidentis,Dux Pannoniae primae,1353,Lentiae,tail,Praefectus,legionis secundae Italicae partis inferioris,Pannoniae et Norici ripensis,,,Pannoniae et Norici ripensis,Pannoniae et Norici ripensis,,Dux Pannoniae primae / Dux Pannoniae primae / Sub dispositione viri spectabilis ducis Pannoniae et Norici ripensis,118803,Lentia,Lentia,original_case,0,48.306072,14.286293,unknown,NORICUM RIPENSE,89,,,,1.0,SOFT_MATCH,1.000,CONTEXT_EXACT,1.000
OCC000235,Occidentis,Dux Pannoniae primae,1354,Lauriaco,tail,Praefectus,legionis secundae Italicae,Pannoniae et Norici ripensis,,,Pannoniae et Norici ripensis,Pannoniae et Norici ripensis,,Dux Pannoniae primae / Dux Pannoniae primae / Sub dispositione viri spectabilis ducis Pannoniae et Norici ripensis,118802,Lauriacum,Lauriacum,original_case,0,48.220692,14.465958,unknown,NORICUM RIPENSE,89,,,,1.0,SOFT_MATCH,1.000,CONTEXT_EXACT,1.000
OCC000236,Occidentis,Dux Pannoniae primae,1355,Adiuuense,tail,Praefectus,legionis primae Noricorum militum liburnariorum cohortis Quintae partis superioris,Pannoniae et Norici ripensis,,,Pannoniae et Norici ripensis,Pannoniae et Norici ripensis,,Dux Pannoniae primae / Dux Pannoniae primae / Sub dispositione viri spectabilis ducis Pannoniae et Norici ripensis,118541,Ad Iuvense,Adiuuense,original,0,48.167341,14.715782,unknown,NORICUM RIPENSE,89,,,,1.0,SOFT_MATCH,1.000,CONTEXT_FUZZY,1.000
OCC000239,Occidentis,Dux Pannoniae primae,1360,Austuris,tail,Tribunus,cohortis,Pannoniae et Norici ripensis,,,Pannoniae et Norici ripensis,Pannoniae et Norici ripensis,,Dux Pannoniae primae / Dux Pannoniae primae / Sub dispositione viri spectabilis ducis Pannoniae et Norici ripensis,118577,Asturis,Austuris,original,0,48.344636,15.910311,unknown,NORICUM RIPENSE,89,,,,0.875,SOFT_MATCH,1.000,,0.875
OCC000240,Occidentis,Dux Pannoniae primae,1361,Cannabiaca,tail,Tribunus,cohortis,Pannoniae et Norici ripensis,,,Pannoniae et Norici ripensis,Pannoniae et Norici ripensis,,Dux Pannoniae primae / Dux Pannoniae primae / Sub dispositione viri spectabilis ducis Pannoniae et Norici ripensis,128375,Cannabiaca,Cannabiaca,original,0,48.329013,16.177392,unknown,NORICUM RIPENSE,89,,,,1.0,SOFT_MATCH,1.000,CONTEXT_EXACT,1.000
OCC000244,Occidentis,Dux Raetiae,1377,Submuntorio,tail,,Equites stablesiani iuniores,Raetiae primae et secundae,,,Raetiae primae et secundae,Raetiae primae et secundae,,Dux Raetiae / Dux Raetiae / Sub dispositione viri spectabilis ducis provinciae Raetiae primae et secundae,118986,Summuntorium,Submuntorium,original_case,0,48.646252,10.8264,unknown,RAETIA,90,,,,0.9166666666666666,SOFT_MATCH,1.000,CONTEXT_FUZZY,0.917
OCC000245,Occidentis,Dux Raetiae,1378,Castra Regina,tail,Praefectus,legionis tertiae Italicae partis superioris,Raetiae primae et secundae,,,Raetiae primae et secundae,Raetiae primae et secundae,,Dux Raetiae / Dux Raetiae / Sub dispositione viri spectabilis ducis provinciae Raetiae primae et secundae,118929,Castra Regina,Castra Regina,original,0,49.016496,12.100904,unknown,RAETIA,90,,,,1.0,SOFT_MATCH,1.000,CONTEXT_EXACT,1.000
OCC000246,Occidentis,Dux Raetiae,1378,Vallato,alternate,Praefectus,legionis tertiae Italicae partis superioris,Raetiae primae et secundae,,,Raetiae primae et secundae,Raetiae primae et secundae,,Dux Raetiae / Dux Raetiae / Sub dispositione viri spectabilis ducis provinciae Raetiae primae et secundae,119017,Vallatum,Vallatum,original_case,0,48.717024,11.493325,unknown,RAETIA,90,,,,1.0,SOFT_MATCH,1.000,CONTEXT_EXACT,1.000
OCC000247,Occidentis,Dux Raetiae,1379,Submuntorio,tail,Praefectus,legionis tertiae Italicae partis superioris deputatae ripae primae,Raetiae primae et secundae,,,Raetiae primae et secundae,Raetiae primae et secundae,,Dux Raetiae / Dux Raetiae / Sub dispositione viri spectabilis ducis provinciae Raetiae primae et secundae,118986,Summuntorium,Submuntorium,original_case,0,48.646252,10.8264,unknown,RAETIA,90,,,,0.9166666666666666,SOFT_MATCH,1.000,CONTEXT_FUZZY,0.917
OCC000249,Occidentis,Dux Raetiae,1381,Guntiae,tail,Praefectus,militum Ursariensium,Raetiae primae et secundae,,,Raetiae primae et secundae,Raetiae primae et secundae,,Dux Raetiae / Dux Raetiae / Sub dispositione viri spectabilis ducis provinciae Raetiae primae et secundae,118716,Guntia,Guntia,original_case,0,48.454426,10.281491,unknown,,,RAETIA,90,18.56,1.0,SOFT_UNVERIFIED,0.000,EXACT_NO_CONTEXT,1.000
OCC000251,Occidentis,Dux Raetiae,1383,Teriolis,tail,Praefectus,legionis tertiae Italicae transvectioni specierum deputatae,Raetiae primae et secundae,,,Raetiae primae et secundae,Raetiae primae et secundae,,Dux Raetiae / Dux Raetiae / Sub dispositione viri spectabilis ducis provinciae Raetiae primae et secundae,187581,Teriolis,Teriolis,original,0,47.273341,11.242145,unknown,RAETIA,90,,,,1.0,SOFT_MATCH,1.000,CONTEXT_EXACT,1.000
OCC000252,Occidentis,Dux Raetiae,1384,Quintanis,tail,Praefectus,alae primae Flaviae Raetorum,Raetiae primae et secundae,,,Raetiae primae et secundae,Raetiae primae et secundae,,Dux Raetiae / Dux Raetiae / Sub dispositione viri spectabilis ducis provinciae Raetiae primae et secundae,118919,Quintana,Quintanae,original_case,0,48.669403,13.078749,unknown,RAETIA,90,,,,0.875,SOFT_MATCH,1.000,,0.875
OCC000254,Occidentis,Dux Raetiae,1386,Abusina,tail,Tribunus,cohortis tertiae Brittorum,Raetiae primae et secundae,,,Raetiae primae et secundae,Raetiae primae et secundae,,Dux Raetiae / Dux Raetiae / Sub dispositione viri spectabilis ducis provinciae Raetiae primae et secundae,118539,Abusina,Abusina,original,0,48.850022,11.77073,unknown,RAETIA,90,,,,1.0,SOFT_MATCH,1.000,CONTEXT_EXACT,1.000
OCC000255,Occidentis,Dux Raetiae,1387,Vallatio,tail,Praefectus,alae secundae Valeriae singularis,Raetiae primae et secundae,,,Raetiae primae et secundae,Raetiae primae et secundae,,Dux Raetiae / Dux Raetiae / Sub dispositione viri spectabilis ducis provinciae Raetiae primae et secundae,119017,Vallatum,Vallatium,original_case,0,48.717024,11.493325,unknown,RAETIA,90,,,,0.8888888888888888,SOFT_MATCH,1.000,,0.889
OCC000256,Occidentis,Dux Raetiae,1388,Venaxamodorum,tail,Tribunus,cohortis sextae Valeriaae Raetorum,Raetiae primae et secundae,,,Raetiae primae et secundae,Raetiae primae et secundae,,Dux Raetiae / Dux Raetiae / Sub dispositione viri spectabilis ducis provinciae Raetiae primae et secundae,119019,Venaxamodurum,Venaxamodorum,original,0,48.735955,11.184336,unknown,RAETIA,90,,,,0.9230769230769231,SOFT_MATCH,1.000,CONTEXT_FUZZY,0.923
OCC000257,Occidentis,Dux Raetiae,1389,Parroduno,tail,Tribunus,cohortis primae Herculeae Raetorum,Raetiae primae et secundae,,,Raetiae primae et secundae,Raetiae primae et secundae,,Dux Raetiae / Dux Raetiae / Sub dispositione viri spectabilis ducis provinciae Raetiae primae et secundae,118903,Parrodunum,Parrodunum,original_case,0,48.70045,11.016986,unknown,RAETIA,90,,,,1.0,SOFT_MATCH,1.000,CONTEXT_EXACT,1.000
OCC000265,Occidentis,Dux tractus Armoricani,1423,Grannona in litore Saxonico,tail,Tribunus,cohortis primae novae Armoricanae,tractus Armoricani et Neruicani,,,tractus Armoricani et Neruicani,tractus Armoricani et Neruicani,,Dux tractus Armoricani / Dux tractus Armoricani / Sub dispositione viri spectabilis ducis tractus Armoricani et Neruicani,138377,Grannona,Grannona,before_in,0,47.5,-2.5,unknown,,,LUGDUNENSIS II,91,1.27,1.0,NO_POLYGON,0.000,EXACT_NO_CONTEXT,1.000
OCC000268,Occidentis,Dux tractus Armoricani,1426,Osismis,tail,Praefectus,militum Maurorum Osismiacorum,tractus Armoricani et Neruicani,,,tractus Armoricani et Neruicani,tractus Armoricani et Neruicani,,Dux tractus Armoricani / Dux tractus Armoricani / Sub dispositione viri spectabilis ducis tractus Armoricani et Neruicani,69511,Osismis,Osismis,original,0,48.389734,-4.486847,unknown,LUGDUNENSIS II,91,,,,1.0,NO_CONTEXT,0.000,EXACT_NO_CONTEXT,1.000
OCC000270,Occidentis,Dux tractus Armoricani,1428,Aleto,tail,Praefectus,militum Martensium,tractus Armoricani et Neruicani,,,tractus Armoricani et Neruicani,tractus Armoricani et Neruicani,,Dux tractus Armoricani / Dux tractus Armoricani / Sub dispositione viri spectabilis ducis tractus Armoricani et Neruicani,69556,Aletum,Aletum,original_case,0,48.635814,-2.027308,unknown,,,LUGDUNENSIS II,91,1.17,1.0,NO_POLYGON,0.000,EXACT_NO_CONTEXT,1.000
OCC000275,Occidentis,Dux Belgicae secundae,1452,Marcis in litore Saxonico,tail,,Equites Dalmatae,Balgicae secundae,,,Balgicae secundae,Balgicae secundae,,Dux Belgicae secundae / Dux Belgicae secundae / Sub dispositione viri spectabilis ducis Balgicae secundae,109140,Marcis,Marcis,before_in,0,50.810751,1.70763,unknown,BELGICA II,94,,,,1.0,SOFT_MATCH,1.000,CONTEXT_EXACT,1.000
OCC000278,Occidentis,Dux Belgicae secundae,1454,Portu Epatiaci,tail,Tribunus,militum Neruiorum,Balgicae secundae,,,Balgicae secundae,Balgicae secundae,,Dux Belgicae secundae / Dux Belgicae secundae / Sub dispositione viri spectabilis ducis Balgicae secundae,114790,Portus Epatiacus,Portu Epatiacus,original_case,0,,,unknown,,,,,,0.9333333333333333,SOFT_UNVERIFIED,0.000,FUZZY_NO_CONTEXT,0.933
OCC000280,Occidentis,Dux Britanniarum,1472,Dano,tail,Praefectus,equitum Crispianorum,Britanniarum,,,Britanniarum,Britanniarum,,Dux Britanniarum / Dux Britanniarum / Sub dispositione viri spectabilis ducis Britanniarum,79412,Danum,Danum,original_case,0,53.5254159814,-1.13510287779,fort,BRITANNIAE I AND II,96,,,,1.0,SOFT_MATCH,1.000,CONTEXT_EXACT,1.000
OCC000281,Occidentis,Dux Britanniarum,1473,Morbio,tail,Praefectus,equitum catafractariorum,Britanniarum,,,Britanniarum,Britanniarum,,Dux Britanniarum / Dux Britanniarum / Sub dispositione viri spectabilis ducis Britanniarum,92170,Morbium,Morbium,original_case,0,,,unknown,,,,,,1.0,SOFT_UNVERIFIED,0.000,EXACT_NO_CONTEXT,1.000
OCC000282,Occidentis,Dux Britanniarum,1474,Arbeia,tail,Praefectus,numeri barcariorum Tigrisiensium,Britanniarum,,,Britanniarum,Britanniarum,,Dux Britanniarum / Dux Britanniarum / Sub dispositione viri spectabilis ducis Britanniarum,89104,Arbeia,Arbeia,original,0,55.00434,-1.430879,unknown,BRITANNIAE I AND II,96,,,,1.0,SOFT_MATCH,1.000,CONTEXT_EXACT,1.000
OCC000283,Occidentis,Dux Britanniarum,1475,Dicti,tail,Praefectus,numeri Neruiorum Dictensium,Britanniarum,,,Britanniarum,Britanniarum,,Dux Britanniarum / Dux Britanniarum / Sub dispositione viri spectabilis ducis Britanniarum,92137,Dictum,Dictum,original_case,0,,,unknown,,,,,,1.0,SOFT_UNVERIFIED,0.000,EXACT_NO_CONTEXT,1.000
OCC000284,Occidentis,Dux Britanniarum,1476,Concangios,tail,Praefectus,numeri vigilum,Britanniarum,,,Britanniarum,Britanniarum,,Dux Britanniarum / Dux Britanniarum / Sub dispositione viri spectabilis ducis Britanniarum,89146,Concangios,Concangios,original,0,54.855844,-1.571925,unknown,BRITANNIAE I AND II,96,,,,1.0,SOFT_MATCH,1.000,CONTEXT_EXACT,1.000
OCC000285,Occidentis,Dux Britanniarum,1477,Lavatres,tail,Praefectus,numeri exploratorum,Britanniarum,,,Britanniarum,Britanniarum,,Dux Britanniarum / Dux Britanniarum / Sub dispositione viri spectabilis ducis Britanniarum,89224,Lavatris,Lavatres,original,0,54.517008,-2.007831,unknown,BRITANNIAE I AND II,96,,,,0.875,SOFT_MATCH,1.000,,0.875
OCC000286,Occidentis,Dux Britanniarum,1478,Verteris,tail,Praefectus,numeri directorum,Britanniarum,,,Britanniarum,Britanniarum,,Dux Britanniarum / Dux Britanniarum / Sub dispositione viri spectabilis ducis Britanniarum,89312,Verteris,Verteris,original,0,54.5214081466,-2.32367380505,unknown,BRITANNIAE I AND II,96,,,,1.0,SOFT_MATCH,1.000,CONTEXT_EXACT,1.000
OCC000288,Occidentis,Dux Britanniarum,1480,Maglone,tail,Praefectus,numeri Solensium,Britanniarum,,,Britanniarum,Britanniarum,,Dux Britanniarum / Dux Britanniarum / Sub dispositione viri spectabilis ducis Britanniarum,89236,Maglone,Maglone,original,0,54.807397,-3.15326,unknown,BRITANNIAE I AND II,96,,,,1.0,SOFT_MATCH,1.000,CONTEXT_EXACT,1.000
OCC000289,Occidentis,Dux Britanniarum,1481,Magis,tail,Praefectus,numeri Pacensium,Britanniarum,,,Britanniarum,Britanniarum,,Dux Britanniarum / Dux Britanniarum / Sub dispositione viri spectabilis ducis Britanniarum,89237,Magis,Magis,original,0,54.655581462,-3.54593836797,unknown,BRITANNIAE I AND II,96,,,,1.0,SOFT_MATCH,1.000,CONTEXT_EXACT,1.000
OCC000292,Occidentis,Dux Britanniarum,1485,Segeduno,tail,Tribunus,cohortis quartae Lingonum,Britanniarum,,,Britanniarum,Britanniarum,,Dux Britanniarum / Dux Britanniarum / Item per lineam Valli,89288,Segedunum,Segedunum,original_case,0,54.987873,-1.532381,unknown,BRITANNIAE I AND II,96,,,,1.0,SOFT_MATCH,1.000,CONTEXT_EXACT,1.000
OCC000294,Occidentis,Dux Britanniarum,1487,Conderco,tail,Praefectus,alae primae Asturum,Britanniarum,,,Britanniarum,Britanniarum,,Dux Britanniarum / Dux Britanniarum / Item per lineam Valli,89150,Condercum,Condercum,original_case,0,54.977092,-1.664359,unknown,BRITANNIAE I AND II,96,,,,1.0,SOFT_MATCH,1.000,CONTEXT_EXACT,1.000
OCC000295,Occidentis,Dux Britanniarum,1488,Vindobala,tail,Tribunus,cohortis primae Frixagorum,Britanniarum,,,Britanniarum,Britanniarum,,Dux Britanniarum / Dux Britanniarum / Item per lineam Valli,89315,Vindobala,Vindobala,original,0,55.00241,-1.82535,unknown,BRITANNIAE I AND II,96,,,,1.0,SOFT_MATCH,1.000,CONTEXT_EXACT,1.000
OCC000296,Occidentis,Dux Britanniarum,1489,Hunno,tail,Praefectus,alae Sabinianae,Britanniarum,,,Britanniarum,Britanniarum,,Dux Britanniarum / Dux Britanniarum / Item per lineam Valli,89201,Hunno,Hunno,original,0,55.010652,-2.005582,unknown,BRITANNIAE I AND II,96,,,,1.0,SOFT_MATCH,1.000,CONTEXT_EXACT,1.000
OCC000297,Occidentis,Dux Britanniarum,1490,Cilurno,tail,Praefectus,alae secundae Asturum,Britanniarum,,,Britanniarum,Britanniarum,,Dux Britanniarum / Dux Britanniarum / Item per lineam Valli,89144,Cilurnum,Cilurnum,original_case,0,55.025811,-2.139952,unknown,BRITANNIAE I AND II,96,,,,1.0,SOFT_MATCH,1.000,CONTEXT_EXACT,1.000
OCC000300,Occidentis,Dux Britanniarum,1493,Vindolana,tail,Tribunus,cohortis quartae Gallorum,Britanniarum,,,Britanniarum,Britanniarum,,Dux Britanniarum / Dux Britanniarum / Item per lineam Valli,89313,Vindolanda,Vindolana,original,0,54.991355,-2.361412,fort,BRITANNIAE I AND II,96,,,,0.9,SOFT_MATCH,1.000,CONTEXT_FUZZY,0.900
OCC000301,Occidentis,Dux Britanniarum,1494,Aesica,tail,Tribunus,cohortis primae Asturum,Britanniarum,,,Britanniarum,Britanniarum,,Dux Britanniarum / Dux Britanniarum / Item per lineam Valli,89095,Aesica,Aesica,original,0,54.994861,-2.464486,unknown,BRITANNIAE I AND II,96,,,,1.0,SOFT_MATCH,1.000,CONTEXT_EXACT,1.000
OCC000304,Occidentis,Dux Britanniarum,1497,Petrianis,tail,Praefectus,alae Petrianae,Britanniarum,,,Britanniarum,Britanniarum,,Dux Britanniarum / Dux Britanniarum / Item per lineam Valli,89307,Petriana,Petrianae,original_case,0,54.905036,-2.934149,unknown,BRITANNIAE I AND II,96,,,,0.875,SOFT_MATCH,1.000,,0.875
OCC000306,Occidentis,Dux Britanniarum,1500,Congavata,tail,Tribunus,cohortis secundae Lingonum,Britanniarum,,,Britanniarum,Britanniarum,,Dux Britanniarum / Dux Britanniarum / Item per lineam Valli,89151,Congabata,Congavata,original,0,54.928087,-3.148943,unknown,BRITANNIAE I AND II,96,,,,0.8888888888888888,SOFT_MATCH,1.000,,0.889
OCC000307,Occidentis,Dux Britanniarum,1501,Axeloduno,tail,Tribunus,cohortis primae Hispanorum,Britanniarum,,,Britanniarum,Britanniarum,,Dux Britanniarum / Dux Britanniarum / Item per lineam Valli,89307,Axeloduno,Axeloduno,original,0,54.905036,-2.934149,unknown,BRITANNIAE I AND II,96,,,,1.0,SOFT_MATCH,1.000,CONTEXT_EXACT,1.000
OCC000308,Occidentis,Dux Britanniarum,1502,Gabrosenti,tail,Tribunus,cohortis secundae Thracum,Britanniarum,,,Britanniarum,Britanniarum,,Dux Britanniarum / Dux Britanniarum / Item per lineam Valli,89189,Gabrosentum,Gabrosentum,original_case,0,54.573931,-3.576289,unknown,BRITANNIAE I AND II,96,,,,1.0,SOFT_MATCH,1.000,CONTEXT_EXACT,1.000
OCC000310,Occidentis,Dux Britanniarum,1504,Glannibanta,tail,Tribunus,cohortis primae Morinorum,Britanniarum,,,Britanniarum,Britanniarum,,Dux Britanniarum / Dux Britanniarum / Item per lineam Valli,89193,Glannibanta,Glannibanta,original,0,54.355499,-3.410628,unknown,BRITANNIAE I AND II,96,,,,1.0,SOFT_MATCH,1.000,CONTEXT_EXACT,1.000
OCC000311,Occidentis,Dux Britanniarum,1505,Alione,tail,Tribunus,cohortis tertiae Neruiorum,Britanniarum,,,Britanniarum,Britanniarum,,Dux Britanniarum / Dux Britanniarum / Item per lineam Valli,89097,Alione,Alione,original,0,54.720887,-3.49391,unknown,BRITANNIAE I AND II,96,,,,1.0,SOFT_MATCH,1.000,CONTEXT_EXACT,1.000
OCC000313,Occidentis,Dux Britanniarum,1507,Olenaco,tail,Praefectus,alae primae Herculeae,Britanniarum,,,Britanniarum,Britanniarum,,Dux Britanniarum / Dux Britanniarum / Item per lineam Valli,89260,Olenacum,Olenacum,original_case,0,53.9409021261,-2.11595049214,unknown,BRITANNIAE I AND II,96,,,,1.0,SOFT_MATCH,1.000,CONTEXT_EXACT,1.000
OCC000314,Occidentis,Dux Britanniarum,1508,Virosido,tail,Tribunus,cohortis sextae Neruiorum,Britanniarum,,,Britanniarum,Britanniarum,,Dux Britanniarum / Dux Britanniarum / Item per lineam Valli,89317,Virosidum,Virosidum,original_case,0,54.3068751237,-2.09791134362,fort,BRITANNIAE I AND II,96,,,,1.0,SOFT_MATCH,1.000,CONTEXT_EXACT,1.000
OCC000320,Occidentis,Dux Mogontiacensis,1527,Vangiones,tail,Praefectus,militum secundae Flaviae,Mogonticensis,,,Mogonticensis,Mogonticensis,,Dux Mogontiacensis / Dux Mogontiacensis / Sub dispositione viri spectabilis ducis Mogonticensis,109410,Vangiones,Vangiones,original,0,49.9937962862,8.26684591801,unknown,GERMANIA I,93,,,,1.0,NO_CONTEXT,0.000,EXACT_NO_CONTEXT,1.000
OCC000321,Occidentis,Dux Mogontiacensis,1528,Mogontiaco,tail,Praefectus,militum armigerorum,Mogonticensis,,,Mogonticensis,Mogonticensis,,Dux Mogontiacensis / Dux Mogontiacensis / Sub dispositione viri spectabilis ducis Mogonticensis,109169,Mogontiacum,Mogontiacum,original_case,0,49.993005,8.278026,unknown,GERMANIA I,93,,,,1.0,NO_CONTEXT,0.000,EXACT_NO_CONTEXT,1.000
OCC000322,Occidentis,Dux Mogontiacensis,1529,Bingio,tail,Praefectus,militum Bingensium,Mogonticensis,,,Mogonticensis,Mogonticensis,,Dux Mogontiacensis / Dux Mogontiacensis / Sub dispositione viri spectabilis ducis Mogonticensis,108809,Bingium,Bingium,original_case,0,49.968995,7.895659,unknown,GERMANIA I,93,,,,1.0,NO_CONTEXT,0.000,EXACT_NO_CONTEXT,1.000
OCC000323,Occidentis,Dux Mogontiacensis,1530,Bodobrica,tail,Praefectus,militum balistariorum,Mogonticensis,,,Mogonticensis,Mogonticensis,,Dux Mogontiacensis / Dux Mogontiacensis / Sub dispositione viri spectabilis ducis Mogonticensis,108817,Bodobrica,Bodobrica,original,0,50.230984,7.591936,unknown,GERMANIA I,93,,,,1.0,NO_CONTEXT,0.000,EXACT_NO_CONTEXT,1.000
OCC000326,Occidentis,Item praepositurae magistri militum praesentalis a parte peditum,1547,Aquileiae,tail,Praefectus,classis Venetum,Venetia inferiore,,Venetia inferiore,,Venetia inferiore,ITALIA,Item praepositurae magistri militum praesentalis a parte peditum / Item praepositurae magistri militum praesentalis a parte peditum / In Italia / In provincia Venetia inferiore,187290,Aquileia,Aquileia,original_case,0,45.768259,13.364601,unknown,VENETIA ET HISTRIA,80,,,,1.0,REGION_MATCH,1.000,REGION_EXACT,1.000
OCC000327,Occidentis,Item praepositurae magistri militum praesentalis a parte peditum,1549,Ravennae,tail,Praefectus,militum iuniorum Italicorum,Flaminia,,Flaminia,,Flaminia,ITALIA,Item praepositurae magistri militum praesentalis a parte peditum / Item praepositurae magistri militum praesentalis a parte peditum / In Italia / In provincia Flaminia,393480,Ravenna,Ravenna,original_case,0,44.415718,12.196604,unknown,AEMILIA ET LIGURIA,77,,,,1.0,HARD_MISMATCH,0.500,CONTEXT_CONFLICT_EXACT,1.000
OCC000328,Occidentis,Item praepositurae magistri militum praesentalis a parte peditum,1550,Ravennae,tail,Praefectus,classis Ravennatium cum curis eiusdem civitatis,Flaminia,,Flaminia,,Flaminia,ITALIA,Item praepositurae magistri militum praesentalis a parte peditum / Item praepositurae magistri militum praesentalis a parte peditum / In Italia / In provincia Flaminia,393480,Ravenna,Ravenna,original_case,0,44.415718,12.196604,unknown,AEMILIA ET LIGURIA,77,,,,1.0,HARD_MISMATCH,0.500,CONTEXT_CONFLICT_EXACT,1.000
OCC000329,Occidentis,Item praepositurae magistri militum praesentalis a parte peditum,1552,Como,tail,Praefectus,classis Comensis cum curis eiusdem civitatis,Liguria,,Liguria,,Liguria,ITALIA,Item praepositurae magistri militum praesentalis a parte peditum / Item praepositurae magistri militum praesentalis a parte peditum / In Italia / In provincia Liguria,383627,Como,Como,original,0,45.81192,9.085784,unknown,AEMILIA ET LIGURIA,77,,,,1.0,HARD_MATCH,1.000,CONTEXT_EXACT,1.000
OCC000330,Occidentis,Item praepositurae magistri militum praesentalis a parte peditum,1554,Miseno,tail,Praefectus,classis Misenatium,Campania,,Campania,,Campania,ITALIA,Item praepositurae magistri militum praesentalis a parte peditum / Item praepositurae magistri militum praesentalis a parte peditum / In Italia / In provincia Campania,432941,Misenum,Misenum,original_case,0,40.786279,14.084884,unknown,,,CAMPANIA,35,3.67,1.0,HARD_NEAR_MATCH,1.000,CONTEXT_NEAR_EXACT,1.000
OCC000331,Occidentis,Item praepositurae magistri militum praesentalis a parte peditum,1557,Viennae,tail,Praefectus,classis fluminis Rhodani,Riparensi,,Riparensi,,Riparensi,GALLIAE,Item praepositurae magistri militum praesentalis a parte peditum / Item praepositurae magistri militum praesentalis a parte peditum / In Gallia / In provincia Riparensi,128537,Vienna,Vienna,original_case,0,48.211345,16.373946,unknown,NORICUM RIPENSE,89,,,,1.0,REGION_MISMATCH,0.000,EXACT_NO_CONTEXT,1.000
OCC000333,Occidentis,Item praepositurae magistri militum praesentalis a parte peditum,1558,Ebruduni Sapaudiae,tail,Praefectus,classis barcariorum,Riparensi,,Riparensi,,Riparensi,GALLIAE,Item praepositurae magistri militum praesentalis a parte peditum / Item praepositurae magistri militum praesentalis a parte peditum / In Gallia / In provincia Riparensi,167750,Ebrudunum,Ebrudunum,first_word_case,1,44.565627,6.496364,unknown,ALPES MARITIMAE,62,,,,1.0,REGION_MATCH,1.000,REGION_EXACT,1.000
OCC000334,Occidentis,Item praepositurae magistri militum praesentalis a parte peditum,1559,Massiliae Graecorum,tail,Praefectus,militum musculariorum,Riparensi,,Riparensi,,Riparensi,GALLIAE,Item praepositurae magistri militum praesentalis a parte peditum / Item praepositurae magistri militum praesentalis a parte peditum / In Gallia / In provincia Riparensi,148127,Massilia,Massilia,first_word_case,1,43.296854,5.382499,unknown,VIENNENSIS,78,,,,1.0,REGION_MATCH,1.000,REGION_EXACT,1.000
OCC000336,Occidentis,Item praepositurae magistri militum praesentalis a parte peditum,1562,Lapurdo,tail,Tribunus,cohortis Noevempopulanae,Novempopulana,,Novempopulana,,Novempopulana,GALLIAE,Item praepositurae magistri militum praesentalis a parte peditum / Item praepositurae magistri militum praesentalis a parte peditum / In Gallia / In provincia Novempopulana,246461,Lapurdum,Lapurdum,original_case,0,43.492723,-1.474944,unknown,NOVEM POPULI,66,,,,1.0,REGION_MATCH,1.000,REGION_EXACT,1.000
OCC000340,Occidentis,Item praepositurae magistri militum praesentalis a parte peditum,1570,Paetaonio,tail,Tribunus,cohortis secundae Flaviae Pacatianae,Callaecia,,Callaecia,,Callaecia,HISPANIA,Item praepositurae magistri militum praesentalis a parte peditum / Item praepositurae magistri militum praesentalis a parte peditum / Hispaniae / In provincia Callaecia,236598,Petavonium,Paetaonium,original_case,0,42.0898132,-5.9981701,fort,GALLAECIA,69,,,,0.9,HARD_MATCH,1.000,CONTEXT_FUZZY,0.900
OCC000341,Occidentis,Item praepositurae magistri militum praesentalis a parte peditum,1571,ad cohortem Gallicam,tail,Tribunus,cohortis secundae Gallicae,Callaecia,,Callaecia,,Callaecia,HISPANIA,Item praepositurae magistri militum praesentalis a parte peditum / Item praepositurae magistri militum praesentalis a parte peditum / Hispaniae / In provincia Callaecia,240849,Ad Cohortem Gallicam,ad cohortem Gallicam,original,0,,,unknown,,,,,,1.0,HARD_UNVERIFIED,0.000,EXACT_NO_CONTEXT,1.000
OCC000342,Occidentis,Item praepositurae magistri militum praesentalis a parte peditum,1572,Luco,tail,Tribunus,cohortis Lucensis,Callaecia,,Callaecia,,Callaecia,HISPANIA,Item praepositurae magistri militum praesentalis a parte peditum / Item praepositurae magistri militum praesentalis a parte peditum / Hispaniae / In provincia Callaecia,446262,Lucos,Lucos,original_case,0,,,unknown,,,,,,1.0,HARD_UNVERIFIED,0.000,EXACT_NO_CONTEXT,1.000
OCC000344,Occidentis,Item praepositurae magistri militum praesentalis a parte peditum,1573,Iuliobriga,alternate,Tribunus,cohortis Celtiberae,Callaecia,,Callaecia,,Callaecia,HISPANIA,Item praepositurae magistri militum praesentalis a parte peditum / Item praepositurae magistri militum praesentalis a parte peditum / Hispaniae / In provincia Callaecia,236493,Iuliobriga,Iuliobriga,original,0,42.985111,-4.113918,unknown,TARRACONENSIS,61,,,,1.0,HARD_MISMATCH,0.231,CONTEXT_CONFLICT_EXACT,1.000
OCC000345,Occidentis,Item praepositurae magistri militum praesentalis a parte peditum,1575,Veleia,tail,Tribunus,cohortis primae Gallicae,Tarraconensi,,Tarraconensi,,Tarraconensi,HISPANIA,Item praepositurae magistri militum praesentalis a parte peditum / Item praepositurae magistri militum praesentalis a parte peditum / Hispaniae / In provincia Tarraconensi,246232,Veleia,Veleia,original,0,42.819044,-2.807792,unknown,TARRACONENSIS,61,,,,1.0,HARD_MATCH,1.000,CONTEXT_EXACT,1.000
OCC000347,Occidentis,Item praepositurae magistri militum praesentalis a parte peditum,1578,Baiocas et Constantiae Lugdunensis secundae,tail,Praefectus,laetorum Batavorum et gentilium Sueuorum,,,,,,,Item praepositurae magistri militum praesentalis a parte peditum / Item praepositurae magistri militum praesentalis a parte peditum,69471,Baiocas,Baiocas,first_word,1,49.275076,-0.706872,unknown,LUGDUNENSIS II,91,,,,1.0,NO_CONTEXT,0.000,EXACT_NO_CONTEXT,1.000
OCC000352,Occidentis,Item praepositurae magistri militum praesentalis a parte peditum,1584,Atrabatis,tail,Praefectus,laetorum Batavorum Nemetacensium,belgicae secundae,,belgicae secundae,,belgicae secundae,,Item praepositurae magistri militum praesentalis a parte peditum / Item praepositurae magistri militum praesentalis a parte peditum,108764,Atrebates,Atrabates,original_case,0,50.5,2.5,unknown,BELGICA II,94,,,,0.8888888888888888,HARD_MATCH,1.000,,0.889
OCC000355,Occidentis,Item praepositurae magistri militum praesentalis a parte peditum,1587,Tungros,prope,Praefectus,laetorum Lagensium,germaniae secundae,,germaniae secundae,,germaniae secundae,,Item praepositurae magistri militum praesentalis a parte peditum / Item praepositurae magistri militum praesentalis a parte peditum,108765,Atuatuca Tungrorum,Tungros,toponymic_anchor,0,50.780857,5.464831,unknown,GERMANIA II,95,,,,1.0,HARD_MATCH,1.000,CONTEXT_EXACT,1.000
OCC000358,Occidentis,Item praepositurae magistri militum praesentalis a parte peditum,1598,Opittergii,tail,Praefectus,Sarmatarum gentilium,Italia mediterranea,,Italia mediterranea,,Italia mediterranea,,Item praepositurae magistri militum praesentalis a parte peditum / Item praepositurae magistri militum praesentalis a parte peditum / Item in provincia Italia mediterranea,393459,Opitergium,Opittergium,original_case,0,45.781271,12.493648,unknown,VENETIA ET HISTRIA,80,,,,0.9090909090909091,NO_CONTEXT,0.000,FUZZY_NO_CONTEXT,0.909
OCC000359,Occidentis,Item praepositurae magistri militum praesentalis a parte peditum,1599,Patauio,tail,Praefectus,Sarmatarum gentilium,Italia mediterranea,,Italia mediterranea,,Italia mediterranea,,Item praepositurae magistri militum praesentalis a parte peditum / Item praepositurae magistri militum praesentalis a parte peditum / Item in provincia Italia mediterranea,393473,Patavium,Patauium,original_case,0,45.409561,11.876975,unknown,VENETIA ET HISTRIA,80,,,,1.0,NO_CONTEXT,0.000,FUZZY_NO_CONTEXT,1.000
OCC000360,Occidentis,Item praepositurae magistri militum praesentalis a parte peditum,1601,Cremonae,tail,Praefectus,Sarmatarum gentilium,Italia mediterranea,,Italia mediterranea,,Italia mediterranea,,Item praepositurae magistri militum praesentalis a parte peditum / Item praepositurae magistri militum praesentalis a parte peditum / Item in provincia Italia mediterranea,383628,Cremona,Cremona,original_case,0,45.133639,10.026149,unknown,AEMILIA ET LIGURIA,77,,,,1.0,NO_CONTEXT,0.000,EXACT_NO_CONTEXT,1.000
OCC000364,Occidentis,Item praepositurae magistri militum praesentalis a parte peditum,1604,Novariae,tail,Praefectus,Sarmatarum gentilium,Italia mediterranea,,Italia mediterranea,,Italia mediterranea,,Item praepositurae magistri militum praesentalis a parte peditum / Item praepositurae magistri militum praesentalis a parte peditum / Item in provincia Italia mediterranea,383717,Novaria,Novaria,original_case,0,45.445082,8.618661,unknown,AEMILIA ET LIGURIA,77,,,,1.0,NO_CONTEXT,0.000,EXACT_NO_CONTEXT,1.000
OCC000365,Occidentis,Item praepositurae magistri militum praesentalis a parte peditum,1605,Vercellis,tail,Praefectus,Sarmatarum gentilium,Italia mediterranea,,Italia mediterranea,,Italia mediterranea,,Item praepositurae magistri militum praesentalis a parte peditum / Item praepositurae magistri militum praesentalis a parte peditum / Item in provincia Italia mediterranea,383815,Vercellae,Vercellae,original_case,0,45.321094,8.426374,unknown,AEMILIA ET LIGURIA,77,,,,1.0,NO_CONTEXT,0.000,EXACT_NO_CONTEXT,1.000
OCC000366,Occidentis,Item praepositurae magistri militum praesentalis a parte peditum,1607,Bononiae,tail,Praefectus,Sarmatarum gentilium,Aemilia,,Aemilia,,Aemilia,,Item praepositurae magistri militum praesentalis a parte peditum / Item praepositurae magistri militum praesentalis a parte peditum / Item in provincia Italia mediterranea,393421,Bononia,Bononia,original_case,0,44.49452,11.349271,unknown,AEMILIA ET LIGURIA,77,,,,1.0,HARD_MATCH,1.000,CONTEXT_EXACT,1.000
OCC000368,Occidentis,Item praepositurae magistri militum praesentalis a parte peditum,1609,Pollentia,tail,Praefectus,Sarmatarum gentilium,Liguria,,Liguria,,Liguria,,Item praepositurae magistri militum praesentalis a parte peditum / Item praepositurae magistri militum praesentalis a parte peditum / Item in provincia Italia mediterranea,383745,Pollentia,Pollentia,original,0,44.686768,7.895976,unknown,AEMILIA ET LIGURIA,77,,,,1.0,HARD_MATCH,1.000,CONTEXT_EXACT,1.000
OCC000372,Oriens,Insignia viri illustris magistri officiorum,509,Damasci,tail,,Scutaria et armorum,,,,,,ORIENS,Insignia viri illustris magistri officiorum / Insignia viri illustris magistri officiorum / Orientis V,678106,Damascus,Damascus,original_case,0,33.51158693541351,36.3066092133522,mosque,AUGUSTA LIBANENSIS,20,,,,1.0,REGION_MATCH,1.000,REGION_EXACT,1.000
OCC000373,Oriens,Insignia viri illustris magistri officiorum,510,Antiochiae,tail,,Scutaria et armorum,,,,,,ORIENS,Insignia viri illustris magistri officiorum / Insignia viri illustris magistri officiorum / Orientis V,658381,Antiochia,Antiochia,original_case,0,36.202097,36.15818,unknown,SYRIA COELE,26,,,,1.0,REGION_MATCH,1.000,REGION_EXACT,1.000
OCC000374,Oriens,Insignia viri illustris magistri officiorum,511,Antiochiae,tail,,Clibanaria,,,,,,ORIENS,Insignia viri illustris magistri officiorum / Insignia viri illustris magistri officiorum / Orientis V,658381,Antiochia,Antiochia,original_case,0,36.202097,36.15818,unknown,SYRIA COELE,26,,,,1.0,REGION_MATCH,1.000,REGION_EXACT,1.000
OCC000375,Oriens,Insignia viri illustris magistri officiorum,512,Edesa,tail,,Scutaria et armamentaria,,,,,,ORIENS,Insignia viri illustris magistri officiorum / Insignia viri illustris magistri officiorum / Orientis V,638734,Aedesa,Edesa,original,0,36.75,29.75,unknown,LYCIA ET PAMPHYLIA,24,,,,1.0,REGION_MISMATCH,0.000,FUZZY_NO_CONTEXT,1.000
OCC000377,Oriens,Insignia viri illustris magistri officiorum,515,Caesarea,tail,,Clibanaria,cappadociae,,cappadociae,,cappadociae,PONTICA,Insignia viri illustris magistri officiorum / Insignia viri illustris magistri officiorum / Ponticae quatuor,629035,Caesarea,Caesarea,original,0,38.728033,35.484989,unknown,CAPPADOCIA,51,,,,1.0,HARD_MATCH,1.000,CONTEXT_EXACT,1.000
OCC000378,Oriens,Insignia viri illustris magistri officiorum,516,Nicomediae,tail,,Scutaria et armorum,,,,,,PONTICA,Insignia viri illustris magistri officiorum / Insignia viri illustris magistri officiorum / Ponticae quatuor,511337,Nicomedia,Nicomedia,original_case,0,40.765931,29.916288,unknown,BITHYNIA,54,,,,1.0,REGION_MATCH,1.000,REGION_EXACT,1.000
OCC000379,Oriens,Insignia viri illustris magistri officiorum,517,Nicomediae,tail,,Clibanaria,,,,,,PONTICA,Insignia viri illustris magistri officiorum / Insignia viri illustris magistri officiorum / Ponticae quatuor,511337,Nicomedia,Nicomedia,original_case,0,40.765931,29.916288,unknown,BITHYNIA,54,,,,1.0,REGION_MATCH,1.000,REGION_EXACT,1.000
OCC000380,Oriens,Insignia viri illustris magistri officiorum,519,Sardis,tail,,Scutaria et armorum,lydiae,,lydiae,,lydiae,ASIANA,Insignia viri illustris magistri officiorum / Insignia viri illustris magistri officiorum / Asianae una,550867,Sardis,Sardis,original,0,38.488314,28.040286,unknown,LYDIA,32,,,,1.0,HARD_MATCH,1.000,CONTEXT_EXACT,1.000
OCC000381,Oriens,Insignia viri illustris magistri officiorum,521,Hadrianopolis Haemimonti,tail,,Scutaria et armorum,,,,,,THRACIAE,Insignia viri illustris magistri officiorum / Insignia viri illustris magistri officiorum / Thraciarum duae,501427,Hadrianopolis,Hadrianopolis,first_word,1,41.140485,24.257643,unknown,RHODOPE,47,,,,1.0,REGION_MATCH,1.000,REGION_EXACT,1.000
OCC000382,Oriens,Insignia viri illustris magistri officiorum,522,Marcianopoli,tail,,Scutaria et armorum,,,,,,THRACIAE,Insignia viri illustris magistri officiorum / Insignia viri illustris magistri officiorum / Thraciarum duae,216878,Marcianopolis,Marcianopolis,original_case,0,43.22504,27.585033,unknown,MOESIA INFERIOR,74,,,,1.0,REGION_MATCH,1.000,REGION_EXACT,1.000
OCC000383,Oriens,Insignia viri illustris magistri officiorum,524,Thessalonicensis,factory,,Thessalonicensis,,,,,,,Insignia viri illustris magistri officiorum / Insignia viri illustris magistri officiorum / Illyrici quatuor,491741,Thessalonica,Thessalonica,toponymic_ensis,1,40.626402,22.956201,unknown,MACEDONIA,44,,,,1.0,NO_CONTEXT,0.000,EXACT_NO_CONTEXT,1.000
OCC000385,Oriens,Insignia viri illustris magistri officiorum,526,Ratiarensis,factory,,Ratiarensis,,,,,,,Insignia viri illustris magistri officiorum / Insignia viri illustris magistri officiorum / Illyrici quatuor,207376,Ratiaria,Ratiaria,toponymic_ensis,1,43.809753,22.919689,unknown,DACIA RIPENSIS,71,,,,1.0,NO_CONTEXT,0.000,EXACT_NO_CONTEXT,1.000
OCC000387,Oriens,Comes limitis Aegypti,793,Memfi,tail,,Legio quinta Macadonica,Aegypti,,,Aegypti,Aegypti,,Comes limitis Aegypti / Comes limitis Aegypti / Sub dispositione viri spectabilis comitis rei militaris per Aegyptum,736963,Memphis,Memfis,original_case,0,29.849491,31.255061,settlement,AEGYPTUS HERCULIA,6,,,,1.0,SOFT_MATCH,1.000,CONTEXT_FUZZY,1.000
OCC000388,Oriens,Comes limitis Aegypti,794,Babilona,tail,,Legio tertiadecima gemina,Aegypti,,,Aegypti,Aegypti,,Comes limitis Aegypti / Comes limitis Aegypti / Sub dispositione viri spectabilis comitis rei militaris per Aegyptum,727082,Babylon,Babilona,original,0,30.00543,31.229959,unknown,AEGYPTUS HERCULIA,6,,,,0.875,SOFT_MATCH,1.000,,0.875
OCC000389,Oriens,Comes limitis Aegypti,795,Pelusio,tail,,Equites stablesiani,Aegypti,,,Aegypti,Aegypti,,Comes limitis Aegypti / Comes limitis Aegypti / Sub dispositione viri spectabilis comitis rei militaris per Aegyptum,727192,Pelusium,Pelusium,original_case,0,31.049917,32.600128,unknown,AEGYPTUS HERCULIA,6,,,,1.0,SOFT_MATCH,1.000,CONTEXT_EXACT,1.000
OCC000392,Oriens,Comes limitis Aegypti,798,Parembole,tail,,Legio secunda Traiana,Aegypti,,,Aegypti,Aegypti,,Comes limitis Aegypti / Comes limitis Aegypti / Sub dispositione viri spectabilis comitis rei militaris per Aegyptum,736993,Parembole,Parembole,original,0,29.311376,31.238111,unknown,AEGYPTUS HERCULIA,6,,,,1.0,SOFT_MATCH,1.000,CONTEXT_EXACT,1.000
OCC000395,Oriens,Comes limitis Aegypti,804,Nee,tail,,Ala octava Vandilorum,Aegypti,,,Aegypti,Aegypti,,Comes limitis Aegypti / Comes limitis Aegypti / Sub dispositione viri spectabilis comitis rei militaris per Aegyptum,554290,Nee,Nee,original,0,,,unknown,,,,,,1.0,SOFT_UNVERIFIED,0.000,EXACT_NO_CONTEXT,1.000
OCC000402,Oriens,Comes limitis Aegypti,811,Hipponos,tail,,Ala Apriana,Aegypti,,,Aegypti,Aegypti,,Comes limitis Aegypti / Comes limitis Aegypti / Sub dispositione viri spectabilis comitis rei militaris per Aegyptum,736924,Hipponon,Hipponos,original,0,28.649751,30.8668,unknown,AEGYPTUS HERCULIA,6,,,,0.875,SOFT_MATCH,1.000,,0.875
OCC000404,Oriens,Comes limitis Aegypti,813,Dionisiada,tail,,Ala quinta Praelectorum,Aegypti,,,Aegypti,Aegypti,,Comes limitis Aegypti / Comes limitis Aegypti / Sub dispositione viri spectabilis comitis rei militaris per Aegyptum,329205,Dionysiana,Dionisiada,original,0,,,unknown,,,,,,0.9,SOFT_UNVERIFIED,0.000,FUZZY_NO_CONTEXT,0.900
OCC000412,Oriens,Comes limitis Aegypti,822,Affrodito,tail,,Cohors quarta Iuthungorum,Augustamnicae,,Augustamnicae,Aegypti,Augustamnicae,,Comes limitis Aegypti / Comes limitis Aegypti / Provinciae Augustamnicae,736889,Aphrodito,Affrodito,original,0,29.408419,31.25167,unknown,AEGYPTUS HERCULIA,6,,,,0.8888888888888888,SOFT_MATCH,1.000,,0.889
OCC000416,Oriens,Dux Thebaidos,863,Lico,tail,,Cuneus equitum Maurorum scutariorum,Thebaidos,,,Thebaidos,Thebaidos,,Dux Thebaidos / Dux Thebaidos / Sub dispositione viri spectabilis ducis Thebaidos,187457,Licus,Licus,original_case,0,46.7770552,13.5133267,unknown,VENETIA ET HISTRIA,80,,,,1.0,SOFT_MISMATCH,0.125,EXACT_NO_CONTEXT,1.000
OCC000419,Oriens,Dux Thebaidos,866,Copto,tail,,Equites sagittarii indigenae,Thebaidos,,,Thebaidos,Thebaidos,,Dux Thebaidos / Dux Thebaidos / Sub dispositione viri spectabilis ducis Thebaidos,786010,Coptos,Coptos,original_case,0,25.956181,32.769868,unknown,THEBAIS,1,,,,1.0,SOFT_MATCH,1.000,CONTEXT_EXACT,1.000
OCC000421,Oriens,Dux Thebaidos,868,Lato,tail,,Equites sagittarii indigenae,Thebaidos,,,Thebaidos,Thebaidos,,Dux Thebaidos / Dux Thebaidos / Sub dispositione viri spectabilis ducis Thebaidos,589899,Lato,Lato,original,0,35.179924,25.656483,unknown,CRETA,9,,,,1.0,SOFT_MISMATCH,0.125,EXACT_NO_CONTEXT,1.000
OCC000422,Oriens,Dux Thebaidos,869,Maximianopoli,tail,,Equites sagittarii indigenae,Thebaidos,,,Thebaidos,Thebaidos,,Dux Thebaidos / Dux Thebaidos / Sub dispositione viri spectabilis ducis Thebaidos,786047,Maximianopolis,Maximianopolis,original_case,0,26.115273,32.674131,unknown,THEBAIS,1,,,,1.0,SOFT_MATCH,1.000,CONTEXT_EXACT,1.000
OCC000423,Oriens,Dux Thebaidos,871,Ombos,tail,,Legio tertia Diocletiana,Thebaidos,,,Thebaidos,Thebaidos,,Dux Thebaidos / Dux Thebaidos / Sub dispositione viri spectabilis ducis Thebaidos,786079,Ombos,Ombos,original,0,24.45205277777778,32.92824444444445,temple,THEBAIS,1,,,,1.0,SOFT_MATCH,1.000,CONTEXT_EXACT,1.000
OCC000424,Oriens,Dux Thebaidos,872,Cusas,tail,,Legio secunda Flavia Constantia Thebaeorum,Thebaidos,,,Thebaidos,Thebaidos,,Dux Thebaidos / Dux Thebaidos / Sub dispositione viri spectabilis ducis Thebaidos,756588,Cusas,Cusas,original,0,27.438183,30.817991,unknown,THEBAIS,1,,,,1.0,SOFT_MATCH,1.000,CONTEXT_EXACT,1.000
OCC000425,Oriens,Dux Thebaidos,873,Apollonos superioris,tail,,Legio secunda Traiana,Thebaidos,,,Thebaidos,Thebaidos,,Dux Thebaidos / Dux Thebaidos / Sub dispositione viri spectabilis ducis Thebaidos,785976,Apollonos,Apollonos,first_word,1,24.498288,34.748068,unknown,,,THEBAIS,1,124.10,1.0,SOFT_UNVERIFIED,0.000,EXACT_NO_CONTEXT,1.000
OCC000426,Oriens,Dux Thebaidos,874,Syene,tail,,Milites Miliarenses,Thebaidos,,,Thebaidos,Thebaidos,,Dux Thebaidos / Dux Thebaidos / Sub dispositione viri spectabilis ducis Thebaidos,786123,Syene,Syene,original,0,24.095991,32.904942,unknown,THEBAIS,1,,,,1.0,SOFT_MATCH,1.000,CONTEXT_EXACT,1.000
OCC000427,Oriens,Dux Thebaidos,875,Copto,tail,,Legio prima Valentiniana,Thebaidos,,,Thebaidos,Thebaidos,,Dux Thebaidos / Dux Thebaidos / Sub dispositione viri spectabilis ducis Thebaidos,786010,Coptos,Coptos,original_case,0,25.956181,32.769868,unknown,THEBAIS,1,,,,1.0,SOFT_MATCH,1.000,CONTEXT_EXACT,1.000
OCC000428,Oriens,Dux Thebaidos,876,Filas,tail,,Legio prima Maximiana,Thebaidos,,,Thebaidos,Thebaidos,,Dux Thebaidos / Dux Thebaidos / Sub dispositione viri spectabilis ducis Thebaidos,786089,Philae,Filae,original_case,0,24.025031,32.884252,temple-2,THEBAIS,1,,,,1.0,SOFT_MATCH,1.000,CONTEXT_FUZZY,1.000
OCC000430,Oriens,Dux Thebaidos,878,Hermunthi,tail,,Legio secunda Valentiniana,Thebaidos,,,Thebaidos,Thebaidos,,Dux Thebaidos / Dux Thebaidos / Sub dispositione viri spectabilis ducis Thebaidos,786036,Hermonthis,Hermunthis,original_case,0,25.550269,32.508054,unknown,THEBAIS,1,,,,0.8888888888888888,SOFT_MATCH,1.000,,0.889
OCC000431,Oriens,Dux Thebaidos,879,Asfynis,tail,,Equites felices Honoriani,Thebaidos,,,Thebaidos,Thebaidos,,Dux Thebaidos / Dux Thebaidos / Sub dispositione viri spectabilis ducis Thebaidos,785978,Asfynis,Asfynis,original,0,25.315559,32.510652,unknown,THEBAIS,1,,,,1.0,SOFT_MATCH,1.000,CONTEXT_EXACT,1.000
OCC000433,Oriens,Dux Thebaidos,882,Poisrietemidos,tail,,Ala secunda Hispanorum,Thebaidos,,,Thebaidos,Thebaidos,,Dux Thebaidos / Dux Thebaidos / Et quae de minore laterculo emittuntur,756625,Poisarietemidos,Poisrietemidos,original,0,27.933259,30.883298,unknown,THEBAIS,1,,,,0.9333333333333333,SOFT_MATCH,1.000,CONTEXT_FUZZY,0.933
OCC000435,Oriens,Dux Thebaidos,884,Isiu,tail,,Ala quarta Britonum,Thebaidos,,,Thebaidos,Thebaidos,,Dux Thebaidos / Dux Thebaidos / Et quae de minore laterculo emittuntur,756583,Isiu,Isiu,original,0,27.26579,31.149104,unknown,THEBAIS,1,,,,1.0,SOFT_MATCH,1.000,CONTEXT_EXACT,1.000
OCC000436,Oriens,Dux Thebaidos,885,Thmou,tail,,Ala prima Hiberorum,Thebaidos,,,Thebaidos,Thebaidos,,Dux Thebaidos / Dux Thebaidos / Et quae de minore laterculo emittuntur,737091,Tmou,Thmou,original,0,28.150535,30.67969,unknown,THEBAIS,1,,,,1.0,SOFT_MATCH,1.000,CONTEXT_FUZZY,1.000
OCC000438,Oriens,Dux Thebaidos,887,Maximianopoli,tail,,Ala tertia dromedariorum,Thebaidos,,,Thebaidos,Thebaidos,,Dux Thebaidos / Dux Thebaidos / Et quae de minore laterculo emittuntur,786047,Maximianopolis,Maximianopolis,original_case,0,26.115273,32.674131,unknown,THEBAIS,1,,,,1.0,SOFT_MATCH,1.000,CONTEXT_EXACT,1.000
OCC000440,Oriens,Dux Thebaidos,891,Pampane,tail,,Ala prima Iovia catafractariorum,Thebaidos,,,Thebaidos,Thebaidos,,Dux Thebaidos / Dux Thebaidos / Et quae de minore laterculo emittuntur,789754,Pampanis,Pampanis,original_case,0,,,unknown,,,,,,1.0,SOFT_UNVERIFIED,0.000,EXACT_NO_CONTEXT,1.000
OCC000442,Oriens,Dux Thebaidos,893,Psinaula,tail,,Ala secunda Herculia dromedariorum,Thebaidos,,,Thebaidos,Thebaidos,,Dux Thebaidos / Dux Thebaidos / Et quae de minore laterculo emittuntur,756628,Psinaula,Psinaula,original,0,26.653194,31.600403,unknown,THEBAIS,1,,,,1.0,SOFT_MATCH,1.000,CONTEXT_EXACT,1.000
OCC000447,Oriens,Dux Thebaidos,899,Silili,tail,,Cohors prima Apamenorum,Thebaidos,,,Thebaidos,Thebaidos,,Dux Thebaidos / Dux Thebaidos / Et quae de minore laterculo emittuntur,756641,Silili,Silili,original,0,26.779471,31.555114,unknown,THEBAIS,1,,,,1.0,SOFT_MATCH,1.000,CONTEXT_EXACT,1.000
OCC000450,Oriens,Dux Thebaidos,902,Burgo Severi,tail,,Cohors nona Alamannorum,Thebaidos,,,Thebaidos,Thebaidos,,Dux Thebaidos / Dux Thebaidos / Et quae de minore laterculo emittuntur,138249,Burgus,Burgus,first_word_case,1,45.039335,-0.559844,unknown,AQUITANIA II,84,,,,1.0,SOFT_MISMATCH,0.000,EXACT_NO_CONTEXT,1.000
OCC000452,Oriens,Dux Thebaidos,905,Lapidariorum,castris,,Cohors sexta saginarum,Thebaidos,,,Thebaidos,Thebaidos,,Dux Thebaidos / Dux Thebaidos / Et quae de minore laterculo emittuntur,187446,Lapidaria,Lapidaria,toponymic_orum,1,46.634098,9.443943,unknown,RAETIA,90,,,,1.0,SOFT_MISMATCH,0.250,EXACT_NO_CONTEXT,1.000
OCC000454,Oriens,Dux Foenicis,919,Otthara,tail,,Equites Mauri Illyriciani,Foenicis,,,Foenicis,Foenicis,,Dux Foenicis / Dux Foenicis / Sub dispositione viri spectabilis ducis Foenicis,668327,Otthara,Otthara,original,0,34.422928,37.173068,unknown,AUGUSTA LIBANENSIS,20,,,,1.0,SOFT_MATCH,1.000,CONTEXT_EXACT,1.000
OCC000456,Oriens,Dux Foenicis,921,Saltatha,tail,,Equites promoti indigenae,Foenicis,,,Foenicis,Foenicis,,Dux Foenicis / Dux Foenicis / Sub dispositione viri spectabilis ducis Foenicis,674263,Saltatha,Saltatha,original,0,,,unknown,,,,,,1.0,SOFT_UNVERIFIED,0.000,EXACT_NO_CONTEXT,1.000
OCC000458,Oriens,Dux Foenicis,923,Auatha,tail,,Equites promoto indigenae,Foenicis,,,Foenicis,Foenicis,,Dux Foenicis / Dux Foenicis / Sub dispositione viri spectabilis ducis Foenicis,699892,Auatha,Auatha,original,0,,,unknown,,,,,,1.0,SOFT_UNVERIFIED,0.000,EXACT_NO_CONTEXT,1.000
OCC000459,Oriens,Dux Foenicis,924,Nazala,tail,,Equites promoti indigenae,Foenicis,,,Foenicis,Foenicis,,Dux Foenicis / Dux Foenicis / Sub dispositione viri spectabilis ducis Foenicis,668315,Nazala,Nazala,original,0,34.260948,37.257544,unknown,AUGUSTA LIBANENSIS,20,,,,1.0,SOFT_MATCH,1.000,CONTEXT_EXACT,1.000
OCC000460,Oriens,Dux Foenicis,925,Abina,tail,,Equites sagittarii indigenae,Foenicis,,,Foenicis,Foenicis,,Dux Foenicis / Dux Foenicis / Sub dispositione viri spectabilis ducis Foenicis,915818,Abina,Abina,original,0,,,unknown,,,,,,1.0,SOFT_UNVERIFIED,0.000,EXACT_NO_CONTEXT,1.000
OCC000461,Oriens,Dux Foenicis,926,Casama,tail,,Equites sagittarii indigenae,Foenicis,,,Foenicis,Foenicis,,Dux Foenicis / Dux Foenicis / Sub dispositione viri spectabilis ducis Foenicis,678085,Casama,Casama,original,0,34.031455,36.700612,unknown,AUGUSTA LIBANENSIS,20,,,,1.0,SOFT_MATCH,1.000,CONTEXT_EXACT,1.000
OCC000463,Oriens,Dux Foenicis,928,Betproclis,tail,,Equites Saraceni indigenae,Foenicis,,,Foenicis,Foenicis,,Dux Foenicis / Dux Foenicis / Sub dispositione viri spectabilis ducis Foenicis,668212,Betproclis,Betproclis,original,0,34.639874,37.111805,unknown,SYRIA COELE,26,,,,1.0,SOFT_MISMATCH,0.333,EXACT_NO_CONTEXT,1.000
OCC000465,Oriens,Dux Foenicis,930,Adatha,tail,,Equites sagittarii indigenae,Foenicis,,,Foenicis,Foenicis,,Dux Foenicis / Dux Foenicis / Sub dispositione viri spectabilis ducis Foenicis,658366,Adatha,Adatha,original,0,37.702358,37.409481,unknown,AUGUSTA EUPHRATENSIS,41,,,,1.0,SOFT_MISMATCH,0.364,EXACT_NO_CONTEXT,1.000
OCC000466,Oriens,Dux Foenicis,931,Palmira,tail,Praefectus,legionis primae Illyricorum,Foenicis,,,Foenicis,Foenicis,,Dux Foenicis / Dux Foenicis / Sub dispositione viri spectabilis ducis Foenicis,668331,Palmyra,Palmira,original,0,34.553302,38.269948,temple-2,SYRIA COELE,26,,,,1.0,SOFT_MISMATCH,0.333,FUZZY_NO_CONTEXT,1.000
OCC000469,Oriens,Dux Foenicis,935,Veriaraca,tail,,Ala noun Diocletiana,Foenicis,,,Foenicis,Foenicis,,Dux Foenicis / Dux Foenicis / Et quae de minore laterculo emittuntur,668396,Veriaraca,Veriaraca,original,0,34.385516,38.082065,unknown,AUGUSTA LIBANENSIS,20,,,,1.0,SOFT_MATCH,1.000,CONTEXT_EXACT,1.000
OCC000470,Oriens,Dux Foenicis,936,Cunna,tail,,Ala prima Francorum,Foenicis,,,Foenicis,Foenicis,,Dux Foenicis / Dux Foenicis / Et quae de minore laterculo emittuntur,668233,Cunna,Cunna,original,0,34.266959,37.832095,unknown,AUGUSTA LIBANENSIS,20,,,,1.0,SOFT_MATCH,1.000,CONTEXT_EXACT,1.000
OCC000473,Oriens,Dux Foenicis,939,Rene,tail,,Ala prima Foenicum,Foenicis,,,Foenicis,Foenicis,,Dux Foenicis / Dux Foenicis / Et quae de minore laterculo emittuntur,876686,Rene,Rene,original,0,,,unknown,,,,,,1.0,SOFT_UNVERIFIED,0.000,EXACT_NO_CONTEXT,1.000
OCC000476,Oriens,Dux Foenicis,942,Oneuatha,tail,,Cohors quinta pacta Alamannorum,Foenicis,,,Foenicis,Foenicis,,Dux Foenicis / Dux Foenicis / Et quae de minore laterculo emittuntur,678315,Oneuatha,Oneuatha,original,0,34.018825,37.283135,unknown,AUGUSTA LIBANENSIS,20,,,,1.0,SOFT_MATCH,1.000,CONTEXT_EXACT,1.000
OCC000478,Oriens,Dux Foenicis,944,Valle Diocletiana,tail,,Cohors secunda Aegyptiorum,Foenicis,,,Foenicis,Foenicis,,Dux Foenicis / Dux Foenicis / Et quae de minore laterculo emittuntur,678447,Valle Diocletiana,Valle Diocletiana,original,0,33.753494,36.973873,unknown,AUGUSTA LIBANENSIS,20,,,,1.0,SOFT_MATCH,1.000,CONTEXT_EXACT,1.000
OCC000479,Oriens,Dux Foenicis,945,Thama,tail,,Cohors prima Orientalis,Foenicis,,,Foenicis,Foenicis,,Dux Foenicis / Dux Foenicis / Et quae de minore laterculo emittuntur,798107,Tama,Thama,original,0,,,unknown,,,,,,1.0,SOFT_UNVERIFIED,0.000,FUZZY_NO_CONTEXT,1.000
OCC000480,Oriens,Dux Syriae,958,Serianae,tail,,Equites scutarii Illyriciani,Syriae et Eufratensis Syriae,,,Syriae et Eufratensis Syriae,Syriae et Eufratensis Syriae,,Dux Syriae / Dux Syriae / Sub dispositiones viri spectabilis ducis Syriae et Eufratensis Syriae,668369,Seriane,Serianae,original,0,35.387685,37.800064,unknown,SYRIA COELE,26,,,,1.0,SOFT_MATCH,1.000,CONTEXT_FUZZY,1.000
OCC000481,Oriens,Dux Syriae,959,Occariba,tail,,Equites promoti Illyriciani,Syriae et Eufratensis Syriae,,,Syriae et Eufratensis Syriae,Syriae et Eufratensis Syriae,,Dux Syriae / Dux Syriae / Sub dispositiones viri spectabilis ducis Syriae et Eufratensis Syriae,668322,Occaraba,Occariba,original,0,35.076322,37.489463,unknown,SYRIA COELE,26,,,,0.875,SOFT_MATCH,1.000,,0.875
OCC000484,Oriens,Dux Syriae,962,Anatha,tail,,Equites sagittarii indigenae,Syriae et Eufratensis Syriae,,,Syriae et Eufratensis Syriae,Syriae et Eufratensis Syriae,,Dux Syriae / Dux Syriae / Sub dispositiones viri spectabilis ducis Syriae et Eufratensis Syriae,668196,Anatha,Anatha,original,0,34.671287,38.582516,unknown,SYRIA COELE,26,,,,1.0,SOFT_MATCH,1.000,CONTEXT_EXACT,1.000
OCC000485,Oriens,Dux Syriae,963,Acadama,tail,,Equites sagittarii,Syriae et Eufratensis Syriae,,,Syriae et Eufratensis Syriae,Syriae et Eufratensis Syriae,,Dux Syriae / Dux Syriae / Sub dispositiones viri spectabilis ducis Syriae et Eufratensis Syriae,668177,Acadama,Acadama,original,0,35.083196,38.423851,unknown,SYRIA COELE,26,,,,1.0,SOFT_MATCH,1.000,CONTEXT_EXACT,1.000
OCC000487,Oriens,Dux Syriae,965,Oresa,tail,Praefectus,legionis quartae Scythicae,Syriae et Eufratensis Syriae,,,Syriae et Eufratensis Syriae,Syriae et Eufratensis Syriae,,Dux Syriae / Dux Syriae / Sub dispositiones viri spectabilis ducis Syriae et Eufratensis Syriae,668323,Oresa,Oresa,original,0,35.124102,38.94342,unknown,SYRIA COELE,26,,,,1.0,SOFT_MATCH,1.000,CONTEXT_EXACT,1.000
OCC000488,Oriens,Dux Syriae,967,Barbalisso,tail,,Equites Dalmatae Illyriciani,Augusta Eufratensi,,Augusta Eufratensi,Syriae,Augusta Eufratensi,In Augusta Eufratensi,Dux Syriae / Dux Syriae / In Augusta Eufratensi,668208,Barbalissus,Barbalissus,original_case,0,36.01724,38.142301,unknown,OSRHOENE,37,,,,1.0,HARD_MISMATCH,0.150,CONTEXT_CONFLICT_EXACT,1.000
OCC000491,Oriens,Dux Syriae,970,Sura,tail,Praefectus,legionis sextaedecimae Flaviae firmae,Augusta Eufratensi,,Augusta Eufratensi,Syriae,Augusta Eufratensi,In Augusta Eufratensi,Dux Syriae / Dux Syriae / In Augusta Eufratensi,109359,Sura,Sura,original,0,49.5,5.5,unknown,BELGICA I,92,,,,1.0,HARD_MISMATCH,0.071,CONTEXT_CONFLICT_EXACT,1.000
OCC000494,Oriens,Dux Syriae,974,Helela,tail,,Cohors prima Gotthorum,Syriae,,,Syriae,Syriae,,Dux Syriae / Dux Syriae / Et quae de minor laterculo emittuntur,668259,Helela,Helela,original,0,34.778675,38.733046,unknown,SYRIA COELE,26,,,,1.0,SOFT_MATCH,1.000,CONTEXT_EXACT,1.000
OCC000497,Oriens,Dux Syriae,977,Ammattha,tail,,Cohors prima victorum,Syriae,,,Syriae,Syriae,,Dux Syriae / Dux Syriae / Et quae de minor laterculo emittuntur,668183,Ammattha,Ammattha,original,0,35.684651,37.65125,unknown,SYRIA COELE,26,,,,1.0,SOFT_MATCH,1.000,CONTEXT_EXACT,1.000
OCC000498,Oriens,Dux Palaestinae,990,Benosabae,tail,,Equites Dalmatae Illyriciani,Palaestinae,,,Palaestinae,Palaestinae,,Dux Palaestinae / Dux Palaestinae,687846,Berosaba,Benosaba,original_case,0,31.250369,34.790451,unknown,PALAESTINA,11,,,,0.875,SOFT_MATCH,1.000,,0.875
OCC000499,Oriens,Dux Palaestinae,991,Benosabae,tail,,Equites Dalmatae Illyriciani,Palaestinae,,,Palaestinae,Palaestinae,,Dux Palaestinae / Dux Palaestinae,687846,Berosaba,Benosaba,original_case,0,31.250369,34.790451,unknown,PALAESTINA,11,,,,0.875,SOFT_MATCH,1.000,,0.875
OCC000500,Oriens,Dux Palaestinae,992,Menochiae,tail,,Equites promoti Illyriciani,Palaestinae,,,Palaestinae,Palaestinae,,Dux Palaestinae / Dux Palaestinae,687964,Menochia,Menochia,original_case,0,31.334516,34.399245,unknown,PALAESTINA,11,,,,1.0,SOFT_MATCH,1.000,CONTEXT_EXACT,1.000
OCC000502,Oriens,Dux Palaestinae,994,Aeliae,tail,,Equites Mauri Illyriciani,Palaestinae,,,Palaestinae,Palaestinae,,Dux Palaestinae / Dux Palaestinae,324657,Aeliae,Aeliae,original,0,35.4232,10.437678,unknown,BYZACENA,7,,,,1.0,SOFT_MISMATCH,0.222,EXACT_NO_CONTEXT,1.000
OCC000503,Oriens,Dux Palaestinae,995,Birsama,tail,,Equites Thamudeni Illyriciani,Palaestinae,,,Palaestinae,Palaestinae,,Dux Palaestinae / Dux Palaestinae,687864,Birsama,Birsama,original,0,31.26045,34.537078,unknown,PALAESTINA,11,,,,1.0,SOFT_MATCH,1.000,CONTEXT_EXACT,1.000
OCC000505,Oriens,Dux Palaestinae,997,Zodocathae,tail,,Equites promiti indigenae,Palaestinae,,,Palaestinae,Palaestinae,,Dux Palaestinae / Dux Palaestinae,697769,Zodacatha,Zodocatha,original_case,0,30.186526,35.512756,unknown,,,PALAESTINA,11,6.18,0.875,SOFT_NEAR_MATCH,1.000,,0.875
OCC000507,Oriens,Dux Palaestinae,999,Zoarae,tail,,Equites sagittarii indigenae,Palaestinae,,,Palaestinae,Palaestinae,,Dux Palaestinae / Dux Palaestinae,697768,Zoara,Zoara,original_case,0,31.02726,35.481813,unknown,PALAESTINA,11,,,,1.0,SOFT_MATCH,1.000,CONTEXT_EXACT,1.000
OCC000508,Oriens,Dux Palaestinae,1000,Robatha,tail,,Equites sagittarii indigenae,Palaestinae,,,Palaestinae,Palaestinae,,Dux Palaestinae / Dux Palaestinae,699908,Robatha,Robatha,original,0,,,unknown,,,,,,1.0,SOFT_UNVERIFIED,0.000,EXACT_NO_CONTEXT,1.000
OCC000509,Oriens,Dux Palaestinae,1001,Sabure,tail,,Equites primi felices Palaestini,Palaestinae,,,Palaestinae,Palaestinae,,Dux Palaestinae / Dux Palaestinae,697750,Sabure,Sabure,original,0,30.314037,35.385319,unknown,PALAESTINA,11,,,,1.0,SOFT_MATCH,1.000,CONTEXT_EXACT,1.000
OCC000510,Oriens,Dux Palaestinae,1001,Veterocariae,tail,,Equites primi felices Palaestini,Palaestinae,,,Palaestinae,Palaestinae,,Dux Palaestinae / Dux Palaestinae,697750,Veterocaria,Veterocaria,original_case,0,30.314037,35.385319,unknown,PALAESTINA,11,,,,1.0,SOFT_MATCH,1.000,CONTEXT_EXACT,1.000
OCC000511,Oriens,Dux Palaestinae,1002,Moahile,tail,,Equites sagittarii indigenae,Palaestinae,,,Palaestinae,Palaestinae,,Dux Palaestinae / Dux Palaestinae,748965,Moahile,Moahile,original,0,,,unknown,,,,,,1.0,SOFT_UNVERIFIED,0.000,EXACT_NO_CONTEXT,1.000
OCC000512,Oriens,Dux Palaestinae,1003,Ailae,tail,Praefectus,legionis decimae Fretensis,Palaestinae,,,Palaestinae,Palaestinae,,Dux Palaestinae / Dux Palaestinae,746700,Aila,Aila,original_case,0,29.796591,34.94276,unknown,PALAESTINA,11,,,,1.0,SOFT_MATCH,1.000,CONTEXT_EXACT,1.000
OCC000513,Oriens,Dux Palaestinae,1005,Asuada,tail,,Ala prima miliaria Sebastena,Palaestinae,,,Palaestinae,Palaestinae,,Dux Palaestinae / Dux Palaestinae / Et quae de minore laterculo emittuntur,699891,Asuada,Asuada,original,0,,,unknown,,,,,,1.0,SOFT_UNVERIFIED,0.000,EXACT_NO_CONTEXT,1.000
OCC000514,Oriens,Dux Palaestinae,1006,Admatha,tail,,Ala Antana dromedariorum,Palaestinae,,,Palaestinae,Palaestinae,,Dux Palaestinae / Dux Palaestinae / Et quae de minore laterculo emittuntur,678131,Admatha,Admatha,original,0,32.684043,35.665625,unknown,PALAESTINA,11,,,,1.0,SOFT_MATCH,1.000,CONTEXT_EXACT,1.000
OCC000515,Oriens,Dux Palaestinae,1007,Toloha,tail,,Ala Constantiana,Palaestinae,,,Palaestinae,Palaestinae,,Dux Palaestinae / Dux Palaestinae / Et quae de minore laterculo emittuntur,697755,Toloha,Toloha,original,0,30.843214,35.406656,unknown,PALAESTINA,11,,,,1.0,SOFT_MATCH,1.000,CONTEXT_EXACT,1.000
OCC000516,Oriens,Dux Palaestinae,1008,apud Praesidium,tail,,Ala secunda felix Valentiana,Palaestinae,,,Palaestinae,Palaestinae,,Dux Palaestinae / Dux Palaestinae / Et quae de minore laterculo emittuntur,697729,Praesidium,Praesidium,strip_preposition,0,30.944103,35.442258,unknown,PALAESTINA,11,,,,1.0,SOFT_MATCH,1.000,CONTEXT_EXACT,1.000
OCC000518,Oriens,Dux Palaestinae,1011,Afro,tail,,Cohors duodecima Valeria,Palaestinae,,,Palaestinae,Palaestinae,,Dux Palaestinae / Dux Palaestinae / Et quae de minore laterculo emittuntur,699887,Afro,Afro,original,0,,,unknown,,,,,,1.0,SOFT_UNVERIFIED,0.000,EXACT_NO_CONTEXT,1.000
OCC000519,Oriens,Dux Palaestinae,1012,Cartha,tail,,Cohors decima Carthaginensis,Palaestinae,,,Palaestinae,Palaestinae,,Dux Palaestinae / Dux Palaestinae / Et quae de minore laterculo emittuntur,699911,Cartha,Cartha,original,0,,,unknown,,,,,,1.0,SOFT_UNVERIFIED,0.000,EXACT_NO_CONTEXT,1.000
OCC000520,Oriens,Dux Palaestinae,1013,Tarba,tail,,Cohors prima agentenaria,Palaestinae,,,Palaestinae,Palaestinae,,Dux Palaestinae / Dux Palaestinae / Et quae de minore laterculo emittuntur,246679,Tarba,Tarba,original,0,43.23314,0.074264,unknown,NOVEM POPULI,66,,,,1.0,SOFT_MISMATCH,0.222,EXACT_NO_CONTEXT,1.000
OCC000521,Oriens,Dux Palaestinae,1014,Praesidio,tail,,Cohors quarta Frygium,Palaestinae,,,Palaestinae,Palaestinae,,Dux Palaestinae / Dux Palaestinae / Et quae de minore laterculo emittuntur,697729,Praesidium,Praesidium,original_case,0,30.944103,35.442258,unknown,PALAESTINA,11,,,,1.0,SOFT_MATCH,1.000,CONTEXT_EXACT,1.000
OCC000524,Oriens,Dux Palaestinae,1017,Arieldela,tail,,Cohors secunda Galatarum,Palaestinae,,,Palaestinae,Palaestinae,,Dux Palaestinae / Dux Palaestinae / Et quae de minore laterculo emittuntur,746715,Arieldela,Arieldela,original,0,30.08098,35.236212,unknown,PALAESTINA,11,,,,1.0,SOFT_MATCH,1.000,CONTEXT_EXACT,1.000
OCC000528,Oriens,Dux Osrhoenae,1035,Callinico,tail,,Equites promoti Illyriciani,Osrhoenae,,,Osrhoenae,Osrhoenae,,Dux Osrhoenae / Dux Osrhoenae / Sub dispositione viri spectabilis ducis Osrhoenae,668318,Callinicum,Callinicum,original_case,0,35.972501,39.08287,unknown,OSRHOENE,37,,,,1.0,SOFT_MATCH,1.000,CONTEXT_EXACT,1.000
OCC000529,Oriens,Dux Osrhoenae,1036,Dabana,tail,,Equites Mauri Illyriciani,Osrhoenae,,,Osrhoenae,Osrhoenae,,Dux Osrhoenae / Dux Osrhoenae / Sub dispositione viri spectabilis ducis Osrhoenae,658448,Dabana,Dabana,original,0,36.663746,38.951714,unknown,OSRHOENE,37,,,,1.0,SOFT_MATCH,1.000,CONTEXT_EXACT,1.000
OCC000532,Oriens,Dux Osrhoenae,1039,Oraba,tail,,Equites sagittarii indigenae,Osrhoenae,,,Osrhoenae,Osrhoenae,,Dux Osrhoenae / Dux Osrhoenae / Sub dispositione viri spectabilis ducis Osrhoenae,874688,Oraba,Oraba,original,0,36.244537,40.707477,unknown,,,OSRHOENE,37,3.74,1.0,SOFT_NEAR_MATCH,1.000,CONTEXT_NEAR_EXACT,1.000
OCC000533,Oriens,Dux Osrhoenae,1040,Thillazamana,tail,,Equites sagittarii indigenae,Osrhoenae,,,Osrhoenae,Osrhoenae,,Dux Osrhoenae / Dux Osrhoenae / Sub dispositione viri spectabilis ducis Osrhoenae,876723,Thillazamana,Thillazamana,original,0,,,unknown,,,,,,1.0,SOFT_UNVERIFIED,0.000,EXACT_NO_CONTEXT,1.000
OCC000535,Oriens,Dux Osrhoenae,1042,Rasin,tail,,Equites primi Osrhoeni,Osrhoenae,,,Osrhoenae,Osrhoenae,,Dux Osrhoenae / Dux Osrhoenae / Sub dispositione viri spectabilis ducis Osrhoenae,876684,Rasin,Rasin,original,0,,,unknown,,,,,,1.0,SOFT_UNVERIFIED,0.000,EXACT_NO_CONTEXT,1.000
OCC000536,Oriens,Dux Osrhoenae,1043,Circesio,tail,Praefectus,legionis quartae Parthicae,Osrhoenae,,,Osrhoenae,Osrhoenae,,Dux Osrhoenae / Dux Osrhoenae / Sub dispositione viri spectabilis ducis Osrhoenae,893974,Circesium,Circesium,original_case,0,35.334435,40.326381,unknown,OSRHOENE,37,,,,1.0,SOFT_MATCH,1.000,CONTEXT_EXACT,1.000
OCC000539,Oriens,Dux Osrhoenae,1048,Thillafica,tail,,Ala secunda Paflagonum,Osrhoenae,,,Osrhoenae,Osrhoenae,,Dux Osrhoenae / Dux Osrhoenae / Et quae de minore laterculo emittuntur,876722,Thillafica,Thillafica,original,0,,,unknown,,,,,,1.0,SOFT_UNVERIFIED,0.000,EXACT_NO_CONTEXT,1.000
OCC000541,Oriens,Dux Osrhoenae,1051,Thillaamana,tail,,Cohors prima Gaetulorum,Osrhoenae,,,Osrhoenae,Osrhoenae,,Dux Osrhoenae / Dux Osrhoenae / Et quae de minore laterculo emittuntur,876723,Thillazamana,Thillaamana,original,0,,,unknown,,,,,,0.9090909090909091,SOFT_UNVERIFIED,0.000,FUZZY_NO_CONTEXT,0.909
OCC000543,Oriens,Dux Osrhoenae,1053,Duodecimo constituta,tail,,Ala prima salutaria,Osrhoenae,,,Osrhoenae,Osrhoenae,,Dux Osrhoenae / Dux Osrhoenae / Et quae de minore laterculo emittuntur,876623,Duodecimum,Duodecimum,first_word_case,1,,,unknown,,,,,,1.0,SOFT_UNVERIFIED,0.000,EXACT_NO_CONTEXT,1.000
OCC000544,Oriens,Dux Mesopotamiae,1066,Amidae,tail,,Equites scutarii Illyriciani,Mesopotamiae,,,Mesopotamiae,Mesopotamiae,,Dux Mesopotamiae / Dux Mesopotamiae / Sub dispositione viri spectibilis ducis Mesopotamiae,874298,Amida,Amida,original_case,0,37.911777,40.224033,unknown,,,MESOPOTAMIA,45,8.60,1.0,SOFT_NEAR_MATCH,1.000,CONTEXT_NEAR_EXACT,1.000
OCC000545,Oriens,Dux Mesopotamiae,1067,Resain - Theodosiopoli,tail,,Equites promoti Illyriciani,Mesopotamiae,,,Mesopotamiae,Mesopotamiae,,Dux Mesopotamiae / Dux Mesopotamiae / Sub dispositione viri spectibilis ducis Mesopotamiae,874662,Theodosiopolis,Theodosiopolis,alias_case,0,36.825837,40.049623,unknown,MESOPOTAMIA,45,,,,1.0,SOFT_MATCH,1.000,CONTEXT_EXACT,1.000
OCC000546,Oriens,Dux Mesopotamiae,1068,Amidae,tail,,Equites ducatores Illyriciani,Mesopotamiae,,,Mesopotamiae,Mesopotamiae,,Dux Mesopotamiae / Dux Mesopotamiae / Sub dispositione viri spectibilis ducis Mesopotamiae,874298,Amida,Amida,original_case,0,37.911777,40.224033,unknown,,,MESOPOTAMIA,45,8.60,1.0,SOFT_NEAR_MATCH,1.000,CONTEXT_NEAR_EXACT,1.000
OCC000547,Oriens,Dux Mesopotamiae,1069,Constantia,tail,,Equites felices Honoriani Illyriciani,Mesopotamiae,,,Mesopotamiae,Mesopotamiae,,Dux Mesopotamiae / Dux Mesopotamiae / Sub dispositione viri spectibilis ducis Mesopotamiae,874324,Constantia,Constantia,original,0,37.233333,39.766666,unknown,MESOPOTAMIA,45,,,,1.0,SOFT_MATCH,1.000,CONTEXT_EXACT,1.000
OCC000550,Oriens,Dux Mesopotamiae,1072,Mefana - Cartha,tail,,Equites sagittarii indigenae Arabanenses,Mesopotamiae,,,Mesopotamiae,Mesopotamiae,,Dux Mesopotamiae / Dux Mesopotamiae / Sub dispositione viri spectibilis ducis Mesopotamiae,699911,Cartha,Cartha,alias,0,,,unknown,,,,,,1.0,SOFT_UNVERIFIED,0.000,EXACT_NO_CONTEXT,1.000
OCC000553,Oriens,Dux Mesopotamiae,1075,Thannuri,tail,,Equites sagittarii indigenae,Mesopotamiae,,,Mesopotamiae,Mesopotamiae,,Dux Mesopotamiae / Dux Mesopotamiae / Sub dispositione viri spectibilis ducis Mesopotamiae,874762,Thannuris,Thannuris,original_case,0,36.438598,40.86652,unknown,,,MESOPOTAMIA,45,15.46,1.0,SOFT_UNVERIFIED,0.000,EXACT_NO_CONTEXT,1.000
OCC000556,Oriens,Dux Mesopotamiae,1079,Cartha,tail,,Ala secunda nova Aegyptiorum,Mesopotamiae,,,Mesopotamiae,Mesopotamiae,,Dux Mesopotamiae / Dux Mesopotamiae / Et quae de minore laterculo emittuntur,699911,Cartha,Cartha,original,0,,,unknown,,,,,,1.0,SOFT_UNVERIFIED,0.000,EXACT_NO_CONTEXT,1.000
OCC000557,Oriens,Dux Mesopotamiae,1080,Ripaltha,tail,,Ala octava Flavia Francorum,Mesopotamiae,,,Mesopotamiae,Mesopotamiae,,Dux Mesopotamiae / Dux Mesopotamiae / Et quae de minore laterculo emittuntur,876689,Ripaltha,Ripaltha,original,0,,,unknown,,,,,,1.0,SOFT_UNVERIFIED,0.000,EXACT_NO_CONTEXT,1.000
OCC000558,Oriens,Dux Mesopotamiae,1081,Caini,tail,,Ala quintadecima Flavia Carduenorum,Mesopotamiae,,,Mesopotamiae,Mesopotamiae,,Dux Mesopotamiae / Dux Mesopotamiae / Et quae de minore laterculo emittuntur,876602,Caini,Caini,original,0,,,unknown,,,,,,1.0,SOFT_UNVERIFIED,0.000,EXACT_NO_CONTEXT,1.000
OCC000559,Oriens,Dux Mesopotamiae,1082,Bethallaha,tail,,Cohors quinquagenaria Arabum,Mesopotamiae,,,Mesopotamiae,Mesopotamiae,,Dux Mesopotamiae / Dux Mesopotamiae / Et quae de minore laterculo emittuntur,876591,Bethallaha,Bethallaha,original,0,,,unknown,,,,,,1.0,SOFT_UNVERIFIED,0.000,EXACT_NO_CONTEXT,1.000
OCC000561,Oriens,Dux Arabiae,1096,Motha,tail,,Equites scutarii Illyriciani,Arabiae,,,Arabiae,Arabiae,,Dux Arabiae / Dux Arabiae / Sub dispositione viri spectabilis ducis Arabiae,678289,Motha,Motha,original,0,32.41855,36.818713,unknown,,,ARABIA,16,0.44,1.0,SOFT_NEAR_MATCH,1.000,CONTEXT_NEAR_EXACT,1.000
OCC000562,Oriens,Dux Arabiae,1097,Tricomia,tail,,Equites promoti Illyriciani,Arabiae,,,Arabiae,Arabiae,,Dux Arabiae / Dux Arabiae / Sub dispositione viri spectabilis ducis Arabiae,678436,Tricomia,Tricomia,original,0,32.491336,36.712059,unknown,ARABIA,16,,,,1.0,SOFT_MATCH,1.000,CONTEXT_EXACT,1.000
OCC000563,Oriens,Dux Arabiae,1098,Ziza,tail,,Equites Dalmatae Illyriciani,Arabiae,,,Arabiae,Arabiae,,Dux Arabiae / Dux Arabiae / Sub dispositione viri spectabilis ducis Arabiae,697767,Ziza,Ziza,original,0,31.703711,35.952182,unknown,ARABIA,16,,,,1.0,SOFT_MATCH,1.000,CONTEXT_EXACT,1.000
OCC000564,Oriens,Dux Arabiae,1099,Areopoli,tail,,Equites Mauri Illyriciani,Arabiae,,,Arabiae,Arabiae,,Dux Arabiae / Dux Arabiae / Sub dispositione viri spectabilis ducis Arabiae,697632,Areopolis,Areopolis,original_case,0,31.272021,35.736,unknown,ARABIA,16,,,,1.0,SOFT_MATCH,1.000,CONTEXT_EXACT,1.000
OCC000567,Oriens,Dux Arabiae,1102,Gadda,tail,,Equites sagittari indigenae,Arabiae,,,Arabiae,Arabiae,,Dux Arabiae / Dux Arabiae / Sub dispositione viri spectabilis ducis Arabiae,697666,Gadda,Gadda,original,0,32.026672,36.081722,unknown,ARABIA,16,,,,1.0,SOFT_MATCH,1.000,CONTEXT_EXACT,1.000
OCC000568,Oriens,Dux Arabiae,1103,Bostra,tail,Praefectus,legionis tertiae Cyrenaicae,Arabiae,,,Arabiae,Arabiae,,Dux Arabiae / Dux Arabiae / Sub dispositione viri spectabilis ducis Arabiae,678073,Bostra,Bostra,original,0,32.517831,36.48369,unknown,ARABIA,16,,,,1.0,SOFT_MATCH,1.000,CONTEXT_EXACT,1.000
OCC000569,Oriens,Dux Arabiae,1104,Betthoro,tail,Praefectus,legionis quartae Martiae,Arabiae,,,Arabiae,Arabiae,,Dux Arabiae / Dux Arabiae / Sub dispositione viri spectabilis ducis Arabiae,697643,Betthorus,Betthorus,original_case,0,31.236867,35.86807,unknown,ARABIA,16,,,,1.0,SOFT_MATCH,1.000,CONTEXT_EXACT,1.000
OCC000571,Oriens,Dux Arabiae,1107,Auatha,tail,,Ala nona miliaria,Arabiae,,,Arabiae,Arabiae,,Dux Arabiae / Dux Arabiae / Et quae de minore laterculo emittuntur,699892,Auatha,Auatha,original,0,,,unknown,,,,,,1.0,SOFT_UNVERIFIED,0.000,EXACT_NO_CONTEXT,1.000
OCC000573,Oriens,Dux Arabiae,1109,Libona,tail,,Ala secunda Constantiana,Arabiae,,,Arabiae,Arabiae,,Dux Arabiae / Dux Arabiae / Et quae de minore laterculo emittuntur,699901,Libona,Libona,original,0,,,unknown,,,,,,1.0,SOFT_UNVERIFIED,0.000,EXACT_NO_CONTEXT,1.000
OCC000574,Oriens,Dux Arabiae,1110,Naarsafari,tail,,Ala secunda Miliarensis,Arabiae,,,Arabiae,Arabiae,,Dux Arabiae / Dux Arabiae / Et quae de minore laterculo emittuntur,699904,Naar Safari,Naarsafari,original,0,,,unknown,,,,,,1.0,SOFT_UNVERIFIED,0.000,FUZZY_NO_CONTEXT,1.000
OCC000575,Oriens,Dux Arabiae,1111,Thainatha,tail,,Ala prima Valentiana,Arabiae,,,Arabiae,Arabiae,,Dux Arabiae / Dux Arabiae / Et quae de minore laterculo emittuntur,678423,Thainatha,Thainatha,original,0,32.269976,36.228985,unknown,ARABIA,16,,,,1.0,SOFT_MATCH,1.000,CONTEXT_EXACT,1.000
OCC000578,Oriens,Dux Arabiae,1114,Asabaia,tail,,Cohors prima Thracum,Arabiae,,,Arabiae,Arabiae,,Dux Arabiae / Dux Arabiae / Et quae de minore laterculo emittuntur,699890,Asabaia,Asabaia,original,0,,,unknown,,,,,,1.0,SOFT_UNVERIFIED,0.000,EXACT_NO_CONTEXT,1.000
OCC000579,Oriens,Dux Arabiae,1115,Ualtha,tail,,Cohors octava voluntaria,Arabiae,,,Arabiae,Arabiae,,Dux Arabiae / Dux Arabiae / Et quae de minore laterculo emittuntur,697762,Valtha,Ualtha,original,0,31.554249,35.772658,unknown,ARABIA,16,,,,1.0,SOFT_MATCH,1.000,CONTEXT_FUZZY,1.000
OCC000583,Oriens,Dux Armeniae,1140,Domana,tail,,Equites sagittarii,Armeniae,,,Armeniae,Armeniae,,Dux Armeniae / Dux Armeniae / Sub dispositione viri spectabilis ducis Armeniae,857111,Domana,Domana,original,0,40.212239,39.651311,unknown,PONTUS POLEMONIACUS,73,,,,1.0,SOFT_MISMATCH,0.333,EXACT_NO_CONTEXT,1.000
OCC000584,Oriens,Dux Armeniae,1141,Satala,tail,Praefectus,legionis quintadecimae Apollinaris,Armeniae,,,Armeniae,Armeniae,,Dux Armeniae / Dux Armeniae / Sub dispositione viri spectabilis ducis Armeniae,874684,Satala,Satala,original,0,40.027787,39.597934,fort,ARMENIA MINOR,64,,,,1.0,SOFT_MATCH,1.000,CONTEXT_EXACT,1.000
OCC000585,Oriens,Dux Armeniae,1142,Melitena,tail,Praefectus,legionis duodecimae fulminatae,Armeniae,,,Armeniae,Armeniae,,Dux Armeniae / Dux Armeniae / Sub dispositione viri spectabilis ducis Armeniae,629040,Melitena,Melitena,original,0,38.34767,38.314627,unknown,CAPPADOCIA,51,,,,1.0,SOFT_MISMATCH,0.300,EXACT_NO_CONTEXT,1.000
OCC000586,Oriens,Dux Armeniae,1144,Trapezunta,tail,Praefectus,legionis primae Ponticae,Ponto,,Ponto,Armeniae,Ponto,In Ponto,Dux Armeniae / Dux Armeniae / In Ponto,857359,Trapezunt,Trapezunta,original,0,41.002662,39.718172,unknown,PONTUS POLEMONIACUS,73,,,,0.9,HARD_MATCH,1.000,CONTEXT_FUZZY,0.900
OCC000590,Oriens,Dux Armeniae,1149,Chiaca,tail,,Ala prima Augusta Colonorum,Armeniae,,,Armeniae,Armeniae,,Dux Armeniae / Dux Armeniae / Et quae de minore laterculo emittuntur,629008,Chiaca,Chiaca,original,0,38.684258,38.39808,unknown,,,CAPPADOCIA,51,3.18,1.0,SOFT_NEAR_MISMATCH,0.300,EXACT_NO_CONTEXT,1.000
OCC000591,Oriens,Dux Armeniae,1150,Dascusa,tail,,Ala Auriana,Armeniae,,,Armeniae,Armeniae,,Dux Armeniae / Dux Armeniae / Et quae de minore laterculo emittuntur,628963,Dascusa,Dascusa,original,0,38.941935,38.715521,unknown,,,CAPPADOCIA,51,6.76,1.0,SOFT_NEAR_MISMATCH,0.300,EXACT_NO_CONTEXT,1.000
OCC000592,Oriens,Dux Armeniae,1151,Suissa,tail,,Ala prima Ulpia Dacorum,Armeniae,,,Armeniae,Armeniae,,Dux Armeniae / Dux Armeniae / Et quae de minore laterculo emittuntur,860859,Suissa,Suissa,original,0,,,unknown,,,,,,1.0,SOFT_UNVERIFIED,0.000,EXACT_NO_CONTEXT,1.000
OCC000594,Oriens,Dux Armeniae,1155,Metita,tail,,Cohors tertia Ulpia miliaria Petraeorum,Armeniae,,,Armeniae,Armeniae,,Dux Armeniae / Dux Armeniae / Et quae de minore laterculo emittuntur,874603,Metita,Metita,original,0,38.161074,39.14419,unknown,,,CAPPADOCIA,51,19.70,1.0,SOFT_UNVERIFIED,0.000,EXACT_NO_CONTEXT,1.000
OCC000595,Oriens,Dux Armeniae,1156,Analiba,tail,,Cohors quarta Raetorum,Armeniae,,,Armeniae,Armeniae,,Dux Armeniae / Dux Armeniae / Et quae de minore laterculo emittuntur,628922,Analiba,Analiba,original,0,39.528217,38.582014,unknown,ARMENIA MINOR,64,,,,1.0,SOFT_MATCH,1.000,CONTEXT_EXACT,1.000
OCC000597,Oriens,Dux Armeniae,1158,Sisila,tail,,Cohors miliaria Germanorum,Armeniae,,,Armeniae,Armeniae,,Dux Armeniae / Dux Armeniae / Et quae de minore laterculo emittuntur,876704,Sisila,Sisila,original,0,,,unknown,,,,,,1.0,SOFT_UNVERIFIED,0.000,EXACT_NO_CONTEXT,1.000
OCC000598,Oriens,Dux Armeniae,1159,Chaszanenica,tail,,Ala prima Iovia felix,Armeniae,,,Armeniae,Armeniae,,Dux Armeniae / Dux Armeniae / Et quae de minore laterculo emittuntur,857137,Chaszanenica,Chaszanenica,original,0,40.761648,39.598493,unknown,PONTUS POLEMONIACUS,73,,,,1.0,SOFT_MISMATCH,0.333,EXACT_NO_CONTEXT,1.000
OCC000599,Oriens,Dux Armeniae,1160,Pithiae,tail,,Ala prima felix Theodosiana,Armeniae,,,Armeniae,Armeniae,,Dux Armeniae / Dux Armeniae / Et quae de minore laterculo emittuntur,857283,Pithiae,Pithiae,original,0,43.162916,40.334472,unknown,,,PONTUS POLEMONIACUS,73,238.50,1.0,SOFT_UNVERIFIED,0.000,EXACT_NO_CONTEXT,1.000
OCC000601,Oriens,Dux Armeniae,1162,Ysiporto,tail,,Cohors Apuleia civium Romanorum,Armeniae,,,Armeniae,Armeniae,,Dux Armeniae / Dux Armeniae / Et quae de minore laterculo emittuntur,857291,Ysiporto,Ysiporto,original,0,40.942435,40.039388,unknown,,,PONTUS POLEMONIACUS,73,1.29,1.0,SOFT_NEAR_MISMATCH,0.333,EXACT_NO_CONTEXT,1.000
OCC000604,Oriens,Dux Armeniae,1165,Ziganne,tail,,Cohors secunda Valentiana,Armeniae,,,Armeniae,Armeniae,,Dux Armeniae / Dux Armeniae / Et quae de minore laterculo emittuntur,857385,Ziganne,Ziganne,original,0,42.631325,41.504797,unknown,,,PONTUS POLEMONIACUS,73,204.02,1.0,SOFT_UNVERIFIED,0.000,EXACT_NO_CONTEXT,1.000
OCC000605,Oriens,Dux Armeniae,1166,Mochora,tail,,Cohors,Armeniae,,,Armeniae,Armeniae,,Dux Armeniae / Dux Armeniae / Et quae de minore laterculo emittuntur,863842,Mochora,Mochora,original,0,42.5,42.5,unknown,,,PONTUS POLEMONIACUS,73,242.14,1.0,SOFT_UNVERIFIED,0.000,EXACT_NO_CONTEXT,1.000
OCC000607,Oriens,Dux Scythiae,1180,Capidaua,tail,,Cuneus equitum Solensium,Scythiae,,,Scythiae,Scythiae,,Dux Scythiae / Dux Scythiae / Sub dispositione viri spectabilis ducis Scythiae,216748,Capidava,Capidaua,original,0,44.493688,28.090266,unknown,SCYTHIA,81,,,,1.0,SOFT_MATCH,1.000,CONTEXT_FUZZY,1.000
OCC000610,Oriens,Dux Scythiae,1183,Arubio,tail,,Cuneus equitum catafractariorum,Scythiae,,,Scythiae,Scythiae,,Dux Scythiae / Dux Scythiae / Sub dispositione viri spectabilis ducis Scythiae,216712,Arubium,Arubium,original_case,0,45.253041,28.137099,unknown,SCYTHIA,81,,,,1.0,SOFT_MATCH,1.000,CONTEXT_EXACT,1.000
OCC000612,Oriens,Dux Scythiae,1185,Talamonio,tail,,Cuneus equitum Arcadum,Scythiae,,,Scythiae,Scythiae,,Dux Scythiae / Dux Scythiae / Sub dispositione viri spectabilis ducis Scythiae,217007,Thalamonium,Talamonium,original_case,0,45.149867,28.916885,unknown,SCYTHIA,81,,,,1.0,SOFT_MATCH,1.000,CONTEXT_FUZZY,1.000
OCC000613,Oriens,Dux Scythiae,1187,Flaviana,tail,,Milites navclarii,Scythiae,,,Scythiae,Scythiae,,Dux Scythiae / Dux Scythiae / Auxiliares,216811,Flaviana,Flaviana,original,0,44.24818,27.948318,unknown,SCYTHIA,81,,,,1.0,SOFT_MATCH,1.000,CONTEXT_EXACT,1.000
OCC000614,Oriens,Dux Scythiae,1188,Axiupoli,tail,,Milites superventores,Scythiae,,,Scythiae,Scythiae,,Dux Scythiae / Dux Scythiae / Auxiliares,216722,Axiopolis,Axiupolis,original_case,0,44.316703,28.016871,unknown,SCYTHIA,81,,,,0.8888888888888888,SOFT_MATCH,1.000,,0.889
OCC000618,Oriens,Dux Scythiae,1192,Nouioduro,tail,,Milites primi Constantini,Scythiae,,,Scythiae,Scythiae,,Dux Scythiae / Dux Scythiae / Auxiliares,216900,Noviodunum,Nouiodurum,original_case,0,45.270526,28.491915,settlement,SCYTHIA,81,,,,0.9,SOFT_MATCH,1.000,CONTEXT_FUZZY,0.900
OCC000619,Oriens,Dux Scythiae,1193,Salsouia,tail,,Milites quinti Constantini,Scythiae,,,Scythiae,Scythiae,,Dux Scythiae / Dux Scythiae / Auxiliares,226748,Salsovia,Salsouia,original,0,45.066464,29.123993,unknown,SCYTHIA,81,,,,1.0,SOFT_MATCH,1.000,CONTEXT_FUZZY,1.000
OCC000620,Oriens,Dux Scythiae,1194,Gratiana,tail,,Milites primi Gratianenses,Scythiae,,,Scythiae,Scythiae,,Dux Scythiae / Dux Scythiae / Auxiliares,226611,Gratiana,Gratiana,original,0,45.036639,29.161736,unknown,SCYTHIA,81,,,,1.0,SOFT_MATCH,1.000,CONTEXT_EXACT,1.000
OCC000622,Oriens,Dux Scythiae,1197,Axiupoli,tail,Praefectus,ripae legionis secundae Herculiae cohortis quintae pedaturae inferioris,Scythiae,,,Scythiae,Scythiae,,Dux Scythiae / Dux Scythiae / Item legiones riparienses,216722,Axiopolis,Axiupolis,original_case,0,44.316703,28.016871,unknown,SCYTHIA,81,,,,0.8888888888888888,SOFT_MATCH,1.000,,0.889
OCC000624,Oriens,Dux Scythiae,1199,Nouioduno,tail,Praefectus,legionis primae Ioviae,Scythiae,,,Scythiae,Scythiae,,Dux Scythiae / Dux Scythiae / Item legiones riparienses,216900,Noviodunum,Nouiodunum,original_case,0,45.270526,28.491915,settlement,SCYTHIA,81,,,,1.0,SOFT_MATCH,1.000,CONTEXT_FUZZY,1.000
OCC000625,Oriens,Dux Scythiae,1200,Nouioduno,tail,Praefectus,ripae legionis primae Ioviae cohortis quintae pedaturae superioris,Scythiae,,,Scythiae,Scythiae,,Dux Scythiae / Dux Scythiae / Item legiones riparienses,216900,Noviodunum,Nouiodunum,original_case,0,45.270526,28.491915,settlement,SCYTHIA,81,,,,1.0,SOFT_MATCH,1.000,CONTEXT_FUZZY,1.000
OCC000627,Oriens,Dux Moesiae secundae,1216,Securisca,tail,,Cuneus equitum scutariorum,moesiae secundae,,,moesiae secundae,moesiae secundae,,Dux Moesiae secundae / Dux Moesiae secundae / Sub dispositione viri spectabilis ducis moesiae secundae,216978,Securisca,Securisca,original,0,43.702592,24.834372,unknown,MOESIA INFERIOR,74,,,,1.0,SOFT_MATCH,1.000,CONTEXT_EXACT,1.000
OCC000628,Oriens,Dux Moesiae secundae,1217,Dimo,tail,,Cuneus equitum Solensium,moesiae secundae,,,moesiae secundae,moesiae secundae,,Dux Moesiae secundae / Dux Moesiae secundae / Sub dispositione viri spectabilis ducis moesiae secundae,216790,Dimum,Dimum,original_case,0,43.64822,25.128306,unknown,MOESIA INFERIOR,74,,,,1.0,SOFT_MATCH,1.000,CONTEXT_EXACT,1.000
OCC000630,Oriens,Dux Moesiae secundae,1219,Sexagintaprista,tail,,Cuneus equitum armigerorum,moesiae secundae,,,moesiae secundae,moesiae secundae,,Dux Moesiae secundae / Dux Moesiae secundae / Sub dispositione viri spectabilis ducis moesiae secundae,216982,Sexaginta Prista,Sexagintaprista,original,0,43.849388,25.954117,unknown,MOESIA INFERIOR,74,,,,1.0,SOFT_MATCH,1.000,CONTEXT_FUZZY,1.000
OCC000631,Oriens,Dux Moesiae secundae,1220,Tegra,tail,,Cuneus equitum secundorum armigerorum,moesiae secundae,,,moesiae secundae,moesiae secundae,,Dux Moesiae secundae / Dux Moesiae secundae / Sub dispositione viri spectabilis ducis moesiae secundae,217003,Tegra,Tegra,original,0,43.920738,26.082325,unknown,MOESIA INFERIOR,74,,,,1.0,SOFT_MATCH,1.000,CONTEXT_EXACT,1.000
OCC000632,Oriens,Dux Moesiae secundae,1221,Appiaria,tail,,Cuneus equitum scutariorum,moesiae secundae,,,moesiae secundae,moesiae secundae,,Dux Moesiae secundae / Dux Moesiae secundae / Sub dispositione viri spectabilis ducis moesiae secundae,216707,Appiaria,Appiaria,original,0,43.987675,26.245621,unknown,MOESIA INFERIOR,74,,,,1.0,SOFT_MATCH,1.000,CONTEXT_EXACT,1.000
OCC000635,Oriens,Dux Moesiae secundae,1225,Trimammio,tail,,Milites Constantini,Moesiae secundae,,,Moesiae secundae,Moesiae secundae,,Dux Moesiae secundae / Dux Moesiae secundae / Auxiliares,217023,Trimammium,Trimammium,original_case,0,43.708048,25.831077,unknown,MOESIA INFERIOR,74,,,,1.0,SOFT_MATCH,1.000,CONTEXT_EXACT,1.000
OCC000637,Oriens,Dux Moesiae secundae,1227,Appiaria,tail,,Milites tertii navclarii,Moesiae secundae,,,Moesiae secundae,Moesiae secundae,,Dux Moesiae secundae / Dux Moesiae secundae / Auxiliares,216707,Appiaria,Appiaria,original,0,43.987675,26.245621,unknown,MOESIA INFERIOR,74,,,,1.0,SOFT_MATCH,1.000,CONTEXT_EXACT,1.000
OCC000638,Oriens,Dux Moesiae secundae,1228,Transmariscae,tail,,Milites Novenses,Moesiae secundae,,,Moesiae secundae,Moesiae secundae,,Dux Moesiae secundae / Dux Moesiae secundae / Auxiliares,217021,Transmarisca,Transmarisca,original_case,0,44.044753,26.614532,unknown,MOESIA INFERIOR,74,,,,1.0,SOFT_MATCH,1.000,CONTEXT_EXACT,1.000
OCC000639,Oriens,Dux Moesiae secundae,1229,Candidiana,tail,,Milites primi Moesiaci,Moesiae secundae,,,Moesiae secundae,Moesiae secundae,,Dux Moesiae secundae / Dux Moesiae secundae / Auxiliares,216896,Candidiana,Candidiana,original,0,44.063431,26.848302,unknown,MOESIA INFERIOR,74,,,,1.0,SOFT_MATCH,1.000,CONTEXT_EXACT,1.000
OCC000641,Oriens,Dux Moesiae secundae,1231,Durostoro,tail,,Milites quarti Constantiani,Moesiae secundae,,,Moesiae secundae,Moesiae secundae,,Dux Moesiae secundae / Dux Moesiae secundae / Auxiliares,216800,Durostorum,Durostorum,original_case,0,44.117033,27.260732,unknown,MOESIA INFERIOR,74,,,,1.0,SOFT_MATCH,1.000,CONTEXT_EXACT,1.000
OCC000643,Oriens,Dux Moesiae secundae,1233,Altino,tail,,Milites navclarii Altinenses,Moesiae secundae,,,Moesiae secundae,Moesiae secundae,,Dux Moesiae secundae / Dux Moesiae secundae / Auxiliares,216700,Altinum,Altinum,original_case,0,44.188552,27.699403,fort,MOESIA INFERIOR,74,,,,1.0,SOFT_MATCH,1.000,CONTEXT_EXACT,1.000
OCC000644,Oriens,Dux Moesiae secundae,1235,Nouas,tail,Praefectus,legionis primae Italicae,Moesiae secundae,,,Moesiae secundae,Moesiae secundae,,Dux Moesiae secundae / Dux Moesiae secundae / Item legiones riparienses,216899,Novae,Nouae,original_case,0,43.60103,25.395644,unknown,MOESIA INFERIOR,74,,,,1.0,SOFT_MATCH,1.000,CONTEXT_FUZZY,1.000
OCC000645,Oriens,Dux Moesiae secundae,1236,Nouas,tail,Praefectus,ripae legionis primae Italicae cohortis quintae pedaturae superioris,Moesiae secundae,,,Moesiae secundae,Moesiae secundae,,Dux Moesiae secundae / Dux Moesiae secundae / Item legiones riparienses,216899,Novae,Nouae,original_case,0,43.60103,25.395644,unknown,MOESIA INFERIOR,74,,,,1.0,SOFT_MATCH,1.000,CONTEXT_FUZZY,1.000
OCC000646,Oriens,Dux Moesiae secundae,1237,Sexagintaprista,tail,Praefectus,ripae legionis primae Italicae cohortis quintae pedaturae inferioris,Moesiae secundae,,,Moesiae secundae,Moesiae secundae,,Dux Moesiae secundae / Dux Moesiae secundae / Item legiones riparienses,216982,Sexaginta Prista,Sexagintaprista,original,0,43.849388,25.954117,unknown,MOESIA INFERIOR,74,,,,1.0,SOFT_MATCH,1.000,CONTEXT_FUZZY,1.000
OCC000647,Oriens,Dux Moesiae secundae,1238,Durostoro,tail,Praefectus,legionis undecimae Claudiae,Moesiae secundae,,,Moesiae secundae,Moesiae secundae,,Dux Moesiae secundae / Dux Moesiae secundae / Item legiones riparienses,216800,Durostorum,Durostorum,original_case,0,44.117033,27.260732,unknown,MOESIA INFERIOR,74,,,,1.0,SOFT_MATCH,1.000,CONTEXT_EXACT,1.000
OCC000648,Oriens,Dux Moesiae secundae,1239,Transmariscae,tail,Praefectus,ripae legionis undecimae Claudiae cohortis quintae pedaturae superioris,Moesiae secundae,,,Moesiae secundae,Moesiae secundae,,Dux Moesiae secundae / Dux Moesiae secundae / Item legiones riparienses,217021,Transmarisca,Transmarisca,original_case,0,44.044753,26.614532,unknown,MOESIA INFERIOR,74,,,,1.0,SOFT_MATCH,1.000,CONTEXT_EXACT,1.000
OCC000649,Oriens,Dux Moesiae secundae,1240,Transmariscae,tail,Praefectus,ripae legionis undecimae Claudiae cohortis quintae pedaturae inferioris,Moesiae secundae,,,Moesiae secundae,Moesiae secundae,,Dux Moesiae secundae / Dux Moesiae secundae / Item legiones riparienses,217021,Transmarisca,Transmarisca,original_case,0,44.044753,26.614532,unknown,MOESIA INFERIOR,74,,,,1.0,SOFT_MATCH,1.000,CONTEXT_EXACT,1.000
OCC000651,Oriens,Dux Moesiae secundae,1253,sub Radice - Viamata,tail,,Cohors prima Aureliana,Thracia,,Thracia,Moesiae secundae,Thracia,,Dux Moesiae secundae / Dux Moesiae secundae / Et quae de minore laterculo emittuntur / In provincia Thracia,217040,Viamata,Viamata,alias,0,42.492859,24.843007,unknown,THRACIA,57,,,,1.0,HARD_MATCH,1.000,CONTEXT_EXACT,1.000
OCC000652,Oriens,Dux Moesiae secundae,1254,Drasdea,tail,,Cohors tertia Valeria Bacarum,Thracia,,Thracia,Moesiae secundae,Thracia,,Dux Moesiae secundae / Dux Moesiae secundae / Et quae de minore laterculo emittuntur / In provincia Thracia,222050,Drasdea,Drasdea,original,0,,,unknown,,,,,,1.0,HARD_UNVERIFIED,0.000,EXACT_NO_CONTEXT,1.000
OCC000654,Oriens,Dux Moesiae primae,1261,Flaviana,tail,,Cuneus equtum promotorum,Moesiae primae,,,Moesiae primae,Moesiae primae,,Dux Moesiae primae / Dux Moesiae primae / Sub dispositione viri spectabilis ducis Moesiae primae,216811,Flaviana,Flaviana,original,0,44.24818,27.948318,unknown,SCYTHIA,81,,,,1.0,SOFT_MISMATCH,0.333,EXACT_NO_CONTEXT,1.000
OCC000655,Oriens,Dux Moesiae primae,1262,Tricornio,tail,,Cuneus equtum sagittariorum,Moesiae primae,,,Moesiae primae,Moesiae primae,,Dux Moesiae primae / Dux Moesiae primae / Sub dispositione viri spectabilis ducis Moesiae primae,207515,Tricornium,Tricornium,original_case,0,44.733229,20.649959,unknown,MOESIA SUPERIOR,70,,,,1.0,SOFT_MATCH,1.000,CONTEXT_EXACT,1.000
OCC000657,Oriens,Dux Moesiae primae,1264,Viminacio,tail,,Cuneus equtum promotorum,Moesiae primae,,,Moesiae primae,Moesiae primae,,Dux Moesiae primae / Dux Moesiae primae / Sub dispositione viri spectabilis ducis Moesiae primae,207549,Viminacium,Viminacium,original_case,0,44.716471,21.166605,unknown,MOESIA SUPERIOR,70,,,,1.0,SOFT_MATCH,1.000,CONTEXT_EXACT,1.000
OCC000658,Oriens,Dux Moesiae primae,1265,Laedenatae,tail,,Cuneus equtum sagittariorum,Moesiae primae,,,Moesiae primae,Moesiae primae,,Dux Moesiae primae / Dux Moesiae primae / Sub dispositione viri spectabilis ducis Moesiae primae,207237,Lederata,Laedenata,original_case,0,44.813432,21.334266,unknown,MOESIA SUPERIOR,70,,,,0.875,SOFT_MATCH,1.000,,0.875
OCC000660,Oriens,Dux Moesiae primae,1267,Cuppis,tail,,Cuneus equtum Dalmatarum,Moesiae primae,,,Moesiae primae,Moesiae primae,,Dux Moesiae primae / Dux Moesiae primae / Sub dispositione viri spectabilis ducis Moesiae primae,207060,Cuppae,Cuppae,original_case,0,44.651063,21.638303,unknown,MOESIA SUPERIOR,70,,,,1.0,SOFT_MATCH,1.000,CONTEXT_EXACT,1.000
OCC000662,Oriens,Dux Moesiae primae,1273,Cuppis,tail,,Auxilium Cuppense,Moesiae primae,,,Moesiae primae,Moesiae primae,,Dux Moesiae primae / Dux Moesiae primae / Auxiliares,207060,Cuppae,Cuppae,original_case,0,44.651063,21.638303,unknown,MOESIA SUPERIOR,70,,,,1.0,SOFT_MATCH,1.000,CONTEXT_EXACT,1.000
OCC000663,Oriens,Dux Moesiae primae,1274,Gratiana,tail,,Auxilium Gratianense,Moesiae primae,,,Moesiae primae,Moesiae primae,,Dux Moesiae primae / Dux Moesiae primae / Auxiliares,226611,Gratiana,Gratiana,original,0,45.036639,29.161736,unknown,SCYTHIA,81,,,,1.0,SOFT_MISMATCH,0.333,EXACT_NO_CONTEXT,1.000
OCC000664,Oriens,Dux Moesiae primae,1275,Taliata,tail,,Auxilium Taliatense,Moesiae primae,,,Moesiae primae,Moesiae primae,,Dux Moesiae primae / Dux Moesiae primae / Auxiliares,207485,Taliata,Taliata,original,0,44.443587,22.144349,unknown,DACIA RIPENSIS,71,,,,1.0,SOFT_MISMATCH,0.367,EXACT_NO_CONTEXT,1.000
OCC000665,Oriens,Dux Moesiae primae,1276,Tricornio,tail,,Auxilium Aureomontanum,Moesiae primae,,,Moesiae primae,Moesiae primae,,Dux Moesiae primae / Dux Moesiae primae / Auxiliares,207515,Tricornium,Tricornium,original_case,0,44.733229,20.649959,unknown,MOESIA SUPERIOR,70,,,,1.0,SOFT_MATCH,1.000,CONTEXT_EXACT,1.000
OCC000666,Oriens,Dux Moesiae primae,1278,Singiduno,tail,Praefectus,legionis quartae Flaviae,Moesiae primae,,,Moesiae primae,Moesiae primae,,Dux Moesiae primae / Dux Moesiae primae / Item legiones,207443,Singidunum,Singidunum,original_case,0,44.802382,20.465593,unknown,MOESIA SUPERIOR,70,,,,1.0,SOFT_MATCH,1.000,CONTEXT_EXACT,1.000
OCC000667,Oriens,Dux Moesiae primae,1279,Cuppis,tail,Praefectus,legionis septimae Claudiae,Moesiae primae,,,Moesiae primae,Moesiae primae,,Dux Moesiae primae / Dux Moesiae primae / Item legiones,207060,Cuppae,Cuppae,original_case,0,44.651063,21.638303,unknown,MOESIA SUPERIOR,70,,,,1.0,SOFT_MATCH,1.000,CONTEXT_EXACT,1.000
OCC000668,Oriens,Dux Moesiae primae,1281,Novis,tail,Praefectus,militum exploratorum,Moesiae primae,,,Moesiae primae,Moesiae primae,,Dux Moesiae primae / Dux Moesiae primae / Item legiones,207310,Novae,Novae,original_case,0,44.620434,21.888533,unknown,MOESIA SUPERIOR,70,,,,1.0,SOFT_MATCH,1.000,CONTEXT_EXACT,1.000
OCC000669,Oriens,Dux Moesiae primae,1282,Taliatae,tail,Praefectus,militum exploratorum,Moesiae primae,,,Moesiae primae,Moesiae primae,,Dux Moesiae primae / Dux Moesiae primae / Item legiones,207485,Taliata,Taliata,original_case,0,44.443587,22.144349,unknown,DACIA RIPENSIS,71,,,,1.0,SOFT_MISMATCH,0.367,EXACT_NO_CONTEXT,1.000
OCC000670,Oriens,Dux Moesiae primae,1283,Laedemata,tail,Praefectus,militum Vincentiensium,Moesiae primae,,,Moesiae primae,Moesiae primae,,Dux Moesiae primae / Dux Moesiae primae / Item legiones,207237,Lederata,Laedemata,original,0,44.813432,21.334266,unknown,MOESIA SUPERIOR,70,,,,0.875,SOFT_MATCH,1.000,,0.875
OCC000671,Oriens,Dux Moesiae primae,1284,Zmirnae,tail,Praefectus,militum exploratorum,Moesiae primae,,,Moesiae primae,Moesiae primae,,Dux Moesiae primae / Dux Moesiae primae / Item legiones,550893,Zmyrna,Zmirna,original_case,0,38.41905,27.1383,settlement,ASIA,30,,,,1.0,SOFT_MISMATCH,0.500,FUZZY_NO_CONTEXT,1.000
OCC000672,Oriens,Dux Moesiae primae,1285,Viminacio,tail,Praefectus,classis Histricae,Moesiae primae,,,Moesiae primae,Moesiae primae,,Dux Moesiae primae / Dux Moesiae primae / Item legiones,207549,Viminacium,Viminacium,original_case,0,44.716471,21.166605,unknown,MOESIA SUPERIOR,70,,,,1.0,SOFT_MATCH,1.000,CONTEXT_EXACT,1.000
OCC000674,Oriens,Dux Daciae ripensis,1299,Bononia,tail,,Cuneus equitum Dalmatarum Fortensium,Daciae ripensis,,,Daciae ripensis,Daciae ripensis,,Dux Daciae ripensis / Dux Daciae ripensis / Sub dispositione viri spectabilis ducis Daciae ripensis,206975,Bononia,Bononia,original,0,43.993221,22.8759,unknown,,,DACIA RIPENSIS,71,7.18,1.0,SOFT_NEAR_MATCH,1.000,CONTEXT_NEAR_EXACT,1.000
OCC000675,Oriens,Dux Daciae ripensis,1300,Dortico,tail,,Cuneus equitum Dalmatarum Divitensium,Daciae ripensis,,,Daciae ripensis,Daciae ripensis,,Dux Daciae ripensis / Dux Daciae ripensis / Sub dispositione viri spectabilis ducis Daciae ripensis,207093,Dorticum,Dorticum,original_case,0,44.19265,22.736228,unknown,DACIA RIPENSIS,71,,,,1.0,SOFT_MATCH,1.000,CONTEXT_EXACT,1.000
OCC000676,Oriens,Dux Daciae ripensis,1301,Cebro,tail,,Cuneus equitum scutariorum,Daciae ripensis,,,Daciae ripensis,Daciae ripensis,,Dux Daciae ripensis / Dux Daciae ripensis / Sub dispositione viri spectabilis ducis Daciae ripensis,207020,Cebrus,Cebrus,original_case,0,43.800646,23.531732,unknown,DACIA RIPENSIS,71,,,,1.0,SOFT_MATCH,1.000,CONTEXT_EXACT,1.000
OCC000677,Oriens,Dux Daciae ripensis,1302,Drobeta,tail,,Cuneus equitum Dalmatarum Divitensium,Daciae ripensis,,,Daciae ripensis,Daciae ripensis,,Dux Daciae ripensis / Dux Daciae ripensis / Sub dispositione viri spectabilis ducis Daciae ripensis,207100,Drobeta,Drobeta,original,0,44.635584,22.660366,unknown,,,DACIA RIPENSIS,71,4.16,1.0,SOFT_NEAR_MATCH,1.000,CONTEXT_NEAR_EXACT,1.000
OCC000681,Oriens,Dux Daciae ripensis,1306,Aegetae,tail,,Cuneus equitum scutariorum,Daciae ripensis,,,Daciae ripensis,Daciae ripensis,,Dux Daciae ripensis / Dux Daciae ripensis / Sub dispositione viri spectabilis ducis Daciae ripensis,207107,Egeta,Aegeta,original_case,0,44.469116,22.445309,unknown,,,DACIA RIPENSIS,71,2.43,1.0,SOFT_NEAR_MATCH,1.000,CONTEXT_NEAR_FUZZY,1.000
OCC000684,Oriens,Dux Daciae ripensis,1310,Drobeta,tail,,Auxilium primorum Daciscorum,Daciae ripensis,,,Daciae ripensis,Daciae ripensis,,Dux Daciae ripensis / Dux Daciae ripensis / Auxiliares,207100,Drobeta,Drobeta,original,0,44.635584,22.660366,unknown,,,DACIA RIPENSIS,71,4.16,1.0,SOFT_NEAR_MATCH,1.000,CONTEXT_NEAR_EXACT,1.000
OCC000688,Oriens,Dux Daciae ripensis,1314,Burgo Zono,tail,,Auxilium secundorum Daciscorum,Daciae ripensis,,,Daciae ripensis,Daciae ripensis,,Dux Daciae ripensis / Dux Daciae ripensis / Auxiliares,138249,Burgus,Burgus,first_word_case,1,45.039335,-0.559844,unknown,AQUITANIA II,84,,,,1.0,SOFT_MISMATCH,0.278,EXACT_NO_CONTEXT,1.000
OCC000689,Oriens,Dux Daciae ripensis,1315,Transdiernis,tail,Praefectus,militum exploratorum,Daciae ripensis,,,Daciae ripensis,Daciae ripensis,,Dux Daciae ripensis / Dux Daciae ripensis / Auxiliares,207508,Transdierna,Transdiernae,original_case,0,44.662795,22.404513,unknown,DACIA RIPENSIS,71,,,,0.9090909090909091,SOFT_MATCH,1.000,CONTEXT_FUZZY,0.909
OCC000691,Oriens,Dux Daciae ripensis,1318,Cebro,tail,Praefectus,legionis quintae Macedonicae,Daciae ripensis,,,Daciae ripensis,Daciae ripensis,,Dux Daciae ripensis / Dux Daciae ripensis / Item legiones,207020,Cebrus,Cebrus,original_case,0,43.800646,23.531732,unknown,DACIA RIPENSIS,71,,,,1.0,SOFT_MATCH,1.000,CONTEXT_EXACT,1.000
OCC000693,Oriens,Dux Daciae ripensis,1320,Aegeta,tail,Praefectus,legionis tertiaedecimae geminae,Daciae ripensis,,,Daciae ripensis,Daciae ripensis,,Dux Daciae ripensis / Dux Daciae ripensis / Item legiones,207107,Egeta,Aegeta,original,0,44.469116,22.445309,unknown,,,DACIA RIPENSIS,71,2.43,1.0,SOFT_NEAR_MATCH,1.000,CONTEXT_NEAR_FUZZY,1.000
OCC000695,Oriens,Dux Daciae ripensis,1322,Burgo Novo,tail,Praefectus,legionis tertiaedecimae geminae,Daciae ripensis,,,Daciae ripensis,Daciae ripensis,,Dux Daciae ripensis / Dux Daciae ripensis / Item legiones,138249,Burgus,Burgus,first_word_case,1,45.039335,-0.559844,unknown,AQUITANIA II,84,,,,1.0,SOFT_MISMATCH,0.278,EXACT_NO_CONTEXT,1.000
OCC000697,Oriens,Dux Daciae ripensis,1324,Ratiaria,tail,Praefectus,legionis tertiaedecimae geminae,Daciae ripensis,,,Daciae ripensis,Daciae ripensis,,Dux Daciae ripensis / Dux Daciae ripensis / Item legiones,207376,Ratiaria,Ratiaria,original,0,43.809753,22.919689,unknown,DACIA RIPENSIS,71,,,,1.0,SOFT_MATCH,1.000,CONTEXT_EXACT,1.000
OCC000700,Oriens,Dux Daciae ripensis,1328,Aegetae,tail,Praefectus,classis Histricae,Daciae ripensis,,,Daciae ripensis,Daciae ripensis,,Dux Daciae ripensis / Dux Daciae ripensis / Item legiones,207107,Egeta,Aegeta,original_case,0,44.469116,22.445309,unknown,,,DACIA RIPENSIS,71,2.43,1.0,SOFT_NEAR_MATCH,1.000,CONTEXT_NEAR_FUZZY,1.000
