occurrenceId,document,chapter,sourceLine,placeName,placeSource,office,unit,declaredProvince,explicitProvince,hardProvince,softProvince,expectedProvince,region,contextText
OCC000001,Occidentis,Notitia dignitatum omnium tam civilium quam militarium in partibus Occidentis,41,Mauretaniae Caesariensis,limes,,Limitis Mauretaniae Caesariensis,,,,,,,Notitia dignitatum omnium tam civilium quam militarium in partibus Occidentis / Notitia dignitatum omnium tam civilium quam militarium in partibus Occidentis / Duces duodecim
OCC000002,Occidentis,Insignia viri illustris magistri officiorum,716,Sirmensis,factory,,"Sirmensis scutorum, scordiscorum et armorum",Illyrico,,Illyrico,,Illyrico,ILLYRICUM,Insignia viri illustris magistri officiorum / Insignia viri illustris magistri officiorum / Fabricae infrascriptae / In Illyrico
OCC000003,Occidentis,Insignia viri illustris magistri officiorum,717,Acincensis,factory,,Acincensis scutaria,Illyrico,,Illyrico,,Illyrico,ILLYRICUM,Insignia viri illustris magistri officiorum / Insignia viri illustris magistri officiorum / Fabricae infrascriptae / In Illyrico
OCC000004,Occidentis,Insignia viri illustris magistri officiorum,718,Cornutensis,factory,,Cornutensis scutaria,Illyrico,,Illyrico,,Illyrico,ILLYRICUM,Insignia viri illustris magistri officiorum / Insignia viri illustris magistri officiorum / Fabricae infrascriptae / In Illyrico
OCC000005,Occidentis,Insignia viri illustris magistri officiorum,719,Lauriacensis,factory,,Lauriacensis scutaria,Illyrico,,Illyrico,,Illyrico,ILLYRICUM,Insignia viri illustris magistri officiorum / Insignia viri illustris magistri officiorum / Fabricae infrascriptae / In Illyrico
OCC000006,Occidentis,Insignia viri illustris magistri officiorum,720,Salonitana,factory,,Salonitana armorum,Illyrico,,Illyrico,,Illyrico,ILLYRICUM,Insignia viri illustris magistri officiorum / Insignia viri illustris magistri officiorum / Fabricae infrascriptae / In Illyrico
OCC000007,Occidentis,Insignia viri illustris magistri officiorum,722,Concordensis,factory,,Concordensis sagittaria,,,,,,ITALIA,Insignia viri illustris magistri officiorum / Insignia viri illustris magistri officiorum / Fabricae infrascriptae / Italiae
OCC000008,Occidentis,Insignia viri illustris magistri officiorum,723,Veronensis,factory,,Veronensis scutaria et armorum,,,,,,ITALIA,Insignia viri illustris magistri officiorum / Insignia viri illustris magistri officiorum / Fabricae infrascriptae / Italiae
OCC000009,Occidentis,Insignia viri illustris magistri officiorum,724,Manutuana,factory,,Manutuana loricaria,,,,,,ITALIA,Insignia viri illustris magistri officiorum / Insignia viri illustris magistri officiorum / Fabricae infrascriptae / Italiae
OCC000010,Occidentis,Insignia viri illustris magistri officiorum,725,Cremonensis,factory,,Cremonensis scutaria,,,,,,ITALIA,Insignia viri illustris magistri officiorum / Insignia viri illustris magistri officiorum / Fabricae infrascriptae / Italiae
OCC000011,Occidentis,Insignia viri illustris magistri officiorum,726,Ticenensis,factory,,Ticenensis arcuaria,,,,,,ITALIA,Insignia viri illustris magistri officiorum / Insignia viri illustris magistri officiorum / Fabricae infrascriptae / Italiae
OCC000012,Occidentis,Insignia viri illustris magistri officiorum,727,Lucensis,factory,,Lucensis spatharia,,,,,,ITALIA,Insignia viri illustris magistri officiorum / Insignia viri illustris magistri officiorum / Fabricae infrascriptae / Italiae
OCC000013,Occidentis,Insignia viri illustris magistri officiorum,729,Argentomagensis,factory,,Argentomagensis armorum omnium,Galliis,,Galliis,,Galliis,GALLIAE,Insignia viri illustris magistri officiorum / Insignia viri illustris magistri officiorum / Fabricae infrascriptae / In Galliis
OCC000014,Occidentis,Insignia viri illustris magistri officiorum,730,Matisconensis,factory,,Matisconensis sagittaria,Galliis,,Galliis,,Galliis,GALLIAE,Insignia viri illustris magistri officiorum / Insignia viri illustris magistri officiorum / Fabricae infrascriptae / In Galliis
OCC000015,Occidentis,Insignia viri illustris magistri officiorum,731,Augustodunensis,factory,,"Augustodunensis loricaria, balistaria et clibanaria",Galliis,,Galliis,,Galliis,GALLIAE,Insignia viri illustris magistri officiorum / Insignia viri illustris magistri officiorum / Fabricae infrascriptae / In Galliis
OCC000016,Occidentis,Insignia viri illustris magistri officiorum,732,Augustodunensis,factory,,Augustodunensis scutaria,Galliis,,Galliis,,Galliis,GALLIAE,Insignia viri illustris magistri officiorum / Insignia viri illustris magistri officiorum / Fabricae infrascriptae / In Galliis
OCC000017,Occidentis,Insignia viri illustris magistri officiorum,733,Suessionensis,factory,,Suessionensis,Galliis,,Galliis,,Galliis,GALLIAE,Insignia viri illustris magistri officiorum / Insignia viri illustris magistri officiorum / Fabricae infrascriptae / In Galliis
OCC000018,Occidentis,Insignia viri illustris magistri officiorum,734,Remensis,factory,,Remensis spatharia,Galliis,,Galliis,,Galliis,GALLIAE,Insignia viri illustris magistri officiorum / Insignia viri illustris magistri officiorum / Fabricae infrascriptae / In Galliis
OCC000019,Occidentis,Insignia viri illustris magistri officiorum,735,Triberorum,factory,,Triberorum scutaria,Galliis,,Galliis,,Galliis,GALLIAE,Insignia viri illustris magistri officiorum / Insignia viri illustris magistri officiorum / Fabricae infrascriptae / In Galliis
OCC000020,Occidentis,Insignia viri illustris magistri officiorum,736,Triberorum,factory,,Triberorum balistaria,Galliis,,Galliis,,Galliis,GALLIAE,Insignia viri illustris magistri officiorum / Insignia viri illustris magistri officiorum / Fabricae infrascriptae / In Galliis
OCC000021,Occidentis,Insignia viri illustris magistri officiorum,737,Ambianensis,factory,,Ambianensis spatharia et scutaria,Galliis,,Galliis,,Galliis,GALLIAE,Insignia viri illustris magistri officiorum / Insignia viri illustris magistri officiorum / Fabricae infrascriptae / In Galliis
OCC000022,Occidentis,Insignia viri illustris comitis sacrarum largitionum,775,Salonitanorum,unit,Praepositus,thesaurorum Salonitanorum,Dalmatiae,,Dalmatiae,,Dalmatiae,ILLYRICUM,Insignia viri illustris comitis sacrarum largitionum / Insignia viri illustris comitis sacrarum largitionum / Praepositi thesauroum / Per Illyricum
OCC000023,Occidentis,Insignia viri illustris comitis sacrarum largitionum,776,Siscianorum,unit,Praepositus,thesaurorum Siscianorum,Saviae,,Saviae,,Saviae,ILLYRICUM,Insignia viri illustris comitis sacrarum largitionum / Insignia viri illustris comitis sacrarum largitionum / Praepositi thesauroum / Per Illyricum
OCC000024,Occidentis,Insignia viri illustris comitis sacrarum largitionum,777,Sabariensium,unit,Praepositus,thesaurorum Sabariensium,Pannoniae primae,,Pannoniae primae,,Pannoniae primae,ILLYRICUM,Insignia viri illustris comitis sacrarum largitionum / Insignia viri illustris comitis sacrarum largitionum / Praepositi thesauroum / Per Illyricum
OCC000025,Occidentis,Insignia viri illustris comitis sacrarum largitionum,779,Aquileiensium,unit,Praepositus,thesaurorum Aquileiensium,Venetiae,,Venetiae,,Venetiae,ITALIA,Insignia viri illustris comitis sacrarum largitionum / Insignia viri illustris comitis sacrarum largitionum / Praepositi thesauroum / Per Italiam
OCC000026,Occidentis,Insignia viri illustris comitis sacrarum largitionum,780,Mediolanensium,unit,Praepositus,thesaurorum Mediolanensium,Liguriae,,Liguriae,,Liguriae,ITALIA,Insignia viri illustris comitis sacrarum largitionum / Insignia viri illustris comitis sacrarum largitionum / Praepositi thesauroum / Per Italiam
OCC000027,Occidentis,Insignia viri illustris comitis sacrarum largitionum,781,Romae,unit,Praepositus,thesaurorum urbis Romae,,,,,,ITALIA,Insignia viri illustris comitis sacrarum largitionum / Insignia viri illustris comitis sacrarum largitionum / Praepositi thesauroum / Per Italiam
OCC000028,Occidentis,Insignia viri illustris comitis sacrarum largitionum,782,Augustae Vindelicensis,unit,Praepositus,thesaurorum Augustae Vindelicensis,Raetiae secundae,,Raetiae secundae,,Raetiae secundae,ITALIA,Insignia viri illustris comitis sacrarum largitionum / Insignia viri illustris comitis sacrarum largitionum / Praepositi thesauroum / Per Italiam
OCC000029,Occidentis,Insignia viri illustris comitis sacrarum largitionum,784,Lugdunensium,unit,Praepositus,thesaurorum Lugdunensium,,,,,,GALLIAE,Insignia viri illustris comitis sacrarum largitionum / Insignia viri illustris comitis sacrarum largitionum / Praepositi thesauroum / Per Gallias
OCC000030,Occidentis,Insignia viri illustris comitis sacrarum largitionum,785,Arelatensium,unit,Praepositus,thesaurorum Arelatensium,,,,,,GALLIAE,Insignia viri illustris comitis sacrarum largitionum / Insignia viri illustris comitis sacrarum largitionum / Praepositi thesauroum / Per Gallias
OCC000031,Occidentis,Insignia viri illustris comitis sacrarum largitionum,786,Remorum,unit,Praepositus,thesaurorum Remorum,,,,,,GALLIAE,Insignia viri illustris comitis sacrarum largitionum / Insignia viri illustris comitis sacrarum largitionum / Praepositi thesauroum / Per Gallias
OCC000032,Occidentis,Insignia viri illustris comitis sacrarum largitionum,787,Triberorum,unit,Praepositus,thesaurorum Triberorum,,,,,,GASyraLLIAE,Insignia viri illustris comitis sacrarum largitionum / Insignia viri illustris comitis sacrarum largitionum / Praepositi thesauroum / Per Gallias
OCC000033,Occidentis,Insignia viri illustris comitis sacrarum largitionum,789,Augustensium,unit,Praepositus,thesaurorum Augustensium,Britanniis,,Britanniis,,Britanniis,BRITANNIA,Insignia viri illustris comitis sacrarum largitionum / Insignia viri illustris comitis sacrarum largitionum / Praepositi thesauroum / In Britanniis
OCC000034,Occidentis,Insignia viri illustris comitis sacrarum largitionum,791,Siscianae,unit,Procurator,monetae Siscianae,,,,,,,Insignia viri illustris comitis sacrarum largitionum / Insignia viri illustris comitis sacrarum largitionum / Procuratores monetarum
OCC000035,Occidentis,Insignia viri illustris comitis sacrarum largitionum,792,Aquileiensis,unit,Procurator,monetae Aquileiensis,,,,,,,Insignia viri illustris comitis sacrarum largitionum / Insignia viri illustris comitis sacrarum largitionum / Procuratores monetarum
OCC000036,Occidentis,Insignia viri illustris comitis sacrarum largitionum,793,Romae,unit,Procurator,monetae urbis Romae,,,,,,,Insignia viri illustris comitis sacrarum largitionum / Insignia viri illustris comitis sacrarum largitionum / Procuratores monetarum
OCC000037,Occidentis,Insignia viri illustris comitis sacrarum largitionum,794,Lugdunensis,unit,Procurator,monetae Lugdunensis,,,,,,,Insignia viri illustris comitis sacrarum largitionum / Insignia viri illustris comitis sacrarum largitionum / Procuratores monetarum
OCC000038,Occidentis,Insignia viri illustris comitis sacrarum largitionum,795,Arelatensis,unit,Procurator,monetae Arelatensis,,,,,,,Insignia viri illustris comitis sacrarum largitionum / Insignia viri illustris comitis sacrarum largitionum / Procuratores monetarum
OCC000039,Occidentis,Insignia viri illustris comitis sacrarum largitionum,796,Triberorum,unit,Procurator,monetae Triberorum,,,,,,,Insignia viri illustris comitis sacrarum largitionum / Insignia viri illustris comitis sacrarum largitionum / Procuratores monetarum
OCC000040,Occidentis,Insignia viri illustris comitis sacrarum largitionum,798,Bassianensis,unit,Procurator,gynaecii Bassianensis,,,,,,,Insignia viri illustris comitis sacrarum largitionum / Insignia viri illustris comitis sacrarum largitionum / Procuratores gynaeciorum
OCC000041,Occidentis,Insignia viri illustris comitis sacrarum largitionum,798,Salonis,transfer,Procurator,gynaecii Bassianensis,,,,,,,Insignia viri illustris comitis sacrarum largitionum / Insignia viri illustris comitis sacrarum largitionum / Procuratores gynaeciorum
OCC000042,Occidentis,Insignia viri illustris comitis sacrarum largitionum,799,Sirmensis,unit,Procurator,gynaecii Sirmensis,Pannoniae secundae,,Pannoniae secundae,,Pannoniae secundae,,Insignia viri illustris comitis sacrarum largitionum / Insignia viri illustris comitis sacrarum largitionum / Procuratores gynaeciorum
OCC000043,Occidentis,Insignia viri illustris comitis sacrarum largitionum,800,Iovensis,unit,Procurator,gynaecii Iovensis Dalmatiae - Aspalato,dalmatiae,,dalmatiae,,dalmatiae,,Insignia viri illustris comitis sacrarum largitionum / Insignia viri illustris comitis sacrarum largitionum / Procuratores gynaeciorum
OCC000044,Occidentis,Insignia viri illustris comitis sacrarum largitionum,800,Aspalato,transfer,Procurator,gynaecii Iovensis Dalmatiae - Aspalato,dalmatiae,,dalmatiae,,dalmatiae,,Insignia viri illustris comitis sacrarum largitionum / Insignia viri illustris comitis sacrarum largitionum / Procuratores gynaeciorum
OCC000045,Occidentis,Insignia viri illustris comitis sacrarum largitionum,801,Aquileiensis,unit,Procurator,gynaecii Aquileiensis,Venetiae inferioris,,Venetiae inferioris,,Venetiae inferioris,,Insignia viri illustris comitis sacrarum largitionum / Insignia viri illustris comitis sacrarum largitionum / Procuratores gynaeciorum
OCC000046,Occidentis,Insignia viri illustris comitis sacrarum largitionum,802,Mediolanensis,unit,Procurator,gynaecii Mediolanensis,Liguriae,,Liguriae,,Liguriae,,Insignia viri illustris comitis sacrarum largitionum / Insignia viri illustris comitis sacrarum largitionum / Procuratores gynaeciorum
OCC000047,Occidentis,Insignia viri illustris comitis sacrarum largitionum,803,Romae,unit,Procurator,gynaecii urbis Romae,,,,,,,Insignia viri illustris comitis sacrarum largitionum / Insignia viri illustris comitis sacrarum largitionum / Procuratores gynaeciorum
OCC000048,Occidentis,Insignia viri illustris comitis sacrarum largitionum,804,Canusini,unit,Procurator,gynaecii Canusini et Venusini,Apuliae,,Apuliae,,Apuliae,,Insignia viri illustris comitis sacrarum largitionum / Insignia viri illustris comitis sacrarum largitionum / Procuratores gynaeciorum
OCC000049,Occidentis,Insignia viri illustris comitis sacrarum largitionum,804,Venusini,unit,Procurator,gynaecii Canusini et Venusini,Apuliae,,Apuliae,,Apuliae,,Insignia viri illustris comitis sacrarum largitionum / Insignia viri illustris comitis sacrarum largitionum / Procuratores gynaeciorum
OCC000050,Occidentis,Insignia viri illustris comitis sacrarum largitionum,805,Carthagiensis,unit,Procurator,gynaecii Carthagiensis,,,,,,AFRICA,Insignia viri illustris comitis sacrarum largitionum / Insignia viri illustris comitis sacrarum largitionum / Procuratores gynaeciorum
OCC000051,Occidentis,Insignia viri illustris comitis sacrarum largitionum,806,Arelatiensis,unit,Procurator,gynaecii Arelatiensis,Viennensis,,Viennensis,,Viennensis,,Insignia viri illustris comitis sacrarum largitionum / Insignia viri illustris comitis sacrarum largitionum / Procuratores gynaeciorum
OCC000052,Occidentis,Insignia viri illustris comitis sacrarum largitionum,807,Lugdunensis,unit,Procurator,gynaecii Lugdunensis,,,,,,,Insignia viri illustris comitis sacrarum largitionum / Insignia viri illustris comitis sacrarum largitionum / Procuratores gynaeciorum
OCC000053,Occidentis,Insignia viri illustris comitis sacrarum largitionum,808,Remensis,unit,Procurator,gynaecii Remensis,Belgicae secundae,,Belgicae secundae,,Belgicae secundae,,Insignia viri illustris comitis sacrarum largitionum / Insignia viri illustris comitis sacrarum largitionum / Procuratores gynaeciorum
OCC000054,Occidentis,Insignia viri illustris comitis sacrarum largitionum,809,Triberorum,unit,Procurator,gynaecii Triberorum,Belgicae primae,,Belgicae primae,,Belgicae primae,,Insignia viri illustris comitis sacrarum largitionum / Insignia viri illustris comitis sacrarum largitionum / Procuratores gynaeciorum
OCC000055,Occidentis,Insignia viri illustris comitis sacrarum largitionum,810,Augustoduno,unit,Procurator,gynaecii Augustoduno translati Mettis,,,,,,,Insignia viri illustris comitis sacrarum largitionum / Insignia viri illustris comitis sacrarum largitionum / Procuratores gynaeciorum
OCC000056,Occidentis,Insignia viri illustris comitis sacrarum largitionum,810,Mettis,transfer,Procurator,gynaecii Augustoduno translati Mettis,,,,,,,Insignia viri illustris comitis sacrarum largitionum / Insignia viri illustris comitis sacrarum largitionum / Procuratores gynaeciorum
OCC000057,Occidentis,Insignia viri illustris comitis sacrarum largitionum,811,Ventensis,unit,Procurator,gynaecii (in Britannis) Ventensis,,,,,,Britannis,Insignia viri illustris comitis sacrarum largitionum / Insignia viri illustris comitis sacrarum largitionum / Procuratores gynaeciorum
OCC000058,Occidentis,Insignia viri illustris comitis sacrarum largitionum,813,Viennensis,unit,Procurator,linyfii Viennensis,,,,,,Galliarum,Insignia viri illustris comitis sacrarum largitionum / Insignia viri illustris comitis sacrarum largitionum / Procuratores linyfiorum
OCC000059,Occidentis,Insignia viri illustris comitis sacrarum largitionum,814,Ravennatis,unit,Procurator,linyfii Ravennatis,,,,,,ITALIA,Insignia viri illustris comitis sacrarum largitionum / Insignia viri illustris comitis sacrarum largitionum / Procuratores linyfiorum
OCC000060,Occidentis,Insignia viri illustris comitis sacrarum largitionum,816,Tarentini,unit,Procurator,bafii Tarentini,Calabriae,,Calabriae,,Calabriae,,Insignia viri illustris comitis sacrarum largitionum / Insignia viri illustris comitis sacrarum largitionum / Procuratores bafiorum
OCC000061,Occidentis,Insignia viri illustris comitis sacrarum largitionum,817,Salonitani,unit,Procurator,bafii Salonitani,Dalmatiae,,Dalmatiae,,Dalmatiae,,Insignia viri illustris comitis sacrarum largitionum / Insignia viri illustris comitis sacrarum largitionum / Procuratores bafiorum
OCC000062,Occidentis,Insignia viri illustris comitis sacrarum largitionum,818,Cissensis,unit,Procurator,bafii Cissensis,Venetiae et Histriae,,Venetiae et Histriae,,Venetiae et Histriae,,Insignia viri illustris comitis sacrarum largitionum / Insignia viri illustris comitis sacrarum largitionum / Procuratores bafiorum
OCC000063,Occidentis,Insignia viri illustris comitis sacrarum largitionum,819,Syracusani,unit,Procurator,bafii Syracusani,Siciliae,,Siciliae,,Siciliae,,Insignia viri illustris comitis sacrarum largitionum / Insignia viri illustris comitis sacrarum largitionum / Procuratores bafiorum
OCC000064,Occidentis,Insignia viri illustris comitis sacrarum largitionum,821,Girbitani,unit,Procurator,bafii Girbitani,Tripolitanae,,Tripolitanae,,Tripolitanae,,Insignia viri illustris comitis sacrarum largitionum / Insignia viri illustris comitis sacrarum largitionum / Procuratores bafiorum
OCC000065,Occidentis,Insignia viri illustris comitis sacrarum largitionum,822,insularum Balearum,unit,Procurator,bafii insularum Balearum,,,,,,,Insignia viri illustris comitis sacrarum largitionum / Insignia viri illustris comitis sacrarum largitionum / Procuratores bafiorum
OCC000066,Occidentis,Insignia viri illustris comitis sacrarum largitionum,823,Telonensis,unit,Procurator,bafii Telonensis,,,,,,Galliarum,Insignia viri illustris comitis sacrarum largitionum / Insignia viri illustris comitis sacrarum largitionum / Procuratores bafiorum
OCC000067,Occidentis,Insignia viri illustris comitis sacrarum largitionum,824,Narbonensis,unit,Procurator,bafii Narbonensis,,,,,,,Insignia viri illustris comitis sacrarum largitionum / Insignia viri illustris comitis sacrarum largitionum / Procuratores bafiorum
OCC000068,Occidentis,Insignia viri illustris comitis sacrarum largitionum,826,Arelatensium,unit,Praepositus,branbaricariorum siue argentariorum Arelatensium,,,,,,,Insignia viri illustris comitis sacrarum largitionum / Insignia viri illustris comitis sacrarum largitionum / Praepositi branbaricariorum siue argentariorum
OCC000069,Occidentis,Insignia viri illustris comitis sacrarum largitionum,827,Remensium,unit,Praepositus,branbaricariorum siue argentariorum Remensium,,,,,,,Insignia viri illustris comitis sacrarum largitionum / Insignia viri illustris comitis sacrarum largitionum / Praepositi branbaricariorum siue argentariorum
OCC000070,Occidentis,Insignia viri illustris comitis sacrarum largitionum,828,Triberorum,unit,Praepositus,branbaricariorum siue argentariorum Triberorum,,,,,,,Insignia viri illustris comitis sacrarum largitionum / Insignia viri illustris comitis sacrarum largitionum / Praepositi branbaricariorum siue argentariorum
OCC000071,Occidentis,Insignia viri illustris comitis privatarum,877,Triberorum,unit,Procurator,rei privatae gynaeciorum Triberorum,,,,,,,Insignia viri illustris comitis privatarum / Insignia viri illustris comitis privatarum / Sub dispositione viri illustris comitis rerum privatarum
OCC000072,Occidentis,Insignia viri illustris comitis privatarum,878,Viuarensis,unit,Procurator,gynaecei Viuarensis rei privatae Metti translata anhelat,,,,,,,Insignia viri illustris comitis privatarum / Insignia viri illustris comitis privatarum / Sub dispositione viri illustris comitis rerum privatarum
OCC000073,Occidentis,Comes Africae,1079,Thamallensis,limes,Praepositus,limitis Thamallensis,,,,,,,Comes Africae / Comes Africae / Sub dispositione viri spectabilis comitis Africae / Limitanei
OCC000074,Occidentis,Comes Africae,1080,Montensis,limes,Praepositus,limitis Montensis in castris Leptitanis,,,,,,,Comes Africae / Comes Africae / Sub dispositione viri spectabilis comitis Africae / Limitanei
OCC000075,Occidentis,Comes Africae,1080,Leptitanis,castris,Praepositus,limitis Montensis in castris Leptitanis,,,,,,,Comes Africae / Comes Africae / Sub dispositione viri spectabilis comitis Africae / Limitanei
OCC000076,Occidentis,Comes Africae,1081,Bazensis,limes,Praepositus,limitis Bazensis,,,,,,,Comes Africae / Comes Africae / Sub dispositione viri spectabilis comitis Africae / Limitanei
OCC000077,Occidentis,Comes Africae,1082,Gemellensis,limes,Praepositus,limitis Gemellensis,,,,,,,Comes Africae / Comes Africae / Sub dispositione viri spectabilis comitis Africae / Limitanei
OCC000078,Occidentis,Comes Africae,1083,Tubuniensis,limes,Praepositus,limitis Tubuniensis,,,,,,,Comes Africae / Comes Africae / Sub dispositione viri spectabilis comitis Africae / Limitanei
OCC000079,Occidentis,Comes Africae,1084,Zabensis,limes,Praepositus,limitis Zabensis,,,,,,,Comes Africae / Comes Africae / Sub dispositione viri spectabilis comitis Africae / Limitanei
OCC000080,Occidentis,Comes Africae,1085,Tubusubditani,limes,Praepositus,limitis Tubusubditani,,,,,,,Comes Africae / Comes Africae / Sub dispositione viri spectabilis comitis Africae / Limitanei
OCC000081,Occidentis,Comes Africae,1086,Thamallomensis,limes,Praepositus,limitis Thamallomensis,,,,,,,Comes Africae / Comes Africae / Sub dispositione viri spectabilis comitis Africae / Limitanei
OCC000082,Occidentis,Comes Africae,1087,Balaretensis,limes,Praepositus,limitis Balaretensis,,,,,,,Comes Africae / Comes Africae / Sub dispositione viri spectabilis comitis Africae / Limitanei
OCC000083,Occidentis,Comes Africae,1088,Columnatensis,limes,Praepositus,limitis Columnatensis,,,,,,,Comes Africae / Comes Africae / Sub dispositione viri spectabilis comitis Africae / Limitanei
OCC000084,Occidentis,Comes Africae,1089,Tablatensis,limes,Praepositus,limitis Tablatensis,,,,,,,Comes Africae / Comes Africae / Sub dispositione viri spectabilis comitis Africae / Limitanei
OCC000085,Occidentis,Comes Africae,1090,Caputcellensis,limes,Praepositus,limitis Caputcellensis,,,,,,,Comes Africae / Comes Africae / Sub dispositione viri spectabilis comitis Africae / Limitanei
OCC000086,Occidentis,Comes Africae,1091,Secundaeforum,limes,Praepositus,limitis Secundaeforum in castris Tillibanensibus,,,,,,,Comes Africae / Comes Africae / Sub dispositione viri spectabilis comitis Africae / Limitanei
OCC000087,Occidentis,Comes Africae,1091,Tillibanensibus,castris,Praepositus,limitis Secundaeforum in castris Tillibanensibus,,,,,,,Comes Africae / Comes Africae / Sub dispositione viri spectabilis comitis Africae / Limitanei
OCC000088,Occidentis,Comes Africae,1092,Taugensis,limes,Praepositus,limitis Taugensis,,,,,,,Comes Africae / Comes Africae / Sub dispositione viri spectabilis comitis Africae / Limitanei
OCC000089,Occidentis,Comes Africae,1093,Bidensis,limes,Praepositus,limitis Bidensis,,,,,,,Comes Africae / Comes Africae / Sub dispositione viri spectabilis comitis Africae / Limitanei
OCC000090,Occidentis,Comes Africae,1094,Badensis,limes,Praepositus,limitis Badensis,,,,,,,Comes Africae / Comes Africae / Sub dispositione viri spectabilis comitis Africae / Limitanei
OCC000091,Occidentis,Comes Tingitaniae,1110,Tamuco,tail,Praefectus,alae Herculeae,,,,,,,Comes Tingitaniae / Comes Tingitaniae / Sub dispositione viri spectabilis comitis Tingitaniae / Limitanei
OCC000092,Occidentis,Comes Tingitaniae,1111,Duga,tail,Tribunus,cohortis secundae Hispanorum,,,,,,,Comes Tingitaniae / Comes Tingitaniae / Sub dispositione viri spectabilis comitis Tingitaniae / Limitanei
OCC000093,Occidentis,Comes Tingitaniae,1112,Aulucos,tail,Tribunus,cohortis primae Herculeae,,,,,,,Comes Tingitaniae / Comes Tingitaniae / Sub dispositione viri spectabilis comitis Tingitaniae / Limitanei
OCC000094,Occidentis,Comes Tingitaniae,1113,Castrabarensis,tail,Tribunus,cohortis primae Ityraeorum,,,,,,,Comes Tingitaniae / Comes Tingitaniae / Sub dispositione viri spectabilis comitis Tingitaniae / Limitanei
OCC000095,Occidentis,Comes Tingitaniae,1114,Sala,tail,Tribunus,cohortis,,,,,,,Comes Tingitaniae / Comes Tingitaniae / Sub dispositione viri spectabilis comitis Tingitaniae / Limitanei
OCC000096,Occidentis,Comes Tingitaniae,1115,Pacatiana,tail,Tribunus,cohortis Pacatianensis,,,,,,,Comes Tingitaniae / Comes Tingitaniae / Sub dispositione viri spectabilis comitis Tingitaniae / Limitanei
OCC000097,Occidentis,Comes Tingitaniae,1116,Tabernas,tail,Tribunus,cohortis tertiae Asturum,,,,,,,Comes Tingitaniae / Comes Tingitaniae / Sub dispositione viri spectabilis comitis Tingitaniae / Limitanei
OCC000098,Occidentis,Comes Tingitaniae,1117,Friglas,tail,Tribunus,cohortis Friglensis,,,,,,,Comes Tingitaniae / Comes Tingitaniae / Sub dispositione viri spectabilis comitis Tingitaniae / Limitanei
OCC000099,Occidentis,Comes litoris Saxonici per Britanniam,1137,Othonae,tail,Praepositus,numeri Fortensium,,,,,,,Comes litoris Saxonici per Britanniam / Comes litoris Saxonici per Britanniam / Sub dispositione viri spectabilis comitis litoris Saxonici per Britanniam
OCC000100,Occidentis,Comes litoris Saxonici per Britanniam,1138,Dubris,tail,Praepositus,militum Tungrecanorum,,,,,,,Comes litoris Saxonici per Britanniam / Comes litoris Saxonici per Britanniam / Sub dispositione viri spectabilis comitis litoris Saxonici per Britanniam
OCC000101,Occidentis,Comes litoris Saxonici per Britanniam,1139,Lemannis,tail,Praepositus,numeri Turnacensium,,,,,,,Comes litoris Saxonici per Britanniam / Comes litoris Saxonici per Britanniam / Sub dispositione viri spectabilis comitis litoris Saxonici per Britanniam
OCC000102,Occidentis,Comes litoris Saxonici per Britanniam,1140,Branoduno,tail,Praepositus,equitum Dalmatarum Branodunensium,,,,,,,Comes litoris Saxonici per Britanniam / Comes litoris Saxonici per Britanniam / Sub dispositione viri spectabilis comitis litoris Saxonici per Britanniam
OCC000103,Occidentis,Comes litoris Saxonici per Britanniam,1141,Gariannonor,tail,Praepositus,equitum stablesianorum Gariannonensium,,,,,,,Comes litoris Saxonici per Britanniam / Comes litoris Saxonici per Britanniam / Sub dispositione viri spectabilis comitis litoris Saxonici per Britanniam
OCC000104,Occidentis,Comes litoris Saxonici per Britanniam,1142,Regulbio,tail,Tribunus,cohortis primae Baetasiorum,,,,,,,Comes litoris Saxonici per Britanniam / Comes litoris Saxonici per Britanniam / Sub dispositione viri spectabilis comitis litoris Saxonici per Britanniam
OCC000105,Occidentis,Comes litoris Saxonici per Britanniam,1143,Rutupis,tail,Praefectus,legionis secundae Augustae,,,,,,,Comes litoris Saxonici per Britanniam / Comes litoris Saxonici per Britanniam / Sub dispositione viri spectabilis comitis litoris Saxonici per Britanniam
OCC000106,Occidentis,Comes litoris Saxonici per Britanniam,1144,Anderidos,tail,Praepositus,numeri Abulcorum,,,,,,,Comes litoris Saxonici per Britanniam / Comes litoris Saxonici per Britanniam / Sub dispositione viri spectabilis comitis litoris Saxonici per Britanniam
OCC000107,Occidentis,Comes litoris Saxonici per Britanniam,1145,Portum Adurni,tail,Praepositus,numeri exploratorum,,,,,,,Comes litoris Saxonici per Britanniam / Comes litoris Saxonici per Britanniam / Sub dispositione viri spectabilis comitis litoris Saxonici per Britanniam
OCC000108,Occidentis,Dux et praeses provinciae Mauritaniae,1173,Columnatensis,limes,Praepositus,limitis Columnatensis,et praesidis provinciae Mauritaniae et Caesariensis,,,et praesidis provinciae Mauritaniae et Caesariensis,et praesidis provinciae Mauritaniae et Caesariensis,,Dux et praeses provinciae Mauritaniae / Dux et praeses provinciae Mauritaniae / Sub dispositione viri spectabilis ducis et praesidis provinciae Mauritaniae et Caesariensis
OCC000109,Occidentis,Dux et praeses provinciae Mauritaniae,1174,Vidensis,limes,Praepositus,limitis Vidensis,et praesidis provinciae Mauritaniae et Caesariensis,,,et praesidis provinciae Mauritaniae et Caesariensis,et praesidis provinciae Mauritaniae et Caesariensis,,Dux et praeses provinciae Mauritaniae / Dux et praeses provinciae Mauritaniae / Sub dispositione viri spectabilis ducis et praesidis provinciae Mauritaniae et Caesariensis
OCC000110,Occidentis,Dux et praeses provinciae Mauritaniae,1175,inferioris,limes,Praepositus,limitis inferioris,et praesidis provinciae Mauritaniae et Caesariensis,,,et praesidis provinciae Mauritaniae et Caesariensis,et praesidis provinciae Mauritaniae et Caesariensis,,Dux et praeses provinciae Mauritaniae / Dux et praeses provinciae Mauritaniae / Sub dispositione viri spectabilis ducis et praesidis provinciae Mauritaniae et Caesariensis
OCC000111,Occidentis,Dux et praeses provinciae Mauritaniae,1176,Fortensis,limes,Praepositus,limitis Fortensis,et praesidis provinciae Mauritaniae et Caesariensis,,,et praesidis provinciae Mauritaniae et Caesariensis,et praesidis provinciae Mauritaniae et Caesariensis,,Dux et praeses provinciae Mauritaniae / Dux et praeses provinciae Mauritaniae / Sub dispositione viri spectabilis ducis et praesidis provinciae Mauritaniae et Caesariensis
OCC000112,Occidentis,Dux et praeses provinciae Mauritaniae,1177,Muticitani,limes,Praepositus,limitis Muticitani,et praesidis provinciae Mauritaniae et Caesariensis,,,et praesidis provinciae Mauritaniae et Caesariensis,et praesidis provinciae Mauritaniae et Caesariensis,,Dux et praeses provinciae Mauritaniae / Dux et praeses provinciae Mauritaniae / Sub dispositione viri spectabilis ducis et praesidis provinciae Mauritaniae et Caesariensis
OCC000113,Occidentis,Dux et praeses provinciae Mauritaniae,1178,Audiensis,limes,Praepositus,limitis Audiensis,et praesidis provinciae Mauritaniae et Caesariensis,,,et praesidis provinciae Mauritaniae et Caesariensis,et praesidis provinciae Mauritaniae et Caesariensis,,Dux et praeses provinciae Mauritaniae / Dux et praeses provinciae Mauritaniae / Sub dispositione viri spectabilis ducis et praesidis provinciae Mauritaniae et Caesariensis
OCC000114,Occidentis,Dux et praeses provinciae Mauritaniae,1179,Caputcellensis,limes,Praepositus,limitis Caputcellensis,et praesidis provinciae Mauritaniae et Caesariensis,,,et praesidis provinciae Mauritaniae et Caesariensis,et praesidis provinciae Mauritaniae et Caesariensis,,Dux et praeses provinciae Mauritaniae / Dux et praeses provinciae Mauritaniae / Sub dispositione viri spectabilis ducis et praesidis provinciae Mauritaniae et Caesariensis
OCC000115,Occidentis,Dux et praeses provinciae Mauritaniae,1180,Augustensis,limes,Praepositus,limitis Augustensis,et praesidis provinciae Mauritaniae et Caesariensis,,,et praesidis provinciae Mauritaniae et Caesariensis,et praesidis provinciae Mauritaniae et Caesariensis,,Dux et praeses provinciae Mauritaniae / Dux et praeses provinciae Mauritaniae / Sub dispositione viri spectabilis ducis et praesidis provinciae Mauritaniae et Caesariensis
OCC000116,Occidentis,Dux provinciae Tripolitanae,1195,Talalatensis,limes,Praepositus,limitis Talalatensis,Tripolitanae,,,Tripolitanae,Tripolitanae,,Dux provinciae Tripolitanae / Dux provinciae Tripolitanae / Sub dispositione viri spectabilis ducis provinciae Tripolitanae
OCC000117,Occidentis,Dux provinciae Tripolitanae,1196,Tenthettani,limes,Praepositus,limitis Tenthettani,Tripolitanae,,,Tripolitanae,Tripolitanae,,Dux provinciae Tripolitanae / Dux provinciae Tripolitanae / Sub dispositione viri spectabilis ducis provinciae Tripolitanae
OCC000118,Occidentis,Dux provinciae Tripolitanae,1197,Bizerentane,limes,Praepositus,limitis Bizerentane,Tripolitanae,,,Tripolitanae,Tripolitanae,,Dux provinciae Tripolitanae / Dux provinciae Tripolitanae / Sub dispositione viri spectabilis ducis provinciae Tripolitanae
OCC000119,Occidentis,Dux provinciae Tripolitanae,1198,Tillibarensis,limes,Praepositus,limitis Tillibarensis,Tripolitanae,,,Tripolitanae,Tripolitanae,,Dux provinciae Tripolitanae / Dux provinciae Tripolitanae / Sub dispositione viri spectabilis ducis provinciae Tripolitanae
OCC000120,Occidentis,Dux provinciae Tripolitanae,1199,Madensis,limes,Praepositus,limitis Madensis,Tripolitanae,,,Tripolitanae,Tripolitanae,,Dux provinciae Tripolitanae / Dux provinciae Tripolitanae / Sub dispositione viri spectabilis ducis provinciae Tripolitanae
OCC000121,Occidentis,Dux provinciae Tripolitanae,1200,Maccomadensis,limes,Praepositus,limitis Maccomadensis,Tripolitanae,,,Tripolitanae,Tripolitanae,,Dux provinciae Tripolitanae / Dux provinciae Tripolitanae / Sub dispositione viri spectabilis ducis provinciae Tripolitanae
OCC000122,Occidentis,Dux provinciae Tripolitanae,1201,Tintiberitani,limes,Praepositus,limitis Tintiberitani,Tripolitanae,,,Tripolitanae,Tripolitanae,,Dux provinciae Tripolitanae / Dux provinciae Tripolitanae / Sub dispositione viri spectabilis ducis provinciae Tripolitanae
OCC000123,Occidentis,Dux provinciae Tripolitanae,1202,Bubensis,limes,Praepositus,limitis Bubensis,Tripolitanae,,,Tripolitanae,Tripolitanae,,Dux provinciae Tripolitanae / Dux provinciae Tripolitanae / Sub dispositione viri spectabilis ducis provinciae Tripolitanae
OCC000124,Occidentis,Dux provinciae Tripolitanae,1203,Mamucensis,limes,Praepositus,limitis Mamucensis,Tripolitanae,,,Tripolitanae,Tripolitanae,,Dux provinciae Tripolitanae / Dux provinciae Tripolitanae / Sub dispositione viri spectabilis ducis provinciae Tripolitanae
OCC000125,Occidentis,Dux provinciae Tripolitanae,1204,Balensis,limes,Praepositus,limitis Balensis,Tripolitanae,,,Tripolitanae,Tripolitanae,,Dux provinciae Tripolitanae / Dux provinciae Tripolitanae / Sub dispositione viri spectabilis ducis provinciae Tripolitanae
OCC000126,Occidentis,Dux provinciae Tripolitanae,1205,Varensis,limes,Praepositus,limitis Varensis,Tripolitanae,,,Tripolitanae,Tripolitanae,,Dux provinciae Tripolitanae / Dux provinciae Tripolitanae / Sub dispositione viri spectabilis ducis provinciae Tripolitanae
OCC000127,Occidentis,Dux provinciae Tripolitanae,1206,Leptitanis,castris,,Milites Fortenses in castris Leptitanis,Tripolitanae,,,Tripolitanae,Tripolitanae,,Dux provinciae Tripolitanae / Dux provinciae Tripolitanae / Sub dispositione viri spectabilis ducis provinciae Tripolitanae
OCC000128,Occidentis,Dux provinciae Tripolitanae,1207,Madensibus,castris,,Milites Munifices in castris Madensibus,Tripolitanae,,,Tripolitanae,Tripolitanae,,Dux provinciae Tripolitanae / Dux provinciae Tripolitanae / Sub dispositione viri spectabilis ducis provinciae Tripolitanae
OCC000129,Occidentis,Dux provinciae Tripolitanae,1208,Sarcitani,limes,Praepositus,limitis Sarcitani,Tripolitanae,,,Tripolitanae,Tripolitanae,,Dux provinciae Tripolitanae / Dux provinciae Tripolitanae / Sub dispositione viri spectabilis ducis provinciae Tripolitanae
OCC000130,Occidentis,Dux Pannoniae,1223,Cornacii,tail,,Cuneus equitum scutariorum,Pannoniae secundae ripariensis et Saviae,,,Pannoniae secundae ripariensis et Saviae,Pannoniae secundae ripariensis et Saviae,,Dux Pannoniae / Dux Pannoniae / Sub dispositione viri spectabilis ducis provinciae Pannoniae secundae ripariensis et Saviae
OCC000131,Occidentis,Dux Pannoniae,1224,Teutiborgio,tail,,Cuneus equitum Dalmatarum,Pannoniae secundae ripariensis et Saviae,,,Pannoniae secundae ripariensis et Saviae,Pannoniae secundae ripariensis et Saviae,,Dux Pannoniae / Dux Pannoniae / Sub dispositione viri spectabilis ducis provinciae Pannoniae secundae ripariensis et Saviae
OCC000132,Occidentis,Dux Pannoniae,1225,Burgenas,tail,,Cuneus equitum Constantianorum,Pannoniae secundae ripariensis et Saviae,,,Pannoniae secundae ripariensis et Saviae,Pannoniae secundae ripariensis et Saviae,,Dux Pannoniae / Dux Pannoniae / Sub dispositione viri spectabilis ducis provinciae Pannoniae secundae ripariensis et Saviae
OCC000133,Occidentis,Dux Pannoniae,1226,Cuccis,tail,,Cuneus equitum promotorum,Pannoniae secundae ripariensis et Saviae,,,Pannoniae secundae ripariensis et Saviae,Pannoniae secundae ripariensis et Saviae,,Dux Pannoniae / Dux Pannoniae / Sub dispositione viri spectabilis ducis provinciae Pannoniae secundae ripariensis et Saviae
OCC000134,Occidentis,Dux Pannoniae,1227,Aciminci,tail,,Cuneus equitum constantium,Pannoniae secundae ripariensis et Saviae,,,Pannoniae secundae ripariensis et Saviae,Pannoniae secundae ripariensis et Saviae,,Dux Pannoniae / Dux Pannoniae / Sub dispositione viri spectabilis ducis provinciae Pannoniae secundae ripariensis et Saviae
OCC000135,Occidentis,Dux Pannoniae,1228,Secundarum,tail,,Cuneus equitum Italicianorum,Pannoniae secundae ripariensis et Saviae,,,Pannoniae secundae ripariensis et Saviae,Pannoniae secundae ripariensis et Saviae,,Dux Pannoniae / Dux Pannoniae / Sub dispositione viri spectabilis ducis provinciae Pannoniae secundae ripariensis et Saviae
OCC000136,Occidentis,Dux Pannoniae,1229,Novas,tail,,Equites Dalmatae,Pannoniae secundae ripariensis et Saviae,,,Pannoniae secundae ripariensis et Saviae,Pannoniae secundae ripariensis et Saviae,,Dux Pannoniae / Dux Pannoniae / Sub dispositione viri spectabilis ducis provinciae Pannoniae secundae ripariensis et Saviae
OCC000137,Occidentis,Dux Pannoniae,1230,Albano,tail,,Equites Dalmatae,Pannoniae secundae ripariensis et Saviae,,,Pannoniae secundae ripariensis et Saviae,Pannoniae secundae ripariensis et Saviae,,Dux Pannoniae / Dux Pannoniae / Sub dispositione viri spectabilis ducis provinciae Pannoniae secundae ripariensis et Saviae
OCC000138,Occidentis,Dux Pannoniae,1231,Teutibarcio,tail,,Equites promoti,Pannoniae secundae ripariensis et Saviae,,,Pannoniae secundae ripariensis et Saviae,Pannoniae secundae ripariensis et Saviae,,Dux Pannoniae / Dux Pannoniae / Sub dispositione viri spectabilis ducis provinciae Pannoniae secundae ripariensis et Saviae
OCC000139,Occidentis,Dux Pannoniae,1232,Cornaco,tail,,Equites Dalmatae,Pannoniae secundae ripariensis et Saviae,,,Pannoniae secundae ripariensis et Saviae,Pannoniae secundae ripariensis et Saviae,,Dux Pannoniae / Dux Pannoniae / Sub dispositione viri spectabilis ducis provinciae Pannoniae secundae ripariensis et Saviae
OCC000140,Occidentis,Dux Pannoniae,1233,Cuccis,tail,,Equites sagittarii,Pannoniae secundae ripariensis et Saviae,,,Pannoniae secundae ripariensis et Saviae,Pannoniae secundae ripariensis et Saviae,,Dux Pannoniae / Dux Pannoniae / Sub dispositione viri spectabilis ducis provinciae Pannoniae secundae ripariensis et Saviae
OCC000141,Occidentis,Dux Pannoniae,1234,Bonoriae,tail,,Equites Dalmatae,Pannoniae secundae ripariensis et Saviae,,,Pannoniae secundae ripariensis et Saviae,Pannoniae secundae ripariensis et Saviae,,Dux Pannoniae / Dux Pannoniae / Sub dispositione viri spectabilis ducis provinciae Pannoniae secundae ripariensis et Saviae
OCC000142,Occidentis,Dux Pannoniae,1235,Cusi,tail,,Equites Dalmatae,Pannoniae secundae ripariensis et Saviae,,,Pannoniae secundae ripariensis et Saviae,Pannoniae secundae ripariensis et Saviae,,Dux Pannoniae / Dux Pannoniae / Sub dispositione viri spectabilis ducis provinciae Pannoniae secundae ripariensis et Saviae
OCC000143,Occidentis,Dux Pannoniae,1236,Acimirci,tail,,Equites sagittarii,Pannoniae secundae ripariensis et Saviae,,,Pannoniae secundae ripariensis et Saviae,Pannoniae secundae ripariensis et Saviae,,Dux Pannoniae / Dux Pannoniae / Sub dispositione viri spectabilis ducis provinciae Pannoniae secundae ripariensis et Saviae
OCC000144,Occidentis,Dux Pannoniae,1237,Ricti,tail,,Equites Dalmatae,Pannoniae secundae ripariensis et Saviae,,,Pannoniae secundae ripariensis et Saviae,Pannoniae secundae ripariensis et Saviae,,Dux Pannoniae / Dux Pannoniae / Sub dispositione viri spectabilis ducis provinciae Pannoniae secundae ripariensis et Saviae
OCC000145,Occidentis,Dux Pannoniae,1238,Burgentas,tail,,Equites Dalmatae,Pannoniae secundae ripariensis et Saviae,,,Pannoniae secundae ripariensis et Saviae,Pannoniae secundae ripariensis et Saviae,,Dux Pannoniae / Dux Pannoniae / Sub dispositione viri spectabilis ducis provinciae Pannoniae secundae ripariensis et Saviae
OCC000146,Occidentis,Dux Pannoniae,1239,Tauruno,tail,,Equites promoti,Pannoniae secundae ripariensis et Saviae,,,Pannoniae secundae ripariensis et Saviae,Pannoniae secundae ripariensis et Saviae,,Dux Pannoniae / Dux Pannoniae / Sub dispositione viri spectabilis ducis provinciae Pannoniae secundae ripariensis et Saviae
OCC000147,Occidentis,Dux Pannoniae,1240,ad Herculem,tail,,Auxilia Herculensia,Pannoniae secundae ripariensis et Saviae,,,Pannoniae secundae ripariensis et Saviae,Pannoniae secundae ripariensis et Saviae,,Dux Pannoniae / Dux Pannoniae / Sub dispositione viri spectabilis ducis provinciae Pannoniae secundae ripariensis et Saviae
OCC000148,Occidentis,Dux Pannoniae,1241,Arsaciana,tail,,Auxilia Novensia,Pannoniae secundae ripariensis et Saviae,,,Pannoniae secundae ripariensis et Saviae,Pannoniae secundae ripariensis et Saviae,,Dux Pannoniae / Dux Pannoniae / Sub dispositione viri spectabilis ducis provinciae Pannoniae secundae ripariensis et Saviae
OCC000149,Occidentis,Dux Pannoniae,1241,Novas,tail,,Auxilia Novensia,Pannoniae secundae ripariensis et Saviae,,,Pannoniae secundae ripariensis et Saviae,Pannoniae secundae ripariensis et Saviae,,Dux Pannoniae / Dux Pannoniae / Sub dispositione viri spectabilis ducis provinciae Pannoniae secundae ripariensis et Saviae
OCC000150,Occidentis,Dux Pannoniae,1242,Onagrino,castello,,Auxilia Augustensia,Pannoniae secundae ripariensis et Saviae,,,Pannoniae secundae ripariensis et Saviae,Pannoniae secundae ripariensis et Saviae,,Dux Pannoniae / Dux Pannoniae / Sub dispositione viri spectabilis ducis provinciae Pannoniae secundae ripariensis et Saviae
OCC000151,Occidentis,Dux Pannoniae,1243,Herculis,castris,,Auxilia Praesidentia,Pannoniae secundae ripariensis et Saviae,,,Pannoniae secundae ripariensis et Saviae,Pannoniae secundae ripariensis et Saviae,,Dux Pannoniae / Dux Pannoniae / Sub dispositione viri spectabilis ducis provinciae Pannoniae secundae ripariensis et Saviae
OCC000152,Occidentis,Dux Pannoniae,1244,Tauruno,tail,,Auxilia ascarii,Pannoniae secundae ripariensis et Saviae,,,Pannoniae secundae ripariensis et Saviae,Pannoniae secundae ripariensis et Saviae,,Dux Pannoniae / Dux Pannoniae / Sub dispositione viri spectabilis ducis provinciae Pannoniae secundae ripariensis et Saviae
OCC000153,Occidentis,Dux Pannoniae,1244,Marsonia,tail,,Auxilia ascarii,Pannoniae secundae ripariensis et Saviae,,,Pannoniae secundae ripariensis et Saviae,Pannoniae secundae ripariensis et Saviae,,Dux Pannoniae / Dux Pannoniae / Sub dispositione viri spectabilis ducis provinciae Pannoniae secundae ripariensis et Saviae
OCC000154,Occidentis,Dux Pannoniae,1245,Bononiae,tail,Praefectus,legionis quintae Ioviae cohortis quintae partis superioris,Pannoniae secundae ripariensis et Saviae,,,Pannoniae secundae ripariensis et Saviae,Pannoniae secundae ripariensis et Saviae,,Dux Pannoniae / Dux Pannoniae / Sub dispositione viri spectabilis ducis provinciae Pannoniae secundae ripariensis et Saviae
OCC000155,Occidentis,Dux Pannoniae,1247,Burgenas,tail,Praefectus,legionis quintae Ioviae,Pannoniae secundae ripariensis et Saviae,,,Pannoniae secundae ripariensis et Saviae,Pannoniae secundae ripariensis et Saviae,,Dux Pannoniae / Dux Pannoniae / Sub dispositione viri spectabilis ducis provinciae Pannoniae secundae ripariensis et Saviae
OCC000156,Occidentis,Dux Pannoniae,1248,Teutiborgio,tail,Praefectus,legionis sextae Herculeae,Pannoniae secundae ripariensis et Saviae,,,Pannoniae secundae ripariensis et Saviae,Pannoniae secundae ripariensis et Saviae,,Dux Pannoniae / Dux Pannoniae / Sub dispositione viri spectabilis ducis provinciae Pannoniae secundae ripariensis et Saviae
OCC000157,Occidentis,Dux Pannoniae,1249,in castello Onagrino,tail,Praefectus,legionis quintae Ioviae et sextae Herculeae,Pannoniae secundae ripariensis et Saviae,,,Pannoniae secundae ripariensis et Saviae,Pannoniae secundae ripariensis et Saviae,,Dux Pannoniae / Dux Pannoniae / Sub dispositione viri spectabilis ducis provinciae Pannoniae secundae ripariensis et Saviae
OCC000158,Occidentis,Dux Pannoniae,1250,Sirmi,tail,Praefectus,militum Calcariensium,Pannoniae secundae ripariensis et Saviae,,,Pannoniae secundae ripariensis et Saviae,Pannoniae secundae ripariensis et Saviae,,Dux Pannoniae / Dux Pannoniae / Sub dispositione viri spectabilis ducis provinciae Pannoniae secundae ripariensis et Saviae
OCC000159,Occidentis,Dux Pannoniae,1251,Sirmi,tail,Praefectus,classis primae Flaviae Augustae,Pannoniae secundae ripariensis et Saviae,,,Pannoniae secundae ripariensis et Saviae,Pannoniae secundae ripariensis et Saviae,,Dux Pannoniae / Dux Pannoniae / Sub dispositione viri spectabilis ducis provinciae Pannoniae secundae ripariensis et Saviae
OCC000160,Occidentis,Dux Pannoniae,1252,Graio,tail,Praefectus,classis secundae Flaviae,Pannoniae secundae ripariensis et Saviae,,,Pannoniae secundae ripariensis et Saviae,Pannoniae secundae ripariensis et Saviae,,Dux Pannoniae / Dux Pannoniae / Sub dispositione viri spectabilis ducis provinciae Pannoniae secundae ripariensis et Saviae
OCC000161,Occidentis,Dux Pannoniae,1253,Mursae,tail,Praefectus,classis Histricae,Pannoniae secundae ripariensis et Saviae,,,Pannoniae secundae ripariensis et Saviae,Pannoniae secundae ripariensis et Saviae,,Dux Pannoniae / Dux Pannoniae / Sub dispositione viri spectabilis ducis provinciae Pannoniae secundae ripariensis et Saviae
OCC000162,Occidentis,Dux Pannoniae,1255,Sirmi,tail,,Ala Sirmensis,Pannoniae secundae ripariensis et Saviae,,,Pannoniae secundae ripariensis et Saviae,Pannoniae secundae ripariensis et Saviae,,Dux Pannoniae / Dux Pannoniae / Sub dispositione viri spectabilis ducis provinciae Pannoniae secundae ripariensis et Saviae
OCC000163,Occidentis,Dux Pannoniae,1256,Seruitii,tail,Praefectus,classis primae Pannonicae,Pannoniae secundae ripariensis et Saviae,,,Pannoniae secundae ripariensis et Saviae,Pannoniae secundae ripariensis et Saviae,,Dux Pannoniae / Dux Pannoniae / Sub dispositione viri spectabilis ducis provinciae Pannoniae secundae ripariensis et Saviae
OCC000164,Occidentis,Dux Pannoniae,1257,nunc Sisciae,tail,Praefectus,classis Aegetensium siue secundae Pannonicae,Pannoniae secundae ripariensis et Saviae,,,Pannoniae secundae ripariensis et Saviae,Pannoniae secundae ripariensis et Saviae,,Dux Pannoniae / Dux Pannoniae / Sub dispositione viri spectabilis ducis provinciae Pannoniae secundae ripariensis et Saviae
OCC000165,Occidentis,Dux Pannoniae,1258,Sisciae,tail,Tribunus,cohortis tertiae Alpinorum,Pannoniae secundae ripariensis et Saviae,,,Pannoniae secundae ripariensis et Saviae,Pannoniae secundae ripariensis et Saviae,,Dux Pannoniae / Dux Pannoniae / Sub dispositione viri spectabilis ducis provinciae Pannoniae secundae ripariensis et Saviae
OCC000166,Occidentis,Dux Pannoniae,1259,Leonatae,tail,Tribunus,cohortis primae Ioviae,Pannoniae secundae ripariensis et Saviae,,,Pannoniae secundae ripariensis et Saviae,Pannoniae secundae ripariensis et Saviae,,Dux Pannoniae / Dux Pannoniae / Sub dispositione viri spectabilis ducis provinciae Pannoniae secundae ripariensis et Saviae
OCC000167,Occidentis,Dux Pannoniae,1260,Caput Basensis,tail,Tribunus,cohortis primae Thracum civium Romanorum,Pannoniae secundae ripariensis et Saviae,,,Pannoniae secundae ripariensis et Saviae,Pannoniae secundae ripariensis et Saviae,,Dux Pannoniae / Dux Pannoniae / Sub dispositione viri spectabilis ducis provinciae Pannoniae secundae ripariensis et Saviae
OCC000168,Occidentis,Dux provinciae Valeriae,1274,Solue,tail,,Cuneus equitum scutatorum,Valeriae ripensis,,,Valeriae ripensis,Valeriae ripensis,,Dux provinciae Valeriae / Dux provinciae Valeriae / Sub dispositione viri spectabilis ducis provinciae Valeriae ripensis
OCC000169,Occidentis,Dux provinciae Valeriae,1275,Intercisa,tail,,Cuneus equitum Dalmatarum,Valeriae ripensis,,,Valeriae ripensis,Valeriae ripensis,,Dux provinciae Valeriae / Dux provinciae Valeriae / Sub dispositione viri spectabilis ducis provinciae Valeriae ripensis
OCC000170,Occidentis,Dux provinciae Valeriae,1276,Lusionio,tail,,Cuneus equitum Constantianorum,Valeriae ripensis,,,Valeriae ripensis,Valeriae ripensis,,Dux provinciae Valeriae / Dux provinciae Valeriae / Sub dispositione viri spectabilis ducis provinciae Valeriae ripensis
OCC000171,Occidentis,Dux provinciae Valeriae,1276,Intercisa,alternate,,Cuneus equitum Constantianorum,Valeriae ripensis,,,Valeriae ripensis,Valeriae ripensis,,Dux provinciae Valeriae / Dux provinciae Valeriae / Sub dispositione viri spectabilis ducis provinciae Valeriae ripensis
OCC000172,Occidentis,Dux provinciae Valeriae,1277,Ripa Alta,tail,,Cuneus equitum stablesianorum,Valeriae ripensis,,,Valeriae ripensis,Valeriae ripensis,,Dux provinciae Valeriae / Dux provinciae Valeriae / Sub dispositione viri spectabilis ducis provinciae Valeriae ripensis
OCC000173,Occidentis,Dux provinciae Valeriae,1277,Conradcuha,alternate,,Cuneus equitum stablesianorum,Valeriae ripensis,,,Valeriae ripensis,Valeriae ripensis,,Dux provinciae Valeriae / Dux provinciae Valeriae / Sub dispositione viri spectabilis ducis provinciae Valeriae ripensis
OCC000174,Occidentis,Dux provinciae Valeriae,1278,Altino,tail,,Cuneus equitum Fortensium,Valeriae ripensis,,,Valeriae ripensis,Valeriae ripensis,,Dux provinciae Valeriae / Dux provinciae Valeriae / Sub dispositione viri spectabilis ducis provinciae Valeriae ripensis
OCC000175,Occidentis,Dux provinciae Valeriae,1279,Odiabo,tail,,Equites Dalmatae,Valeriae ripensis,,,Valeriae ripensis,Valeriae ripensis,,Dux provinciae Valeriae / Dux provinciae Valeriae / Sub dispositione viri spectabilis ducis provinciae Valeriae ripensis
OCC000176,Occidentis,Dux provinciae Valeriae,1280,Crumero,tail,,Equites promoti,Valeriae ripensis,,,Valeriae ripensis,Valeriae ripensis,,Dux provinciae Valeriae / Dux provinciae Valeriae / Sub dispositione viri spectabilis ducis provinciae Valeriae ripensis
OCC000177,Occidentis,Dux provinciae Valeriae,1281,Solua,tail,,Equites Mauri,Valeriae ripensis,,,Valeriae ripensis,Valeriae ripensis,,Dux provinciae Valeriae / Dux provinciae Valeriae / Sub dispositione viri spectabilis ducis provinciae Valeriae ripensis
OCC000178,Occidentis,Dux provinciae Valeriae,1282,Ad Herculem,tail,,Equites Dalmatae,Valeriae ripensis,,,Valeriae ripensis,Valeriae ripensis,,Dux provinciae Valeriae / Dux provinciae Valeriae / Sub dispositione viri spectabilis ducis provinciae Valeriae ripensis
OCC000179,Occidentis,Dux provinciae Valeriae,1283,Cirpi,tail,,Equites Dalmatae,Valeriae ripensis,,,Valeriae ripensis,Valeriae ripensis,,Dux provinciae Valeriae / Dux provinciae Valeriae / Sub dispositione viri spectabilis ducis provinciae Valeriae ripensis
OCC000180,Occidentis,Dux provinciae Valeriae,1284,Constantiae,tail,,Equites Dalmatae,Valeriae ripensis,,,Valeriae ripensis,Valeriae ripensis,,Dux provinciae Valeriae / Dux provinciae Valeriae / Sub dispositione viri spectabilis ducis provinciae Valeriae ripensis
OCC000181,Occidentis,Dux provinciae Valeriae,1285,Campona,tail,,Equites Dalmatae,Valeriae ripensis,,,Valeriae ripensis,Valeriae ripensis,,Dux provinciae Valeriae / Dux provinciae Valeriae / Sub dispositione viri spectabilis ducis provinciae Valeriae ripensis
OCC000182,Occidentis,Dux provinciae Valeriae,1286,Matrice,tail,,Equites promoti,Valeriae ripensis,,,Valeriae ripensis,Valeriae ripensis,,Dux provinciae Valeriae / Dux provinciae Valeriae / Sub dispositione viri spectabilis ducis provinciae Valeriae ripensis
OCC000183,Occidentis,Dux provinciae Valeriae,1287,Vetusalinae,tail,,Equites Dalmatae,Valeriae ripensis,,,Valeriae ripensis,Valeriae ripensis,,Dux provinciae Valeriae / Dux provinciae Valeriae / Sub dispositione viri spectabilis ducis provinciae Valeriae ripensis
OCC000184,Occidentis,Dux provinciae Valeriae,1288,Intercisa,tail,,Equites sagittarii,Valeriae ripensis,,,Valeriae ripensis,Valeriae ripensis,,Dux provinciae Valeriae / Dux provinciae Valeriae / Sub dispositione viri spectabilis ducis provinciae Valeriae ripensis
OCC000185,Occidentis,Dux provinciae Valeriae,1289,Adnamantia,tail,,Equites Dalmatae,Valeriae ripensis,,,Valeriae ripensis,Valeriae ripensis,,Dux provinciae Valeriae / Dux provinciae Valeriae / Sub dispositione viri spectabilis ducis provinciae Valeriae ripensis
OCC000186,Occidentis,Dux provinciae Valeriae,1290,Lussonio,tail,,Equites Dalmatae,Valeriae ripensis,,,Valeriae ripensis,Valeriae ripensis,,Dux provinciae Valeriae / Dux provinciae Valeriae / Sub dispositione viri spectabilis ducis provinciae Valeriae ripensis
OCC000187,Occidentis,Dux provinciae Valeriae,1291,Ripa Alta,tail,,Equites Dalmatae,Valeriae ripensis,,,Valeriae ripensis,Valeriae ripensis,,Dux provinciae Valeriae / Dux provinciae Valeriae / Sub dispositione viri spectabilis ducis provinciae Valeriae ripensis
OCC000188,Occidentis,Dux provinciae Valeriae,1292,Ad Statuas,tail,,Equites Dalmatae,Valeriae ripensis,,,Valeriae ripensis,Valeriae ripensis,,Dux provinciae Valeriae / Dux provinciae Valeriae / Sub dispositione viri spectabilis ducis provinciae Valeriae ripensis
OCC000189,Occidentis,Dux provinciae Valeriae,1293,Florentiae,tail,,Equites Dalmatae,Valeriae ripensis,,,Valeriae ripensis,Valeriae ripensis,,Dux provinciae Valeriae / Dux provinciae Valeriae / Sub dispositione viri spectabilis ducis provinciae Valeriae ripensis
OCC000190,Occidentis,Dux provinciae Valeriae,1294,Altino,tail,,Equites sagittarii,Valeriae ripensis,,,Valeriae ripensis,Valeriae ripensis,in burgo contra Florentiam,Dux provinciae Valeriae / Dux provinciae Valeriae / Sub dispositione viri spectabilis ducis provinciae Valeriae ripensis
OCC000191,Occidentis,Dux provinciae Valeriae,1295,Ad Militare,tail,,Equites Flavianenses,Valeriae ripensis,,,Valeriae ripensis,Valeriae ripensis,,Dux provinciae Valeriae / Dux provinciae Valeriae / Sub dispositione viri spectabilis ducis provinciae Valeriae ripensis
OCC000192,Occidentis,Dux provinciae Valeriae,1296,Ad Herculem,tail,,Auxilia Herculensia,Valeriae ripensis,,,Valeriae ripensis,Valeriae ripensis,,Dux provinciae Valeriae / Dux provinciae Valeriae / Sub dispositione viri spectabilis ducis provinciae Valeriae ripensis
OCC000193,Occidentis,Dux provinciae Valeriae,1297,Pone Navata,tail,,Auxilia Ursarensia,Valeriae ripensis,,,Valeriae ripensis,Valeriae ripensis,,Dux provinciae Valeriae / Dux provinciae Valeriae / Sub dispositione viri spectabilis ducis provinciae Valeriae ripensis
OCC000194,Occidentis,Dux provinciae Valeriae,1297,Ad Statuas,alternate,,Auxilia Ursarensia,Valeriae ripensis,,,Valeriae ripensis,Valeriae ripensis,,Dux provinciae Valeriae / Dux provinciae Valeriae / Sub dispositione viri spectabilis ducis provinciae Valeriae ripensis
OCC000195,Occidentis,Dux provinciae Valeriae,1299,Cirpe,tail,,Auxilia Fortensia,Valeriae ripensis,,,Valeriae ripensis,Valeriae ripensis,,Dux provinciae Valeriae / Dux provinciae Valeriae / Sub dispositione viri spectabilis ducis provinciae Valeriae ripensis
OCC000196,Occidentis,Dux provinciae Valeriae,1300,Cardabiaca,tail,,Auxilia insidiatorum,Valeriae ripensis,,,Valeriae ripensis,Valeriae ripensis,,Dux provinciae Valeriae / Dux provinciae Valeriae / Sub dispositione viri spectabilis ducis provinciae Valeriae ripensis
OCC000197,Occidentis,Dux provinciae Valeriae,1301,Bregtione,tail,Praefectus,legionis primae adiutricis cohortis quintae partis superioris,Valeriae ripensis,,,Valeriae ripensis,Valeriae ripensis,,Dux provinciae Valeriae / Dux provinciae Valeriae / Sub dispositione viri spectabilis ducis provinciae Valeriae ripensis
OCC000198,Occidentis,Dux provinciae Valeriae,1302,Aliscae,tail,Praefectus,legionis secundae adiutricis cohortis quintae partis superioris,Valeriae ripensis,,,Valeriae ripensis,Valeriae ripensis,,Dux provinciae Valeriae / Dux provinciae Valeriae / Sub dispositione viri spectabilis ducis provinciae Valeriae ripensis
OCC000199,Occidentis,Dux provinciae Valeriae,1303,Florentiae,tail,Praefectus,legionis secundae adiutricis partis inferioris,Valeriae ripensis,,,Valeriae ripensis,Valeriae ripensis,,Dux provinciae Valeriae / Dux provinciae Valeriae / Sub dispositione viri spectabilis ducis provinciae Valeriae ripensis
OCC000200,Occidentis,Dux provinciae Valeriae,1304,Acinco,tail,Praefectus,legionis secundae adiutricis partis superioris,Valeriae ripensis,,,Valeriae ripensis,Valeriae ripensis,,Dux provinciae Valeriae / Dux provinciae Valeriae / Sub dispositione viri spectabilis ducis provinciae Valeriae ripensis
OCC000201,Occidentis,Dux provinciae Valeriae,1306,Cirpi,tail,Praefectus,legionis secundae adiutricis,Valeriae ripensis,,,Valeriae ripensis,Valeriae ripensis,,Dux provinciae Valeriae / Dux provinciae Valeriae / Sub dispositione viri spectabilis ducis provinciae Valeriae ripensis
OCC000202,Occidentis,Dux provinciae Valeriae,1307,Lussonio,tail,Praefectus,legionis secundae adiutricis,Valeriae ripensis,,,Valeriae ripensis,Valeriae ripensis,,Dux provinciae Valeriae / Dux provinciae Valeriae / Sub dispositione viri spectabilis ducis provinciae Valeriae ripensis
OCC000203,Occidentis,Dux provinciae Valeriae,1308,Florentiae,tail,Praefectus,classis Histricae,Valeriae ripensis,,,Valeriae ripensis,Valeriae ripensis,,Dux provinciae Valeriae / Dux provinciae Valeriae / Sub dispositione viri spectabilis ducis provinciae Valeriae ripensis
OCC000204,Occidentis,Dux provinciae Valeriae,1309,Vincentiae,tail,Tribunus,cohortis,Valeriae ripensis,,,Valeriae ripensis,Valeriae ripensis,,Dux provinciae Valeriae / Dux provinciae Valeriae / Sub dispositione viri spectabilis ducis provinciae Valeriae ripensis
OCC000205,Occidentis,Dux provinciae Valeriae,1310,quadriborgio,tail,Tribunus,cohortis,Valeriae ripensis,,,Valeriae ripensis,Valeriae ripensis,,Dux provinciae Valeriae / Dux provinciae Valeriae / Sub dispositione viri spectabilis ducis provinciae Valeriae ripensis
OCC000206,Occidentis,Dux provinciae Valeriae,1311,Iovia,tail,Tribunus,cohortis,Valeriae ripensis,,,Valeriae ripensis,Valeriae ripensis,,Dux provinciae Valeriae / Dux provinciae Valeriae / Sub dispositione viri spectabilis ducis provinciae Valeriae ripensis
OCC000207,Occidentis,Dux provinciae Valeriae,1312,ad burgum Centenarium,tail,Tribunus,cohortis,Valeriae ripensis,,,Valeriae ripensis,Valeriae ripensis,,Dux provinciae Valeriae / Dux provinciae Valeriae / Sub dispositione viri spectabilis ducis provinciae Valeriae ripensis
OCC000208,Occidentis,Dux provinciae Valeriae,1313,Alesacae,tail,Tribunus,cohortis,Valeriae ripensis,,,Valeriae ripensis,Valeriae ripensis,,Dux provinciae Valeriae / Dux provinciae Valeriae / Sub dispositione viri spectabilis ducis provinciae Valeriae ripensis
OCC000209,Occidentis,Dux provinciae Valeriae,1314,Marinanae,tail,Tribunus,cohortis,Valeriae ripensis,,,Valeriae ripensis,Valeriae ripensis,,Dux provinciae Valeriae / Dux provinciae Valeriae / Sub dispositione viri spectabilis ducis provinciae Valeriae ripensis
OCC000210,Occidentis,Dux provinciae Valeriae,1315,Transiacinco,tail,Praefectus,legionis,Valeriae ripensis,,,Valeriae ripensis,Valeriae ripensis,,Dux provinciae Valeriae / Dux provinciae Valeriae / Sub dispositione viri spectabilis ducis provinciae Valeriae ripensis
OCC000211,Occidentis,Dux Pannoniae primae,1329,Flexo,tail,,Cuneus equitum Dalmatarum,Pannoniae et Norici ripensis,,,Pannoniae et Norici ripensis,Pannoniae et Norici ripensis,,Dux Pannoniae primae / Dux Pannoniae primae / Sub dispositione viri spectabilis ducis Pannoniae et Norici ripensis
OCC000212,Occidentis,Dux Pannoniae primae,1330,Arrabonae,tail,,Cuneus equitum stablesianorum,Pannoniae et Norici ripensis,,,Pannoniae et Norici ripensis,Pannoniae et Norici ripensis,,Dux Pannoniae primae / Dux Pannoniae primae / Sub dispositione viri spectabilis ducis Pannoniae et Norici ripensis
OCC000213,Occidentis,Dux Pannoniae primae,1331,Arrabonae,tail,,Equites promoti,Pannoniae et Norici ripensis,,,Pannoniae et Norici ripensis,Pannoniae et Norici ripensis,,Dux Pannoniae primae / Dux Pannoniae primae / Sub dispositione viri spectabilis ducis Pannoniae et Norici ripensis
OCC000214,Occidentis,Dux Pannoniae primae,1332,Quadriburgio,tail,,Equites sagittarii,Pannoniae et Norici ripensis,,,Pannoniae et Norici ripensis,Pannoniae et Norici ripensis,,Dux Pannoniae primae / Dux Pannoniae primae / Sub dispositione viri spectabilis ducis Pannoniae et Norici ripensis
OCC000215,Occidentis,Dux Pannoniae primae,1333,Ala Nova,tail,,Equites Dalmatae,Pannoniae et Norici ripensis,,,Pannoniae et Norici ripensis,Pannoniae et Norici ripensis,,Dux Pannoniae primae / Dux Pannoniae primae / Sub dispositione viri spectabilis ducis Pannoniae et Norici ripensis
OCC000216,Occidentis,Dux Pannoniae primae,1334,Aequinoctoiae,tail,,Equites Dalmatae,Pannoniae et Norici ripensis,,,Pannoniae et Norici ripensis,Pannoniae et Norici ripensis,,Dux Pannoniae primae / Dux Pannoniae primae / Sub dispositione viri spectabilis ducis Pannoniae et Norici ripensis
OCC000217,Occidentis,Dux Pannoniae primae,1335,Ad Herculem,tail,,Equites Dalmatae,Pannoniae et Norici ripensis,,,Pannoniae et Norici ripensis,Pannoniae et Norici ripensis,,Dux Pannoniae primae / Dux Pannoniae primae / Sub dispositione viri spectabilis ducis Pannoniae et Norici ripensis
OCC000218,Occidentis,Dux Pannoniae primae,1336,Gerolate,tail,,Equites sagittarii,Pannoniae et Norici ripensis,,,Pannoniae et Norici ripensis,Pannoniae et Norici ripensis,,Dux Pannoniae primae / Dux Pannoniae primae / Sub dispositione viri spectabilis ducis Pannoniae et Norici ripensis
OCC000219,Occidentis,Dux Pannoniae primae,1337,Flexo,tail,,Equites promoti,Pannoniae et Norici ripensis,,,Pannoniae et Norici ripensis,Pannoniae et Norici ripensis,,Dux Pannoniae primae / Dux Pannoniae primae / Sub dispositione viri spectabilis ducis Pannoniae et Norici ripensis
OCC000220,Occidentis,Dux Pannoniae primae,1338,Quadrato,tail,,Equites Mauri,Pannoniae et Norici ripensis,,,Pannoniae et Norici ripensis,Pannoniae et Norici ripensis,,Dux Pannoniae primae / Dux Pannoniae primae / Sub dispositione viri spectabilis ducis Pannoniae et Norici ripensis
OCC000221,Occidentis,Dux Pannoniae primae,1340,Vindomarae,tail,Praefectus,legionis decimae geminae,Pannoniae et Norici ripensis,,,Pannoniae et Norici ripensis,Pannoniae et Norici ripensis,,Dux Pannoniae primae / Dux Pannoniae primae / Sub dispositione viri spectabilis ducis Pannoniae et Norici ripensis
OCC000222,Occidentis,Dux Pannoniae primae,1341,Carnunto,tail,Praefectus,legionis quartaedecimaegeminae militum liburnariorum cohortis quintae partis superior,Pannoniae et Norici ripensis,,,Pannoniae et Norici ripensis,Pannoniae et Norici ripensis,,Dux Pannoniae primae / Dux Pannoniae primae / Sub dispositione viri spectabilis ducis Pannoniae et Norici ripensis
OCC000223,Occidentis,Dux Pannoniae primae,1342,Arrabonae,tail,Praefectus,legionis decimae et quartaedecimaegeminae geminarum militum liburnariorum,Pannoniae et Norici ripensis,,,Pannoniae et Norici ripensis,Pannoniae et Norici ripensis,,Dux Pannoniae primae / Dux Pannoniae primae / Sub dispositione viri spectabilis ducis Pannoniae et Norici ripensis
OCC000224,Occidentis,Dux Pannoniae primae,1343,Arrunto,tail,Praefectus,classis Histricae,Pannoniae et Norici ripensis,,,Pannoniae et Norici ripensis,Pannoniae et Norici ripensis,,Dux Pannoniae primae / Dux Pannoniae primae / Sub dispositione viri spectabilis ducis Pannoniae et Norici ripensis
OCC000225,Occidentis,Dux Pannoniae primae,1343,Vindomanae,tail,Praefectus,classis Histricae,Pannoniae et Norici ripensis,,,Pannoniae et Norici ripensis,Pannoniae et Norici ripensis,,Dux Pannoniae primae / Dux Pannoniae primae / Sub dispositione viri spectabilis ducis Pannoniae et Norici ripensis
OCC000226,Occidentis,Dux Pannoniae primae,1344,Arrianis,tail,Tribunus,cohortis,Pannoniae et Norici ripensis,,,Pannoniae et Norici ripensis,Pannoniae et Norici ripensis,,Dux Pannoniae primae / Dux Pannoniae primae / Sub dispositione viri spectabilis ducis Pannoniae et Norici ripensis
OCC000227,Occidentis,Dux Pannoniae primae,1346,Ad Mauros,tail,,Equites promoti,Pannoniae et Norici ripensis,,,Pannoniae et Norici ripensis,Pannoniae et Norici ripensis,,Dux Pannoniae primae / Dux Pannoniae primae / Sub dispositione viri spectabilis ducis Pannoniae et Norici ripensis
OCC000228,Occidentis,Dux Pannoniae primae,1347,Lentiae,tail,,Equites sagittarii,Pannoniae et Norici ripensis,,,Pannoniae et Norici ripensis,Pannoniae et Norici ripensis,,Dux Pannoniae primae / Dux Pannoniae primae / Sub dispositione viri spectabilis ducis Pannoniae et Norici ripensis
OCC000229,Occidentis,Dux Pannoniae primae,1348,Lacufelicis,tail,,Equites sagittarii,Pannoniae et Norici ripensis,,,Pannoniae et Norici ripensis,Pannoniae et Norici ripensis,,Dux Pannoniae primae / Dux Pannoniae primae / Sub dispositione viri spectabilis ducis Pannoniae et Norici ripensis
OCC000230,Occidentis,Dux Pannoniae primae,1349,Arlape,tail,,Equites Dalmatae,Pannoniae et Norici ripensis,,,Pannoniae et Norici ripensis,Pannoniae et Norici ripensis,,Dux Pannoniae primae / Dux Pannoniae primae / Sub dispositione viri spectabilis ducis Pannoniae et Norici ripensis
OCC000231,Occidentis,Dux Pannoniae primae,1350,Augustianis,tail,,Equites Dalmatae,Pannoniae et Norici ripensis,,,Pannoniae et Norici ripensis,Pannoniae et Norici ripensis,,Dux Pannoniae primae / Dux Pannoniae primae / Sub dispositione viri spectabilis ducis Pannoniae et Norici ripensis
OCC000232,Occidentis,Dux Pannoniae primae,1351,Comagenis,tail,,Equites promoti,Pannoniae et Norici ripensis,,,Pannoniae et Norici ripensis,Pannoniae et Norici ripensis,,Dux Pannoniae primae / Dux Pannoniae primae / Sub dispositione viri spectabilis ducis Pannoniae et Norici ripensis
OCC000233,Occidentis,Dux Pannoniae primae,1352,Ioviaco,tail,Praefectus,legionis secundae Italicae militum liburnariorum,Pannoniae et Norici ripensis,,,Pannoniae et Norici ripensis,Pannoniae et Norici ripensis,,Dux Pannoniae primae / Dux Pannoniae primae / Sub dispositione viri spectabilis ducis Pannoniae et Norici ripensis
OCC000234,Occidentis,Dux Pannoniae primae,1353,Lentiae,tail,Praefectus,legionis secundae Italicae partis inferioris,Pannoniae et Norici ripensis,,,Pannoniae et Norici ripensis,Pannoniae et Norici ripensis,,Dux Pannoniae primae / Dux Pannoniae primae / Sub dispositione viri spectabilis ducis Pannoniae et Norici ripensis
OCC000235,Occidentis,Dux Pannoniae primae,1354,Lauriaco,tail,Praefectus,legionis secundae Italicae,Pannoniae et Norici ripensis,,,Pannoniae et Norici ripensis,Pannoniae et Norici ripensis,,Dux Pannoniae primae / Dux Pannoniae primae / Sub dispositione viri spectabilis ducis Pannoniae et Norici ripensis
OCC000236,Occidentis,Dux Pannoniae primae,1355,Adiuuense,tail,Praefectus,legionis primae Noricorum militum liburnariorum cohortis Quintae partis superioris,Pannoniae et Norici ripensis,,,Pannoniae et Norici ripensis,Pannoniae et Norici ripensis,,Dux Pannoniae primae / Dux Pannoniae primae / Sub dispositione viri spectabilis ducis Pannoniae et Norici ripensis
OCC000237,Occidentis,Dux Pannoniae primae,1356,Fafianae,tail,Praefectus,legionis liburnariorum primorum Noricorum,Pannoniae et Norici ripensis,,,Pannoniae et Norici ripensis,Pannoniae et Norici ripensis,,Dux Pannoniae primae / Dux Pannoniae primae / Sub dispositione viri spectabilis ducis Pannoniae et Norici ripensis
OCC000238,Occidentis,Dux Pannoniae primae,1359,Boiodoro,tail,Tribunus,cohortis,Pannoniae et Norici ripensis,,,Pannoniae et Norici ripensis,Pannoniae et Norici ripensis,,Dux Pannoniae primae / Dux Pannoniae primae / Sub dispositione viri spectabilis ducis Pannoniae et Norici ripensis
OCC000239,Occidentis,Dux Pannoniae primae,1360,Austuris,tail,Tribunus,cohortis,Pannoniae et Norici ripensis,,,Pannoniae et Norici ripensis,Pannoniae et Norici ripensis,,Dux Pannoniae primae / Dux Pannoniae primae / Sub dispositione viri spectabilis ducis Pannoniae et Norici ripensis
OCC000240,Occidentis,Dux Pannoniae primae,1361,Cannabiaca,tail,Tribunus,cohortis,Pannoniae et Norici ripensis,,,Pannoniae et Norici ripensis,Pannoniae et Norici ripensis,,Dux Pannoniae primae / Dux Pannoniae primae / Sub dispositione viri spectabilis ducis Pannoniae et Norici ripensis
OCC000241,Occidentis,Dux Raetiae,1375,Augustanis,tail,,Equites stablesiani seniores,Raetiae primae et secundae,,,Raetiae primae et secundae,Raetiae primae et secundae,,Dux Raetiae / Dux Raetiae / Sub dispositione viri spectabilis ducis provinciae Raetiae primae et secundae
OCC000242,Occidentis,Dux Raetiae,1376,Ponte Aoni,tail,,Equites stablesiani iuniores,Raetiae primae et secundae,,,Raetiae primae et secundae,Raetiae primae et secundae,,Dux Raetiae / Dux Raetiae / Sub dispositione viri spectabilis ducis provinciae Raetiae primae et secundae
OCC000243,Occidentis,Dux Raetiae,1376,Febians,alternate,,Equites stablesiani iuniores,Raetiae primae et secundae,,,Raetiae primae et secundae,Raetiae primae et secundae,,Dux Raetiae / Dux Raetiae / Sub dispositione viri spectabilis ducis provinciae Raetiae primae et secundae
OCC000244,Occidentis,Dux Raetiae,1377,Submuntorio,tail,,Equites stablesiani iuniores,Raetiae primae et secundae,,,Raetiae primae et secundae,Raetiae primae et secundae,,Dux Raetiae / Dux Raetiae / Sub dispositione viri spectabilis ducis provinciae Raetiae primae et secundae
OCC000245,Occidentis,Dux Raetiae,1378,Castra Regina,tail,Praefectus,legionis tertiae Italicae partis superioris,Raetiae primae et secundae,,,Raetiae primae et secundae,Raetiae primae et secundae,,Dux Raetiae / Dux Raetiae / Sub dispositione viri spectabilis ducis provinciae Raetiae primae et secundae
OCC000246,Occidentis,Dux Raetiae,1378,Vallato,alternate,Praefectus,legionis tertiae Italicae partis superioris,Raetiae primae et secundae,,,Raetiae primae et secundae,Raetiae primae et secundae,,Dux Raetiae / Dux Raetiae / Sub dispositione viri spectabilis ducis provinciae Raetiae primae et secundae
OCC000247,Occidentis,Dux Raetiae,1379,Submuntorio,tail,Praefectus,legionis tertiae Italicae partis superioris deputatae ripae primae,Raetiae primae et secundae,,,Raetiae primae et secundae,Raetiae primae et secundae,,Dux Raetiae / Dux Raetiae / Sub dispositione viri spectabilis ducis provinciae Raetiae primae et secundae
OCC000248,Occidentis,Dux Raetiae,1380,Cambidano,tail,Praefectus,legionis tertiae Italicae pro parte media praetendentis a Vimania Cassiliacum usque,Raetiae primae et secundae,,,Raetiae primae et secundae,Raetiae primae et secundae,,Dux Raetiae / Dux Raetiae / Sub dispositione viri spectabilis ducis provinciae Raetiae primae et secundae
OCC000249,Occidentis,Dux Raetiae,1381,Guntiae,tail,Praefectus,militum Ursariensium,Raetiae primae et secundae,,,Raetiae primae et secundae,Raetiae primae et secundae,,Dux Raetiae / Dux Raetiae / Sub dispositione viri spectabilis ducis provinciae Raetiae primae et secundae
OCC000250,Occidentis,Dux Raetiae,1382,Foetibus,tail,Praefectus,legionis tertiae Italicae transvectioni specierum deputatae,Raetiae primae et secundae,,,Raetiae primae et secundae,Raetiae primae et secundae,,Dux Raetiae / Dux Raetiae / Sub dispositione viri spectabilis ducis provinciae Raetiae primae et secundae
OCC000251,Occidentis,Dux Raetiae,1383,Teriolis,tail,Praefectus,legionis tertiae Italicae transvectioni specierum deputatae,Raetiae primae et secundae,,,Raetiae primae et secundae,Raetiae primae et secundae,,Dux Raetiae / Dux Raetiae / Sub dispositione viri spectabilis ducis provinciae Raetiae primae et secundae
OCC000252,Occidentis,Dux Raetiae,1384,Quintanis,tail,Praefectus,alae primae Flaviae Raetorum,Raetiae primae et secundae,,,Raetiae primae et secundae,Raetiae primae et secundae,,Dux Raetiae / Dux Raetiae / Sub dispositione viri spectabilis ducis provinciae Raetiae primae et secundae
OCC000253,Occidentis,Dux Raetiae,1385,Batavis,tail,Tribunus,cohortis novae Batavorum,Raetiae primae et secundae,,,Raetiae primae et secundae,Raetiae primae et secundae,,Dux Raetiae / Dux Raetiae / Sub dispositione viri spectabilis ducis provinciae Raetiae primae et secundae
OCC000254,Occidentis,Dux Raetiae,1386,Abusina,tail,Tribunus,cohortis tertiae Brittorum,Raetiae primae et secundae,,,Raetiae primae et secundae,Raetiae primae et secundae,,Dux Raetiae / Dux Raetiae / Sub dispositione viri spectabilis ducis provinciae Raetiae primae et secundae
OCC000255,Occidentis,Dux Raetiae,1387,Vallatio,tail,Praefectus,alae secundae Valeriae singularis,Raetiae primae et secundae,,,Raetiae primae et secundae,Raetiae primae et secundae,,Dux Raetiae / Dux Raetiae / Sub dispositione viri spectabilis ducis provinciae Raetiae primae et secundae
OCC000256,Occidentis,Dux Raetiae,1388,Venaxamodorum,tail,Tribunus,cohortis sextae Valeriaae Raetorum,Raetiae primae et secundae,,,Raetiae primae et secundae,Raetiae primae et secundae,,Dux Raetiae / Dux Raetiae / Sub dispositione viri spectabilis ducis provinciae Raetiae primae et secundae
OCC000257,Occidentis,Dux Raetiae,1389,Parroduno,tail,Tribunus,cohortis primae Herculeae Raetorum,Raetiae primae et secundae,,,Raetiae primae et secundae,Raetiae primae et secundae,,Dux Raetiae / Dux Raetiae / Sub dispositione viri spectabilis ducis provinciae Raetiae primae et secundae
OCC000258,Occidentis,Dux Raetiae,1390,Pinianis,tail,Tribunus,cohortis quintae Valeriae Frygum,Raetiae primae et secundae,,,Raetiae primae et secundae,Raetiae primae et secundae,,Dux Raetiae / Dux Raetiae / Sub dispositione viri spectabilis ducis provinciae Raetiae primae et secundae
OCC000259,Occidentis,Dux Raetiae,1391,Caelio,tail,Tribunus,cohortis tertiae Herculeae Pannoniorum,Raetiae primae et secundae,,,Raetiae primae et secundae,Raetiae primae et secundae,,Dux Raetiae / Dux Raetiae / Sub dispositione viri spectabilis ducis provinciae Raetiae primae et secundae
OCC000260,Occidentis,Dux Raetiae,1393,Confluentibus,tail,Praefectus,numeri barbaricariorum,Raetiae primae et secundae,,,Raetiae primae et secundae,Raetiae primae et secundae,,Dux Raetiae / Dux Raetiae / Sub dispositione viri spectabilis ducis provinciae Raetiae primae et secundae
OCC000261,Occidentis,Dux Raetiae,1393,Brecantia,tail,Praefectus,numeri barbaricariorum,Raetiae primae et secundae,,,Raetiae primae et secundae,Raetiae primae et secundae,,Dux Raetiae / Dux Raetiae / Sub dispositione viri spectabilis ducis provinciae Raetiae primae et secundae
OCC000262,Occidentis,Dux Raetiae,1394,Vimania,tail,Praefectus,alae secundae Valeriae Sequanorum,Raetiae primae et secundae,,,Raetiae primae et secundae,Raetiae primae et secundae,,Dux Raetiae / Dux Raetiae / Sub dispositione viri spectabilis ducis provinciae Raetiae primae et secundae
OCC000263,Occidentis,Dux Raetiae,1395,Arbore,tail,Tribunus,cohortis Herculeae Pannoniorum,Raetiae primae et secundae,,,Raetiae primae et secundae,Raetiae primae et secundae,,Dux Raetiae / Dux Raetiae / Sub dispositione viri spectabilis ducis provinciae Raetiae primae et secundae
OCC000264,Occidentis,Dux provinciae Sequanici,1409,Olitione,tail,,Milites Latavienses,Sequanici,,,Sequanici,Sequanici,,Dux provinciae Sequanici / Dux provinciae Sequanici / Sub dispositione viri spectabilis ducis provinciae Sequanici
OCC000265,Occidentis,Dux tractus Armoricani,1423,Grannona in litore Saxonico,tail,Tribunus,cohortis primae novae Armoricanae,tractus Armoricani et Neruicani,,,tractus Armoricani et Neruicani,tractus Armoricani et Neruicani,,Dux tractus Armoricani / Dux tractus Armoricani / Sub dispositione viri spectabilis ducis tractus Armoricani et Neruicani
OCC000266,Occidentis,Dux tractus Armoricani,1424,Blabia,tail,Praefectus,militum Carronensium,tractus Armoricani et Neruicani,,,tractus Armoricani et Neruicani,tractus Armoricani et Neruicani,,Dux tractus Armoricani / Dux tractus Armoricani / Sub dispositione viri spectabilis ducis tractus Armoricani et Neruicani
OCC000267,Occidentis,Dux tractus Armoricani,1425,Benetis,tail,Praefectus,militum Maurorum Benetorum,tractus Armoricani et Neruicani,,,tractus Armoricani et Neruicani,tractus Armoricani et Neruicani,,Dux tractus Armoricani / Dux tractus Armoricani / Sub dispositione viri spectabilis ducis tractus Armoricani et Neruicani
OCC000268,Occidentis,Dux tractus Armoricani,1426,Osismis,tail,Praefectus,militum Maurorum Osismiacorum,tractus Armoricani et Neruicani,,,tractus Armoricani et Neruicani,tractus Armoricani et Neruicani,,Dux tractus Armoricani / Dux tractus Armoricani / Sub dispositione viri spectabilis ducis tractus Armoricani et Neruicani
OCC000269,Occidentis,Dux tractus Armoricani,1427,Mannatias,tail,Praefectus,militum superventorum,tractus Armoricani et Neruicani,,,tractus Armoricani et Neruicani,tractus Armoricani et Neruicani,,Dux tractus Armoricani / Dux tractus Armoricani / Sub dispositione viri spectabilis ducis tractus Armoricani et Neruicani
OCC000270,Occidentis,Dux tractus Armoricani,1428,Aleto,tail,Praefectus,militum Martensium,tractus Armoricani et Neruicani,,,tractus Armoricani et Neruicani,tractus Armoricani et Neruicani,,Dux tractus Armoricani / Dux tractus Armoricani / Sub dispositione viri spectabilis ducis tractus Armoricani et Neruicani
OCC000271,Occidentis,Dux tractus Armoricani,1429,Constantia,tail,Praefectus,militum primae Flaviae,tractus Armoricani et Neruicani,,,tractus Armoricani et Neruicani,tractus Armoricani et Neruicani,,Dux tractus Armoricani / Dux tractus Armoricani / Sub dispositione viri spectabilis ducis tractus Armoricani et Neruicani
OCC000272,Occidentis,Dux tractus Armoricani,1430,Rotomago,tail,Praefectus,militum Ursariensium,tractus Armoricani et Neruicani,,,tractus Armoricani et Neruicani,tractus Armoricani et Neruicani,,Dux tractus Armoricani / Dux tractus Armoricani / Sub dispositione viri spectabilis ducis tractus Armoricani et Neruicani
OCC000273,Occidentis,Dux tractus Armoricani,1431,Abrincatis,tail,Praefectus,militum Dalmatarum,tractus Armoricani et Neruicani,,,tractus Armoricani et Neruicani,tractus Armoricani et Neruicani,,Dux tractus Armoricani / Dux tractus Armoricani / Sub dispositione viri spectabilis ducis tractus Armoricani et Neruicani
OCC000274,Occidentis,Dux tractus Armoricani,1432,Grannono,tail,Praefectus,militum Grannonensium,tractus Armoricani et Neruicani,,,tractus Armoricani et Neruicani,tractus Armoricani et Neruicani,,Dux tractus Armoricani / Dux tractus Armoricani / Sub dispositione viri spectabilis ducis tractus Armoricani et Neruicani
OCC000275,Occidentis,Dux Belgicae secundae,1452,Marcis in litore Saxonico,tail,,Equites Dalmatae,Balgicae secundae,,,Balgicae secundae,Balgicae secundae,,Dux Belgicae secundae / Dux Belgicae secundae / Sub dispositione viri spectabilis ducis Balgicae secundae
OCC000276,Occidentis,Dux Belgicae secundae,1453,Quartensi,tail,Praefectus,classis Sambricae,Balgicae secundae,,,Balgicae secundae,Balgicae secundae,,Dux Belgicae secundae / Dux Belgicae secundae / Sub dispositione viri spectabilis ducis Balgicae secundae
OCC000277,Occidentis,Dux Belgicae secundae,1453,Hornensi,tail,Praefectus,classis Sambricae,Balgicae secundae,,,Balgicae secundae,Balgicae secundae,,Dux Belgicae secundae / Dux Belgicae secundae / Sub dispositione viri spectabilis ducis Balgicae secundae
OCC000278,Occidentis,Dux Belgicae secundae,1454,Portu Epatiaci,tail,Tribunus,militum Neruiorum,Balgicae secundae,,,Balgicae secundae,Balgicae secundae,,Dux Belgicae secundae / Dux Belgicae secundae / Sub dispositione viri spectabilis ducis Balgicae secundae
OCC000279,Occidentis,Dux Britanniarum,1471,Praesidio,tail,Praefectus,equitum Dalmatarum,Britanniarum,,,Britanniarum,Britanniarum,,Dux Britanniarum / Dux Britanniarum / Sub dispositione viri spectabilis ducis Britanniarum
OCC000280,Occidentis,Dux Britanniarum,1472,Dano,tail,Praefectus,equitum Crispianorum,Britanniarum,,,Britanniarum,Britanniarum,,Dux Britanniarum / Dux Britanniarum / Sub dispositione viri spectabilis ducis Britanniarum
OCC000281,Occidentis,Dux Britanniarum,1473,Morbio,tail,Praefectus,equitum catafractariorum,Britanniarum,,,Britanniarum,Britanniarum,,Dux Britanniarum / Dux Britanniarum / Sub dispositione viri spectabilis ducis Britanniarum
OCC000282,Occidentis,Dux Britanniarum,1474,Arbeia,tail,Praefectus,numeri barcariorum Tigrisiensium,Britanniarum,,,Britanniarum,Britanniarum,,Dux Britanniarum / Dux Britanniarum / Sub dispositione viri spectabilis ducis Britanniarum
OCC000283,Occidentis,Dux Britanniarum,1475,Dicti,tail,Praefectus,numeri Neruiorum Dictensium,Britanniarum,,,Britanniarum,Britanniarum,,Dux Britanniarum / Dux Britanniarum / Sub dispositione viri spectabilis ducis Britanniarum
OCC000284,Occidentis,Dux Britanniarum,1476,Concangios,tail,Praefectus,numeri vigilum,Britanniarum,,,Britanniarum,Britanniarum,,Dux Britanniarum / Dux Britanniarum / Sub dispositione viri spectabilis ducis Britanniarum
OCC000285,Occidentis,Dux Britanniarum,1477,Lavatres,tail,Praefectus,numeri exploratorum,Britanniarum,,,Britanniarum,Britanniarum,,Dux Britanniarum / Dux Britanniarum / Sub dispositione viri spectabilis ducis Britanniarum
OCC000286,Occidentis,Dux Britanniarum,1478,Verteris,tail,Praefectus,numeri directorum,Britanniarum,,,Britanniarum,Britanniarum,,Dux Britanniarum / Dux Britanniarum / Sub dispositione viri spectabilis ducis Britanniarum
OCC000287,Occidentis,Dux Britanniarum,1479,Barboniaco,tail,Praefectus,numeri defensorum,Britanniarum,,,Britanniarum,Britanniarum,,Dux Britanniarum / Dux Britanniarum / Sub dispositione viri spectabilis ducis Britanniarum
OCC000288,Occidentis,Dux Britanniarum,1480,Maglone,tail,Praefectus,numeri Solensium,Britanniarum,,,Britanniarum,Britanniarum,,Dux Britanniarum / Dux Britanniarum / Sub dispositione viri spectabilis ducis Britanniarum
OCC000289,Occidentis,Dux Britanniarum,1481,Magis,tail,Praefectus,numeri Pacensium,Britanniarum,,,Britanniarum,Britanniarum,,Dux Britanniarum / Dux Britanniarum / Sub dispositione viri spectabilis ducis Britanniarum
OCC000290,Occidentis,Dux Britanniarum,1482,Longovicio,tail,Praefectus,numeri Longovicanorum,Britanniarum,,,Britanniarum,Britanniarum,,Dux Britanniarum / Dux Britanniarum / Sub dispositione viri spectabilis ducis Britanniarum
OCC000291,Occidentis,Dux Britanniarum,1483,Deruentione,tail,Praefectus,numeri supervenientium Petueriensium,Britanniarum,,,Britanniarum,Britanniarum,,Dux Britanniarum / Dux Britanniarum / Sub dispositione viri spectabilis ducis Britanniarum
OCC000292,Occidentis,Dux Britanniarum,1485,Segeduno,tail,Tribunus,cohortis quartae Lingonum,Britanniarum,,,Britanniarum,Britanniarum,,Dux Britanniarum / Dux Britanniarum / Item per lineam Valli
OCC000293,Occidentis,Dux Britanniarum,1486,Ponte Aeli,tail,Tribunus,cohortis primae Cornoviorum,Britanniarum,,,Britanniarum,Britanniarum,,Dux Britanniarum / Dux Britanniarum / Item per lineam Valli
OCC000294,Occidentis,Dux Britanniarum,1487,Conderco,tail,Praefectus,alae primae Asturum,Britanniarum,,,Britanniarum,Britanniarum,,Dux Britanniarum / Dux Britanniarum / Item per lineam Valli
OCC000295,Occidentis,Dux Britanniarum,1488,Vindobala,tail,Tribunus,cohortis primae Frixagorum,Britanniarum,,,Britanniarum,Britanniarum,,Dux Britanniarum / Dux Britanniarum / Item per lineam Valli
OCC000296,Occidentis,Dux Britanniarum,1489,Hunno,tail,Praefectus,alae Sabinianae,Britanniarum,,,Britanniarum,Britanniarum,,Dux Britanniarum / Dux Britanniarum / Item per lineam Valli
OCC000297,Occidentis,Dux Britanniarum,1490,Cilurno,tail,Praefectus,alae secundae Asturum,Britanniarum,,,Britanniarum,Britanniarum,,Dux Britanniarum / Dux Britanniarum / Item per lineam Valli
OCC000298,Occidentis,Dux Britanniarum,1491,Procolitia,tail,Tribunus,cohortis primae Batavorum,Britanniarum,,,Britanniarum,Britanniarum,,Dux Britanniarum / Dux Britanniarum / Item per lineam Valli
OCC000299,Occidentis,Dux Britanniarum,1492,Borcovicio,tail,Tribunus,cohortis primae Tungrorum,Britanniarum,,,Britanniarum,Britanniarum,,Dux Britanniarum / Dux Britanniarum / Item per lineam Valli
OCC000300,Occidentis,Dux Britanniarum,1493,Vindolana,tail,Tribunus,cohortis quartae Gallorum,Britanniarum,,,Britanniarum,Britanniarum,,Dux Britanniarum / Dux Britanniarum / Item per lineam Valli
OCC000301,Occidentis,Dux Britanniarum,1494,Aesica,tail,Tribunus,cohortis primae Asturum,Britanniarum,,,Britanniarum,Britanniarum,,Dux Britanniarum / Dux Britanniarum / Item per lineam Valli
OCC000302,Occidentis,Dux Britanniarum,1495,Magnis,tail,Tribunus,cohortis secundae Dalmatarum,Britanniarum,,,Britanniarum,Britanniarum,,Dux Britanniarum / Dux Britanniarum / Item per lineam Valli
OCC000303,Occidentis,Dux Britanniarum,1496,Amboglanna,tail,Tribunus,cohortis primae Aeliae Dacorum,Britanniarum,,,Britanniarum,Britanniarum,,Dux Britanniarum / Dux Britanniarum / Item per lineam Valli
OCC000304,Occidentis,Dux Britanniarum,1497,Petrianis,tail,Praefectus,alae Petrianae,Britanniarum,,,Britanniarum,Britanniarum,,Dux Britanniarum / Dux Britanniarum / Item per lineam Valli
OCC000305,Occidentis,Dux Britanniarum,1499,Aballaba,tail,Praefectus,numeri Maurorum Aurelianorum,Britanniarum,,,Britanniarum,Britanniarum,,Dux Britanniarum / Dux Britanniarum / Item per lineam Valli
OCC000306,Occidentis,Dux Britanniarum,1500,Congavata,tail,Tribunus,cohortis secundae Lingonum,Britanniarum,,,Britanniarum,Britanniarum,,Dux Britanniarum / Dux Britanniarum / Item per lineam Valli
OCC000307,Occidentis,Dux Britanniarum,1501,Axeloduno,tail,Tribunus,cohortis primae Hispanorum,Britanniarum,,,Britanniarum,Britanniarum,,Dux Britanniarum / Dux Britanniarum / Item per lineam Valli
OCC000308,Occidentis,Dux Britanniarum,1502,Gabrosenti,tail,Tribunus,cohortis secundae Thracum,Britanniarum,,,Britanniarum,Britanniarum,,Dux Britanniarum / Dux Britanniarum / Item per lineam Valli
OCC000309,Occidentis,Dux Britanniarum,1503,Tunnocelo,tail,Tribunus,cohortis primae Aeliae classicae,Britanniarum,,,Britanniarum,Britanniarum,,Dux Britanniarum / Dux Britanniarum / Item per lineam Valli
OCC000310,Occidentis,Dux Britanniarum,1504,Glannibanta,tail,Tribunus,cohortis primae Morinorum,Britanniarum,,,Britanniarum,Britanniarum,,Dux Britanniarum / Dux Britanniarum / Item per lineam Valli
OCC000311,Occidentis,Dux Britanniarum,1505,Alione,tail,Tribunus,cohortis tertiae Neruiorum,Britanniarum,,,Britanniarum,Britanniarum,,Dux Britanniarum / Dux Britanniarum / Item per lineam Valli
OCC000312,Occidentis,Dux Britanniarum,1506,Bremetenraco,tail,,Cuneus Sarmatarum,Britanniarum,,,Britanniarum,Britanniarum,,Dux Britanniarum / Dux Britanniarum / Item per lineam Valli
OCC000313,Occidentis,Dux Britanniarum,1507,Olenaco,tail,Praefectus,alae primae Herculeae,Britanniarum,,,Britanniarum,Britanniarum,,Dux Britanniarum / Dux Britanniarum / Item per lineam Valli
OCC000314,Occidentis,Dux Britanniarum,1508,Virosido,tail,Tribunus,cohortis sextae Neruiorum,Britanniarum,,,Britanniarum,Britanniarum,,Dux Britanniarum / Dux Britanniarum / Item per lineam Valli
OCC000315,Occidentis,Dux Mogontiacensis,1522,Saletione,tail,Praefectus,militum Pacensium,Mogonticensis,,,Mogonticensis,Mogonticensis,,Dux Mogontiacensis / Dux Mogontiacensis / Sub dispositione viri spectabilis ducis Mogonticensis
OCC000316,Occidentis,Dux Mogontiacensis,1523,Tabernis,tail,Praefectus,militum Menapiorum,Mogonticensis,,,Mogonticensis,Mogonticensis,,Dux Mogontiacensis / Dux Mogontiacensis / Sub dispositione viri spectabilis ducis Mogonticensis
OCC000317,Occidentis,Dux Mogontiacensis,1524,Vico Iulio,tail,Praefectus,militum Anderetianorum,Mogonticensis,,,Mogonticensis,Mogonticensis,,Dux Mogontiacensis / Dux Mogontiacensis / Sub dispositione viri spectabilis ducis Mogonticensis
OCC000318,Occidentis,Dux Mogontiacensis,1525,Nemetis,tail,Praefectus,militum vindicum,Mogonticensis,,,Mogonticensis,Mogonticensis,,Dux Mogontiacensis / Dux Mogontiacensis / Sub dispositione viri spectabilis ducis Mogonticensis
OCC000319,Occidentis,Dux Mogontiacensis,1526,Alta Ripa,tail,Praefectus,militum Martensium,Mogonticensis,,,Mogonticensis,Mogonticensis,,Dux Mogontiacensis / Dux Mogontiacensis / Sub dispositione viri spectabilis ducis Mogonticensis
OCC000320,Occidentis,Dux Mogontiacensis,1527,Vangiones,tail,Praefectus,militum secundae Flaviae,Mogonticensis,,,Mogonticensis,Mogonticensis,,Dux Mogontiacensis / Dux Mogontiacensis / Sub dispositione viri spectabilis ducis Mogonticensis
OCC000321,Occidentis,Dux Mogontiacensis,1528,Mogontiaco,tail,Praefectus,militum armigerorum,Mogonticensis,,,Mogonticensis,Mogonticensis,,Dux Mogontiacensis / Dux Mogontiacensis / Sub dispositione viri spectabilis ducis Mogonticensis
OCC000322,Occidentis,Dux Mogontiacensis,1529,Bingio,tail,Praefectus,militum Bingensium,Mogonticensis,,,Mogonticensis,Mogonticensis,,Dux Mogontiacensis / Dux Mogontiacensis / Sub dispositione viri spectabilis ducis Mogonticensis
OCC000323,Occidentis,Dux Mogontiacensis,1530,Bodobrica,tail,Praefectus,militum balistariorum,Mogonticensis,,,Mogonticensis,Mogonticensis,,Dux Mogontiacensis / Dux Mogontiacensis / Sub dispositione viri spectabilis ducis Mogonticensis
OCC000324,Occidentis,Dux Mogontiacensis,1531,Confluentibus,tail,Praefectus,militum defensorum,Mogonticensis,,,Mogonticensis,Mogonticensis,,Dux Mogontiacensis / Dux Mogontiacensis / Sub dispositione viri spectabilis ducis Mogonticensis
OCC000325,Occidentis,Dux Mogontiacensis,1532,Antonaco,tail,Praefectus,militum Acincensium,Mogonticensis,,,Mogonticensis,Mogonticensis,,Dux Mogontiacensis / Dux Mogontiacensis / Sub dispositione viri spectabilis ducis Mogonticensis
OCC000326,Occidentis,Item praepositurae magistri militum praesentalis a parte peditum,1547,Aquileiae,tail,Praefectus,classis Venetum,Venetia inferiore,,Venetia inferiore,,Venetia inferiore,ITALIA,Item praepositurae magistri militum praesentalis a parte peditum / Item praepositurae magistri militum praesentalis a parte peditum / In Italia / In provincia Venetia inferiore
OCC000327,Occidentis,Item praepositurae magistri militum praesentalis a parte peditum,1549,Ravennae,tail,Praefectus,militum iuniorum Italicorum,Flaminia,,Flaminia,,Flaminia,ITALIA,Item praepositurae magistri militum praesentalis a parte peditum / Item praepositurae magistri militum praesentalis a parte peditum / In Italia / In provincia Flaminia
OCC000328,Occidentis,Item praepositurae magistri militum praesentalis a parte peditum,1550,Ravennae,tail,Praefectus,classis Ravennatium cum curis eiusdem civitatis,Flaminia,,Flaminia,,Flaminia,ITALIA,Item praepositurae magistri militum praesentalis a parte peditum / Item praepositurae magistri militum praesentalis a parte peditum / In Italia / In provincia Flaminia
OCC000329,Occidentis,Item praepositurae magistri militum praesentalis a parte peditum,1552,Como,tail,Praefectus,classis Comensis cum curis eiusdem civitatis,Liguria,,Liguria,,Liguria,ITALIA,Item praepositurae magistri militum praesentalis a parte peditum / Item praepositurae magistri militum praesentalis a parte peditum / In Italia / In provincia Liguria
OCC000330,Occidentis,Item praepositurae magistri militum praesentalis a parte peditum,1554,Miseno,tail,Praefectus,classis Misenatium,Campania,,Campania,,Campania,ITALIA,Item praepositurae magistri militum praesentalis a parte peditum / Item praepositurae magistri militum praesentalis a parte peditum / In Italia / In provincia Campania
OCC000331,Occidentis,Item praepositurae magistri militum praesentalis a parte peditum,1557,Viennae,tail,Praefectus,classis fluminis Rhodani,Riparensi,,Riparensi,,Riparensi,GALLIAE,Item praepositurae magistri militum praesentalis a parte peditum / Item praepositurae magistri militum praesentalis a parte peditum / In Gallia / In provincia Riparensi
OCC000332,Occidentis,Item praepositurae magistri militum praesentalis a parte peditum,1557,Arelati,tail,Praefectus,classis fluminis Rhodani,Riparensi,,Riparensi,,Riparensi,GALLIAE,Item praepositurae magistri militum praesentalis a parte peditum / Item praepositurae magistri militum praesentalis a parte peditum / In Gallia / In provincia Riparensi
OCC000333,Occidentis,Item praepositurae magistri militum praesentalis a parte peditum,1558,Ebruduni Sapaudiae,tail,Praefectus,classis barcariorum,Riparensi,,Riparensi,,Riparensi,GALLIAE,Item praepositurae magistri militum praesentalis a parte peditum / Item praepositurae magistri militum praesentalis a parte peditum / In Gallia / In provincia Riparensi
OCC000334,Occidentis,Item praepositurae magistri militum praesentalis a parte peditum,1559,Massiliae Graecorum,tail,Praefectus,militum musculariorum,Riparensi,,Riparensi,,Riparensi,GALLIAE,Item praepositurae magistri militum praesentalis a parte peditum / Item praepositurae magistri militum praesentalis a parte peditum / In Gallia / In provincia Riparensi
OCC000335,Occidentis,Item praepositurae magistri militum praesentalis a parte peditum,1560,Calaronae,tail,Tribunus,cohortis primae Flaviae Sapaudicae,Riparensi,,Riparensi,,Riparensi,GALLIAE,Item praepositurae magistri militum praesentalis a parte peditum / Item praepositurae magistri militum praesentalis a parte peditum / In Gallia / In provincia Riparensi
OCC000336,Occidentis,Item praepositurae magistri militum praesentalis a parte peditum,1562,Lapurdo,tail,Tribunus,cohortis Noevempopulanae,Novempopulana,,Novempopulana,,Novempopulana,GALLIAE,Item praepositurae magistri militum praesentalis a parte peditum / Item praepositurae magistri militum praesentalis a parte peditum / In Gallia / In provincia Novempopulana
OCC000337,Occidentis,Item praepositurae magistri militum praesentalis a parte peditum,1564,Caballoduno,tail,Praefectus,classis Araricae,Lugdunensi prima,,Lugdunensi prima,,Lugdunensi prima,GALLIAE,Item praepositurae magistri militum praesentalis a parte peditum / Item praepositurae magistri militum praesentalis a parte peditum / In Gallia / In provincia Lugdunensi prima
OCC000338,Occidentis,Item praepositurae magistri militum praesentalis a parte peditum,1566,Parisius,tail,Praefectus,classis Anderetianorum,Lugdunensis Senonia,,Lugdunensis Senonia,,Lugdunensis Senonia,GALLIAE,Item praepositurae magistri militum praesentalis a parte peditum / Item praepositurae magistri militum praesentalis a parte peditum / In Gallia / In provincia Lugdunensis Senonia
OCC000339,Occidentis,Item praepositurae magistri militum praesentalis a parte peditum,1569,Legione,tail,Praefectus,legionis septimae geminae,Callaecia,,Callaecia,,Callaecia,HISPANIA,Item praepositurae magistri militum praesentalis a parte peditum / Item praepositurae magistri militum praesentalis a parte peditum / Hispaniae / In provincia Callaecia
OCC000340,Occidentis,Item praepositurae magistri militum praesentalis a parte peditum,1570,Paetaonio,tail,Tribunus,cohortis secundae Flaviae Pacatianae,Callaecia,,Callaecia,,Callaecia,HISPANIA,Item praepositurae magistri militum praesentalis a parte peditum / Item praepositurae magistri militum praesentalis a parte peditum / Hispaniae / In provincia Callaecia
OCC000341,Occidentis,Item praepositurae magistri militum praesentalis a parte peditum,1571,ad cohortem Gallicam,tail,Tribunus,cohortis secundae Gallicae,Callaecia,,Callaecia,,Callaecia,HISPANIA,Item praepositurae magistri militum praesentalis a parte peditum / Item praepositurae magistri militum praesentalis a parte peditum / Hispaniae / In provincia Callaecia
OCC000342,Occidentis,Item praepositurae magistri militum praesentalis a parte peditum,1572,Luco,tail,Tribunus,cohortis Lucensis,Callaecia,,Callaecia,,Callaecia,HISPANIA,Item praepositurae magistri militum praesentalis a parte peditum / Item praepositurae magistri militum praesentalis a parte peditum / Hispaniae / In provincia Callaecia
OCC000343,Occidentis,Item praepositurae magistri militum praesentalis a parte peditum,1573,Brigantiae,tail,Tribunus,cohortis Celtiberae,Callaecia,,Callaecia,,Callaecia,HISPANIA,Item praepositurae magistri militum praesentalis a parte peditum / Item praepositurae magistri militum praesentalis a parte peditum / Hispaniae / In provincia Callaecia
OCC000344,Occidentis,Item praepositurae magistri militum praesentalis a parte peditum,1573,Iuliobriga,alternate,Tribunus,cohortis Celtiberae,Callaecia,,Callaecia,,Callaecia,HISPANIA,Item praepositurae magistri militum praesentalis a parte peditum / Item praepositurae magistri militum praesentalis a parte peditum / Hispaniae / In provincia Callaecia
OCC000345,Occidentis,Item praepositurae magistri militum praesentalis a parte peditum,1575,Veleia,tail,Tribunus,cohortis primae Gallicae,Tarraconensi,,Tarraconensi,,Tarraconensi,HISPANIA,Item praepositurae magistri militum praesentalis a parte peditum / Item praepositurae magistri militum praesentalis a parte peditum / Hispaniae / In provincia Tarraconensi
OCC000346,Occidentis,Item praepositurae magistri militum praesentalis a parte peditum,1577,Carnunta Senoniae Lugdunensis,tail,Praefectus,laetorum Teutonicianorum,,,,,,,Item praepositurae magistri militum praesentalis a parte peditum / Item praepositurae magistri militum praesentalis a parte peditum
OCC000347,Occidentis,Item praepositurae magistri militum praesentalis a parte peditum,1578,Baiocas et Constantiae Lugdunensis secundae,tail,Praefectus,laetorum Batavorum et gentilium Sueuorum,,,,,,,Item praepositurae magistri militum praesentalis a parte peditum / Item praepositurae magistri militum praesentalis a parte peditum
OCC000348,Occidentis,Item praepositurae magistri militum praesentalis a parte peditum,1579,et Ceromannos Lugdunensis tertiae,tail,Praefectus,laetorum gentilium Sueuorum,,,,,,,Item praepositurae magistri militum praesentalis a parte peditum / Item praepositurae magistri militum praesentalis a parte peditum
OCC000349,Occidentis,Item praepositurae magistri militum praesentalis a parte peditum,1580,Redonas Lugdensis tertiae,tail,Praefectus,laetorum Francorum,,,,,,,Item praepositurae magistri militum praesentalis a parte peditum / Item praepositurae magistri militum praesentalis a parte peditum
OCC000350,Occidentis,Item praepositurae magistri militum praesentalis a parte peditum,1582,Epuso,tail,Praefectus,laetorum Actorum,belgicae primae,,belgicae primae,,belgicae primae,,Item praepositurae magistri militum praesentalis a parte peditum / Item praepositurae magistri militum praesentalis a parte peditum
OCC000351,Occidentis,Item praepositurae magistri militum praesentalis a parte peditum,1583,Fanomantis,tail,Praefectus,laetorum Neruiorum,belgicae secundae,,belgicae secundae,,belgicae secundae,,Item praepositurae magistri militum praesentalis a parte peditum / Item praepositurae magistri militum praesentalis a parte peditum
OCC000352,Occidentis,Item praepositurae magistri militum praesentalis a parte peditum,1584,Atrabatis,tail,Praefectus,laetorum Batavorum Nemetacensium,belgicae secundae,,belgicae secundae,,belgicae secundae,,Item praepositurae magistri militum praesentalis a parte peditum / Item praepositurae magistri militum praesentalis a parte peditum
OCC000353,Occidentis,Item praepositurae magistri militum praesentalis a parte peditum,1585,Noviomago,tail,Praefectus,laetorum Batavorum Contraginnensium,belgicae secundae,,belgicae secundae,,belgicae secundae,,Item praepositurae magistri militum praesentalis a parte peditum / Item praepositurae magistri militum praesentalis a parte peditum
OCC000354,Occidentis,Item praepositurae magistri militum praesentalis a parte peditum,1586,Remo et Silvanectas,tail,Praefectus,laetorum gentilium,belgicae secundae,,belgicae secundae,,belgicae secundae,,Item praepositurae magistri militum praesentalis a parte peditum / Item praepositurae magistri militum praesentalis a parte peditum
OCC000355,Occidentis,Item praepositurae magistri militum praesentalis a parte peditum,1587,Tungros,prope,Praefectus,laetorum Lagensium,germaniae secundae,,germaniae secundae,,germaniae secundae,,Item praepositurae magistri militum praesentalis a parte peditum / Item praepositurae magistri militum praesentalis a parte peditum
OCC000356,Occidentis,Item praepositurae magistri militum praesentalis a parte peditum,1588,Arumbernos Aquitanicae primae,tail,Praefectus,laetorum gentilium Suevorum,,,,,,,Item praepositurae magistri militum praesentalis a parte peditum / Item praepositurae magistri militum praesentalis a parte peditum
OCC000357,Occidentis,Item praepositurae magistri militum praesentalis a parte peditum,1597,Foro Fuluiensi,tail,Praefectus,Sarmatarum gentilium,Italia mediterranea,,Italia mediterranea,,Italia mediterranea,,Item praepositurae magistri militum praesentalis a parte peditum / Item praepositurae magistri militum praesentalis a parte peditum / Item in provincia Italia mediterranea
OCC000358,Occidentis,Item praepositurae magistri militum praesentalis a parte peditum,1598,Opittergii,tail,Praefectus,Sarmatarum gentilium,Italia mediterranea,,Italia mediterranea,,Italia mediterranea,,Item praepositurae magistri militum praesentalis a parte peditum / Item praepositurae magistri militum praesentalis a parte peditum / Item in provincia Italia mediterranea
OCC000359,Occidentis,Item praepositurae magistri militum praesentalis a parte peditum,1599,Patauio,tail,Praefectus,Sarmatarum gentilium,Italia mediterranea,,Italia mediterranea,,Italia mediterranea,,Item praepositurae magistri militum praesentalis a parte peditum / Item praepositurae magistri militum praesentalis a parte peditum / Item in provincia Italia mediterranea
OCC000360,Occidentis,Item praepositurae magistri militum praesentalis a parte peditum,1601,Cremonae,tail,Praefectus,Sarmatarum gentilium,Italia mediterranea,,Italia mediterranea,,Italia mediterranea,,Item praepositurae magistri militum praesentalis a parte peditum / Item praepositurae magistri militum praesentalis a parte peditum / Item in provincia Italia mediterranea
OCC000361,Occidentis,Item praepositurae magistri militum praesentalis a parte peditum,1602,Taurinis,tail,Praefectus,Sarmatarum gentilium,Italia mediterranea,,Italia mediterranea,,Italia mediterranea,,Item praepositurae magistri militum praesentalis a parte peditum / Item praepositurae magistri militum praesentalis a parte peditum / Item in provincia Italia mediterranea
OCC000362,Occidentis,Item praepositurae magistri militum praesentalis a parte peditum,1603,Aquis,tail,Praefectus,Sarmatarum gentilium,Italia mediterranea,,Italia mediterranea,,Italia mediterranea,,Item praepositurae magistri militum praesentalis a parte peditum / Item praepositurae magistri militum praesentalis a parte peditum / Item in provincia Italia mediterranea
OCC000363,Occidentis,Item praepositurae magistri militum praesentalis a parte peditum,1603,Tertona,tail,Praefectus,Sarmatarum gentilium,Italia mediterranea,,Italia mediterranea,,Italia mediterranea,,Item praepositurae magistri militum praesentalis a parte peditum / Item praepositurae magistri militum praesentalis a parte peditum / Item in provincia Italia mediterranea
OCC000364,Occidentis,Item praepositurae magistri militum praesentalis a parte peditum,1604,Novariae,tail,Praefectus,Sarmatarum gentilium,Italia mediterranea,,Italia mediterranea,,Italia mediterranea,,Item praepositurae magistri militum praesentalis a parte peditum / Item praepositurae magistri militum praesentalis a parte peditum / Item in provincia Italia mediterranea
OCC000365,Occidentis,Item praepositurae magistri militum praesentalis a parte peditum,1605,Vercellis,tail,Praefectus,Sarmatarum gentilium,Italia mediterranea,,Italia mediterranea,,Italia mediterranea,,Item praepositurae magistri militum praesentalis a parte peditum / Item praepositurae magistri militum praesentalis a parte peditum / Item in provincia Italia mediterranea
OCC000366,Occidentis,Item praepositurae magistri militum praesentalis a parte peditum,1607,Bononiae,tail,Praefectus,Sarmatarum gentilium,Aemilia,,Aemilia,,Aemilia,,Item praepositurae magistri militum praesentalis a parte peditum / Item praepositurae magistri militum praesentalis a parte peditum / Item in provincia Italia mediterranea
OCC000367,Occidentis,Item praepositurae magistri militum praesentalis a parte peditum,1608,Quadratis et Eporizio,tail,Praefectus,Sarmatarum gentilium,Italia mediterranea,,Italia mediterranea,,Italia mediterranea,,Item praepositurae magistri militum praesentalis a parte peditum / Item praepositurae magistri militum praesentalis a parte peditum / Item in provincia Italia mediterranea
OCC000368,Occidentis,Item praepositurae magistri militum praesentalis a parte peditum,1609,Pollentia,tail,Praefectus,Sarmatarum gentilium,Liguria,,Liguria,,Liguria,,Item praepositurae magistri militum praesentalis a parte peditum / Item praepositurae magistri militum praesentalis a parte peditum / Item in provincia Italia mediterranea
OCC000369,Occidentis,Item praepositurae magistri militum praesentalis a parte peditum,1611,Pictavis,tail,Praefectus,Sarmatarum et Taifalorum gentilium,Gallia,,Gallia,,Gallia,GALLIAE,Item praepositurae magistri militum praesentalis a parte peditum / Item praepositurae magistri militum praesentalis a parte peditum / In Gallia
OCC000370,Occidentis,Item praepositurae magistri militum praesentalis a parte peditum,1615,Lingonas,tail,Praefectus,Sarmatarum gentilium,Gallia,,Gallia,,Gallia,GALLIAE,Item praepositurae magistri militum praesentalis a parte peditum / Item praepositurae magistri militum praesentalis a parte peditum / In Gallia
OCC000371,Occidentis,Item praepositurae magistri militum praesentalis a parte peditum,1616,Au,tail,Praefectus,Sarmatarum gentilium,Gallia,,Gallia,,Gallia,GALLIAE,Item praepositurae magistri militum praesentalis a parte peditum / Item praepositurae magistri militum praesentalis a parte peditum / In Gallia
OCC000372,Oriens,Insignia viri illustris magistri officiorum,509,Damasci,tail,,Scutaria et armorum,,,,,,ORIENS,Insignia viri illustris magistri officiorum / Insignia viri illustris magistri officiorum / Orientis V
OCC000373,Oriens,Insignia viri illustris magistri officiorum,510,Antiochiae,tail,,Scutaria et armorum,,,,,,ORIENS,Insignia viri illustris magistri officiorum / Insignia viri illustris magistri officiorum / Orientis V
OCC000374,Oriens,Insignia viri illustris magistri officiorum,511,Antiochiae,tail,,Clibanaria,,,,,,ORIENS,Insignia viri illustris magistri officiorum / Insignia viri illustris magistri officiorum / Orientis V
OCC000375,Oriens,Insignia viri illustris magistri officiorum,512,Edesa,tail,,Scutaria et armamentaria,,,,,,ORIENS,Insignia viri illustris magistri officiorum / Insignia viri illustris magistri officiorum / Orientis V
OCC000376,Oriens,Insignia viri illustris magistri officiorum,513,Irenopolitana,tail,,Hastaria,ciliciae,,ciliciae,,ciliciae,ORIENS,Insignia viri illustris magistri officiorum / Insignia viri illustris magistri officiorum / Orientis V
OCC000377,Oriens,Insignia viri illustris magistri officiorum,515,Caesarea,tail,,Clibanaria,cappadociae,,cappadociae,,cappadociae,PONTICA,Insignia viri illustris magistri officiorum / Insignia viri illustris magistri officiorum / Ponticae quatuor
OCC000378,Oriens,Insignia viri illustris magistri officiorum,516,Nicomediae,tail,,Scutaria et armorum,,,,,,PONTICA,Insignia viri illustris magistri officiorum / Insignia viri illustris magistri officiorum / Ponticae quatuor
OCC000379,Oriens,Insignia viri illustris magistri officiorum,517,Nicomediae,tail,,Clibanaria,,,,,,PONTICA,Insignia viri illustris magistri officiorum / Insignia viri illustris magistri officiorum / Ponticae quatuor
OCC000380,Oriens,Insignia viri illustris magistri officiorum,519,Sardis,tail,,Scutaria et armorum,lydiae,,lydiae,,lydiae,ASIANA,Insignia viri illustris magistri officiorum / Insignia viri illustris magistri officiorum / Asianae una
OCC000381,Oriens,Insignia viri illustris magistri officiorum,521,Hadrianopolis Haemimonti,tail,,Scutaria et armorum,,,,,,THRACIAE,Insignia viri illustris magistri officiorum / Insignia viri illustris magistri officiorum / Thraciarum duae
OCC000382,Oriens,Insignia viri illustris magistri officiorum,522,Marcianopoli,tail,,Scutaria et armorum,,,,,,THRACIAE,Insignia viri illustris magistri officiorum / Insignia viri illustris magistri officiorum / Thraciarum duae
OCC000383,Oriens,Insignia viri illustris magistri officiorum,524,Thessalonicensis,factory,,Thessalonicensis,,,,,,,Insignia viri illustris magistri officiorum / Insignia viri illustris magistri officiorum / Illyrici quatuor
OCC000384,Oriens,Insignia viri illustris magistri officiorum,525,Naissatensis,factory,,Naissatensis,,,,,,,Insignia viri illustris magistri officiorum / Insignia viri illustris magistri officiorum / Illyrici quatuor
OCC000385,Oriens,Insignia viri illustris magistri officiorum,526,Ratiarensis,factory,,Ratiarensis,,,,,,,Insignia viri illustris magistri officiorum / Insignia viri illustris magistri officiorum / Illyrici quatuor
OCC000386,Oriens,Insignia viri illustris magistri officiorum,527,Horreomargensis,factory,,Scutaria,,,,,,,Insignia viri illustris magistri officiorum / Insignia viri illustris magistri officiorum / Illyrici quatuor
OCC000387,Oriens,Comes limitis Aegypti,793,Memfi,tail,,Legio quinta Macadonica,Aegypti,,,Aegypti,Aegypti,,Comes limitis Aegypti / Comes limitis Aegypti / Sub dispositione viri spectabilis comitis rei militaris per Aegyptum
OCC000388,Oriens,Comes limitis Aegypti,794,Babilona,tail,,Legio tertiadecima gemina,Aegypti,,,Aegypti,Aegypti,,Comes limitis Aegypti / Comes limitis Aegypti / Sub dispositione viri spectabilis comitis rei militaris per Aegyptum
OCC000389,Oriens,Comes limitis Aegypti,795,Pelusio,tail,,Equites stablesiani,Aegypti,,,Aegypti,Aegypti,,Comes limitis Aegypti / Comes limitis Aegypti / Sub dispositione viri spectabilis comitis rei militaris per Aegyptum
OCC000390,Oriens,Comes limitis Aegypti,796,Scenas Ueteranorum,tail,,Equites Saraceni Thamudeni,Aegypti,,,Aegypti,Aegypti,,Comes limitis Aegypti / Comes limitis Aegypti / Sub dispositione viri spectabilis comitis rei militaris per Aegyptum
OCC000391,Oriens,Comes limitis Aegypti,797,Andro,tail,,Legio tertia Diocletiana,Aegypti,,,Aegypti,Aegypti,,Comes limitis Aegypti / Comes limitis Aegypti / Sub dispositione viri spectabilis comitis rei militaris per Aegyptum
OCC000392,Oriens,Comes limitis Aegypti,798,Parembole,tail,,Legio secunda Traiana,Aegypti,,,Aegypti,Aegypti,,Comes limitis Aegypti / Comes limitis Aegypti / Sub dispositione viri spectabilis comitis rei militaris per Aegyptum
OCC000393,Oriens,Comes limitis Aegypti,801,Oasi minore,tail,,Ala secunda Armeniorum,Aegypti,,,Aegypti,Aegypti,,Comes limitis Aegypti / Comes limitis Aegypti / Sub dispositione viri spectabilis comitis rei militaris per Aegyptum
OCC000394,Oriens,Comes limitis Aegypti,803,Thenenuthi,tail,,Ala tertia Arabum,Aegypti,,,Aegypti,Aegypti,,Comes limitis Aegypti / Comes limitis Aegypti / Sub dispositione viri spectabilis comitis rei militaris per Aegyptum
OCC000395,Oriens,Comes limitis Aegypti,804,Nee,tail,,Ala octava Vandilorum,Aegypti,,,Aegypti,Aegypti,,Comes limitis Aegypti / Comes limitis Aegypti / Sub dispositione viri spectabilis comitis rei militaris per Aegyptum
OCC000396,Oriens,Comes limitis Aegypti,805,Scenas Mandrorum,tail,,Ala septima Sarmatarum,Aegypti,,,Aegypti,Aegypti,,Comes limitis Aegypti / Comes limitis Aegypti / Sub dispositione viri spectabilis comitis rei militaris per Aegyptum
OCC000397,Oriens,Comes limitis Aegypti,806,Selle,tail,,Ala prima Aegyptiorum,Aegypti,,,Aegypti,Aegypti,,Comes limitis Aegypti / Comes limitis Aegypti / Sub dispositione viri spectabilis comitis rei militaris per Aegyptum
OCC000398,Oriens,Comes limitis Aegypti,807,Rinocoruna,tail,,Ala veterana Gallorum,Aegypti,,,Aegypti,Aegypti,,Comes limitis Aegypti / Comes limitis Aegypti / Sub dispositione viri spectabilis comitis rei militaris per Aegyptum
OCC000399,Oriens,Comes limitis Aegypti,808,Scenas extra Gerasa,tail,,Ala prima Herculia,Aegypti,,,Aegypti,Aegypti,,Comes limitis Aegypti / Comes limitis Aegypti / Sub dispositione viri spectabilis comitis rei militaris per Aegyptum
OCC000400,Oriens,Comes limitis Aegypti,809,Scenas Veteranorum,tail,,Ala quinta Raetorum,Aegypti,,,Aegypti,Aegypti,,Comes limitis Aegypti / Comes limitis Aegypti / Sub dispositione viri spectabilis comitis rei militaris per Aegyptum
OCC000401,Oriens,Comes limitis Aegypti,810,Thinunepis,tail,,Ala prima Tingitana,Aegypti,,,Aegypti,Aegypti,,Comes limitis Aegypti / Comes limitis Aegypti / Sub dispositione viri spectabilis comitis rei militaris per Aegyptum
OCC000402,Oriens,Comes limitis Aegypti,811,Hipponos,tail,,Ala Apriana,Aegypti,,,Aegypti,Aegypti,,Comes limitis Aegypti / Comes limitis Aegypti / Sub dispositione viri spectabilis comitis rei militaris per Aegyptum
OCC000403,Oriens,Comes limitis Aegypti,812,Sosteos,tail,,Ala secunda Assyriorum,Aegypti,,,Aegypti,Aegypti,,Comes limitis Aegypti / Comes limitis Aegypti / Sub dispositione viri spectabilis comitis rei militaris per Aegyptum
OCC000404,Oriens,Comes limitis Aegypti,813,Dionisiada,tail,,Ala quinta Praelectorum,Aegypti,,,Aegypti,Aegypti,,Comes limitis Aegypti / Comes limitis Aegypti / Sub dispositione viri spectabilis comitis rei militaris per Aegyptum
OCC000405,Oriens,Comes limitis Aegypti,814,Cefro,tail,,Cohors tertia Galatarum,Aegypti,,,Aegypti,Aegypti,,Comes limitis Aegypti / Comes limitis Aegypti / Sub dispositione viri spectabilis comitis rei militaris per Aegyptum
OCC000406,Oriens,Comes limitis Aegypti,815,Busiris,tail,,Cohors secunda Astarum,Aegypti,,,Aegypti,Aegypti,,Comes limitis Aegypti / Comes limitis Aegypti / Sub dispositione viri spectabilis comitis rei militaris per Aegyptum
OCC000407,Oriens,Comes limitis Aegypti,817,Thaubasteos,tail,,Ala secunda Ulpia Afrorum,Augustamnicae,,Augustamnicae,Aegypti,Augustamnicae,,Comes limitis Aegypti / Comes limitis Aegypti / Provinciae Augustamnicae
OCC000408,Oriens,Comes limitis Aegypti,818,Tacasiria,tail,,Ala secunda Aegyptiorum,Augustamnicae,,Augustamnicae,Aegypti,Augustamnicae,,Comes limitis Aegypti / Comes limitis Aegypti / Provinciae Augustamnicae
OCC000409,Oriens,Comes limitis Aegypti,819,Naithu,tail,,Cohors prima sagittariorum,Augustamnicae,,Augustamnicae,Aegypti,Augustamnicae,,Comes limitis Aegypti / Comes limitis Aegypti / Provinciae Augustamnicae
OCC000410,Oriens,Comes limitis Aegypti,820,Tohu,tail,,Cohors prima Augusta Pannoniorum,Augustamnicae,,Augustamnicae,Aegypti,Augustamnicae,,Comes limitis Aegypti / Comes limitis Aegypti / Provinciae Augustamnicae
OCC000411,Oriens,Comes limitis Aegypti,821,Castra Iudaeorum,tail,,Cohors prima Epireorum,Augustamnicae,,Augustamnicae,Aegypti,Augustamnicae,,Comes limitis Aegypti / Comes limitis Aegypti / Provinciae Augustamnicae
OCC000412,Oriens,Comes limitis Aegypti,822,Affrodito,tail,,Cohors quarta Iuthungorum,Augustamnicae,,Augustamnicae,Aegypti,Augustamnicae,,Comes limitis Aegypti / Comes limitis Aegypti / Provinciae Augustamnicae
OCC000413,Oriens,Comes limitis Aegypti,823,Aiy,tail,,Cohors secunda Ituraeorum,Augustamnicae,,Augustamnicae,Aegypti,Augustamnicae,,Comes limitis Aegypti / Comes limitis Aegypti / Provinciae Augustamnicae
OCC000414,Oriens,Comes limitis Aegypti,824,Muson,tail,,Cohors secunda Thracum,Augustamnicae,,Augustamnicae,Aegypti,Augustamnicae,,Comes limitis Aegypti / Comes limitis Aegypti / Provinciae Augustamnicae
OCC000415,Oriens,Comes limitis Aegypti,825,Narmunthi,tail,,Cohors quarta Numidarum,Augustamnicae,,Augustamnicae,Aegypti,Augustamnicae,,Comes limitis Aegypti / Comes limitis Aegypti / Provinciae Augustamnicae
OCC000416,Oriens,Dux Thebaidos,863,Lico,tail,,Cuneus equitum Maurorum scutariorum,Thebaidos,,,Thebaidos,Thebaidos,,Dux Thebaidos / Dux Thebaidos / Sub dispositione viri spectabilis ducis Thebaidos
OCC000417,Oriens,Dux Thebaidos,864,Hermupoli,tail,,Cuneus equitum scutariorum,Thebaidos,,,Thebaidos,Thebaidos,,Dux Thebaidos / Dux Thebaidos / Sub dispositione viri spectabilis ducis Thebaidos
OCC000418,Oriens,Dux Thebaidos,865,Tentira,tail,,Equites sagittarii indigenae,Thebaidos,,,Thebaidos,Thebaidos,,Dux Thebaidos / Dux Thebaidos / Sub dispositione viri spectabilis ducis Thebaidos
OCC000419,Oriens,Dux Thebaidos,866,Copto,tail,,Equites sagittarii indigenae,Thebaidos,,,Thebaidos,Thebaidos,,Dux Thebaidos / Dux Thebaidos / Sub dispositione viri spectabilis ducis Thebaidos
OCC000420,Oriens,Dux Thebaidos,867,Diospoli,tail,,Equites sagittarii indigenae,Thebaidos,,,Thebaidos,Thebaidos,,Dux Thebaidos / Dux Thebaidos / Sub dispositione viri spectabilis ducis Thebaidos
OCC000421,Oriens,Dux Thebaidos,868,Lato,tail,,Equites sagittarii indigenae,Thebaidos,,,Thebaidos,Thebaidos,,Dux Thebaidos / Dux Thebaidos / Sub dispositione viri spectabilis ducis Thebaidos
OCC000422,Oriens,Dux Thebaidos,869,Maximianopoli,tail,,Equites sagittarii indigenae,Thebaidos,,,Thebaidos,Thebaidos,,Dux Thebaidos / Dux Thebaidos / Sub dispositione viri spectabilis ducis Thebaidos
OCC000423,Oriens,Dux Thebaidos,871,Ombos,tail,,Legio tertia Diocletiana,Thebaidos,,,Thebaidos,Thebaidos,,Dux Thebaidos / Dux Thebaidos / Sub dispositione viri spectabilis ducis Thebaidos
OCC000424,Oriens,Dux Thebaidos,872,Cusas,tail,,Legio secunda Flavia Constantia Thebaeorum,Thebaidos,,,Thebaidos,Thebaidos,,Dux Thebaidos / Dux Thebaidos / Sub dispositione viri spectabilis ducis Thebaidos
OCC000425,Oriens,Dux Thebaidos,873,Apollonos superioris,tail,,Legio secunda Traiana,Thebaidos,,,Thebaidos,Thebaidos,,Dux Thebaidos / Dux Thebaidos / Sub dispositione viri spectabilis ducis Thebaidos
OCC000426,Oriens,Dux Thebaidos,874,Syene,tail,,Milites Miliarenses,Thebaidos,,,Thebaidos,Thebaidos,,Dux Thebaidos / Dux Thebaidos / Sub dispositione viri spectabilis ducis Thebaidos
OCC000427,Oriens,Dux Thebaidos,875,Copto,tail,,Legio prima Valentiniana,Thebaidos,,,Thebaidos,Thebaidos,,Dux Thebaidos / Dux Thebaidos / Sub dispositione viri spectabilis ducis Thebaidos
OCC000428,Oriens,Dux Thebaidos,876,Filas,tail,,Legio prima Maximiana,Thebaidos,,,Thebaidos,Thebaidos,,Dux Thebaidos / Dux Thebaidos / Sub dispositione viri spectabilis ducis Thebaidos
OCC000429,Oriens,Dux Thebaidos,877,Thebas,tail,,Legio tertia Diocletiana,Thebaidos,,,Thebaidos,Thebaidos,,Dux Thebaidos / Dux Thebaidos / Sub dispositione viri spectabilis ducis Thebaidos
OCC000430,Oriens,Dux Thebaidos,878,Hermunthi,tail,,Legio secunda Valentiniana,Thebaidos,,,Thebaidos,Thebaidos,,Dux Thebaidos / Dux Thebaidos / Sub dispositione viri spectabilis ducis Thebaidos
OCC000431,Oriens,Dux Thebaidos,879,Asfynis,tail,,Equites felices Honoriani,Thebaidos,,,Thebaidos,Thebaidos,,Dux Thebaidos / Dux Thebaidos / Sub dispositione viri spectabilis ducis Thebaidos
OCC000432,Oriens,Dux Thebaidos,880,Hibeos - Oaseos maioris,tail,,Ala prima Abasgorum,Thebaidos,,,Thebaidos,Thebaidos,,Dux Thebaidos / Dux Thebaidos / Sub dispositione viri spectabilis ducis Thebaidos
OCC000433,Oriens,Dux Thebaidos,882,Poisrietemidos,tail,,Ala secunda Hispanorum,Thebaidos,,,Thebaidos,Thebaidos,,Dux Thebaidos / Dux Thebaidos / Et quae de minore laterculo emittuntur
OCC000434,Oriens,Dux Thebaidos,883,Pescla,tail,,Ala Germanorum,Thebaidos,,,Thebaidos,Thebaidos,,Dux Thebaidos / Dux Thebaidos / Et quae de minore laterculo emittuntur
OCC000435,Oriens,Dux Thebaidos,884,Isiu,tail,,Ala quarta Britonum,Thebaidos,,,Thebaidos,Thebaidos,,Dux Thebaidos / Dux Thebaidos / Et quae de minore laterculo emittuntur
OCC000436,Oriens,Dux Thebaidos,885,Thmou,tail,,Ala prima Hiberorum,Thebaidos,,,Thebaidos,Thebaidos,,Dux Thebaidos / Dux Thebaidos / Et quae de minore laterculo emittuntur
OCC000437,Oriens,Dux Thebaidos,886,Chenoboscia,tail,,Ala Neptunia,Thebaidos,,,Thebaidos,Thebaidos,,Dux Thebaidos / Dux Thebaidos / Et quae de minore laterculo emittuntur
OCC000438,Oriens,Dux Thebaidos,887,Maximianopoli,tail,,Ala tertia dromedariorum,Thebaidos,,,Thebaidos,Thebaidos,,Dux Thebaidos / Dux Thebaidos / Et quae de minore laterculo emittuntur
OCC000439,Oriens,Dux Thebaidos,888,Foenicionis,tail,,Ala octava Palmyrenorum,Thebaidos,,,Thebaidos,Thebaidos,,Dux Thebaidos / Dux Thebaidos / Et quae de minore laterculo emittuntur
OCC000440,Oriens,Dux Thebaidos,891,Pampane,tail,,Ala prima Iovia catafractariorum,Thebaidos,,,Thebaidos,Thebaidos,,Dux Thebaidos / Dux Thebaidos / Et quae de minore laterculo emittuntur
OCC000441,Oriens,Dux Thebaidos,892,Abydum - Abocedo,tail,,Ala octava,Thebaidos,,,Thebaidos,Thebaidos,,Dux Thebaidos / Dux Thebaidos / Et quae de minore laterculo emittuntur
OCC000442,Oriens,Dux Thebaidos,893,Psinaula,tail,,Ala secunda Herculia dromedariorum,Thebaidos,,,Thebaidos,Thebaidos,,Dux Thebaidos / Dux Thebaidos / Et quae de minore laterculo emittuntur
OCC000443,Oriens,Dux Thebaidos,894,Oasi maiore,tail,,Ala prima Abasgorum,Thebaidos,,,Thebaidos,Thebaidos,,Dux Thebaidos / Dux Thebaidos / Et quae de minore laterculo emittuntur
OCC000444,Oriens,Dux Thebaidos,895,Oasi minore - Trimtheos,tail,,Ala prima Quadorum,Thebaidos,,,Thebaidos,Thebaidos,,Dux Thebaidos / Dux Thebaidos / Et quae de minore laterculo emittuntur
OCC000445,Oriens,Dux Thebaidos,896,Precteos,tail,,Ala prima Valeria dromedariorum,Thebaidos,,,Thebaidos,Thebaidos,,Dux Thebaidos / Dux Thebaidos / Et quae de minore laterculo emittuntur
OCC000446,Oriens,Dux Thebaidos,898,Mutheos,tail,,Cohors scutata civium Romanorum,Thebaidos,,,Thebaidos,Thebaidos,,Dux Thebaidos / Dux Thebaidos / Et quae de minore laterculo emittuntur
OCC000447,Oriens,Dux Thebaidos,899,Silili,tail,,Cohors prima Apamenorum,Thebaidos,,,Thebaidos,Thebaidos,,Dux Thebaidos / Dux Thebaidos / Et quae de minore laterculo emittuntur
OCC000448,Oriens,Dux Thebaidos,900,Peamu,tail,,Cohors undecima Chamauorum,Thebaidos,,,Thebaidos,Thebaidos,,Dux Thebaidos / Dux Thebaidos / Et quae de minore laterculo emittuntur
OCC000449,Oriens,Dux Thebaidos,901,Nitnu,tail,,Cohors nona Tzanorum,Thebaidos,,,Thebaidos,Thebaidos,,Dux Thebaidos / Dux Thebaidos / Et quae de minore laterculo emittuntur
OCC000450,Oriens,Dux Thebaidos,902,Burgo Severi,tail,,Cohors nona Alamannorum,Thebaidos,,,Thebaidos,Thebaidos,,Dux Thebaidos / Dux Thebaidos / Et quae de minore laterculo emittuntur
OCC000451,Oriens,Dux Thebaidos,904,Suene,tail,,Cohors quinta Suentium,Thebaidos,,,Thebaidos,Thebaidos,,Dux Thebaidos / Dux Thebaidos / Et quae de minore laterculo emittuntur
OCC000452,Oriens,Dux Thebaidos,905,Lapidariorum,castris,,Cohors sexta saginarum,Thebaidos,,,Thebaidos,Thebaidos,,Dux Thebaidos / Dux Thebaidos / Et quae de minore laterculo emittuntur
OCC000453,Oriens,Dux Thebaidos,906,Diospoli,tail,,Cohors septima Francorum,Thebaidos,,,Thebaidos,Thebaidos,,Dux Thebaidos / Dux Thebaidos / Et quae de minore laterculo emittuntur
OCC000454,Oriens,Dux Foenicis,919,Otthara,tail,,Equites Mauri Illyriciani,Foenicis,,,Foenicis,Foenicis,,Dux Foenicis / Dux Foenicis / Sub dispositione viri spectabilis ducis Foenicis
OCC000455,Oriens,Dux Foenicis,920,Euhari,tail,,Equites scutarii Illyriciani,Foenicis,,,Foenicis,Foenicis,,Dux Foenicis / Dux Foenicis / Sub dispositione viri spectabilis ducis Foenicis
OCC000456,Oriens,Dux Foenicis,921,Saltatha,tail,,Equites promoti indigenae,Foenicis,,,Foenicis,Foenicis,,Dux Foenicis / Dux Foenicis / Sub dispositione viri spectabilis ducis Foenicis
OCC000457,Oriens,Dux Foenicis,922,Lataui,tail,,Equites Dalmatae Illyriciani,Foenicis,,,Foenicis,Foenicis,,Dux Foenicis / Dux Foenicis / Sub dispositione viri spectabilis ducis Foenicis
OCC000458,Oriens,Dux Foenicis,923,Auatha,tail,,Equites promoto indigenae,Foenicis,,,Foenicis,Foenicis,,Dux Foenicis / Dux Foenicis / Sub dispositione viri spectabilis ducis Foenicis
OCC000459,Oriens,Dux Foenicis,924,Nazala,tail,,Equites promoti indigenae,Foenicis,,,Foenicis,Foenicis,,Dux Foenicis / Dux Foenicis / Sub dispositione viri spectabilis ducis Foenicis
OCC000460,Oriens,Dux Foenicis,925,Abina,tail,,Equites sagittarii indigenae,Foenicis,,,Foenicis,Foenicis,,Dux Foenicis / Dux Foenicis / Sub dispositione viri spectabilis ducis Foenicis
OCC000461,Oriens,Dux Foenicis,926,Casama,tail,,Equites sagittarii indigenae,Foenicis,,,Foenicis,Foenicis,,Dux Foenicis / Dux Foenicis / Sub dispositione viri spectabilis ducis Foenicis
OCC000462,Oriens,Dux Foenicis,927,Calamona,tail,,Equites sagittarii indigenae,Foenicis,,,Foenicis,Foenicis,,Dux Foenicis / Dux Foenicis / Sub dispositione viri spectabilis ducis Foenicis
OCC000463,Oriens,Dux Foenicis,928,Betproclis,tail,,Equites Saraceni indigenae,Foenicis,,,Foenicis,Foenicis,,Dux Foenicis / Dux Foenicis / Sub dispositione viri spectabilis ducis Foenicis
OCC000464,Oriens,Dux Foenicis,929,Thelsee,tail,,Equites Saraceni,Foenicis,,,Foenicis,Foenicis,,Dux Foenicis / Dux Foenicis / Sub dispositione viri spectabilis ducis Foenicis
OCC000465,Oriens,Dux Foenicis,930,Adatha,tail,,Equites sagittarii indigenae,Foenicis,,,Foenicis,Foenicis,,Dux Foenicis / Dux Foenicis / Sub dispositione viri spectabilis ducis Foenicis
OCC000466,Oriens,Dux Foenicis,931,Palmira,tail,Praefectus,legionis primae Illyricorum,Foenicis,,,Foenicis,Foenicis,,Dux Foenicis / Dux Foenicis / Sub dispositione viri spectabilis ducis Foenicis
OCC000467,Oriens,Dux Foenicis,932,Danaba,tail,Praefectus,legionis tertiae Gallicae,Foenicis,,,Foenicis,Foenicis,,Dux Foenicis / Dux Foenicis / Sub dispositione viri spectabilis ducis Foenicis
OCC000468,Oriens,Dux Foenicis,934,Monte Iovis,tail,,Ala prima Damascena,Foenicis,,,Foenicis,Foenicis,,Dux Foenicis / Dux Foenicis / Et quae de minore laterculo emittuntur
OCC000469,Oriens,Dux Foenicis,935,Veriaraca,tail,,Ala noun Diocletiana,Foenicis,,,Foenicis,Foenicis,,Dux Foenicis / Dux Foenicis / Et quae de minore laterculo emittuntur
OCC000470,Oriens,Dux Foenicis,936,Cunna,tail,,Ala prima Francorum,Foenicis,,,Foenicis,Foenicis,,Dux Foenicis / Dux Foenicis / Et quae de minore laterculo emittuntur
OCC000471,Oriens,Dux Foenicis,937,Neia,tail,,Ala prima Alamannorum,Foenicis,,,Foenicis,Foenicis,,Dux Foenicis / Dux Foenicis / Et quae de minore laterculo emittuntur
OCC000472,Oriens,Dux Foenicis,938,Verofabula,tail,,Ala prima Saxonum,Foenicis,,,Foenicis,Foenicis,,Dux Foenicis / Dux Foenicis / Et quae de minore laterculo emittuntur
OCC000473,Oriens,Dux Foenicis,939,Rene,tail,,Ala prima Foenicum,Foenicis,,,Foenicis,Foenicis,,Dux Foenicis / Dux Foenicis / Et quae de minore laterculo emittuntur
OCC000474,Oriens,Dux Foenicis,940,Arefa,tail,,Ala secunda Salutis,Foenicis,,,Foenicis,Foenicis,,Dux Foenicis / Dux Foenicis / Et quae de minore laterculo emittuntur
OCC000475,Oriens,Dux Foenicis,941,Veranoca,tail,,Cohors tetria Herculia,Foenicis,,,Foenicis,Foenicis,,Dux Foenicis / Dux Foenicis / Et quae de minore laterculo emittuntur
OCC000476,Oriens,Dux Foenicis,942,Oneuatha,tail,,Cohors quinta pacta Alamannorum,Foenicis,,,Foenicis,Foenicis,,Dux Foenicis / Dux Foenicis / Et quae de minore laterculo emittuntur
OCC000477,Oriens,Dux Foenicis,943,Vale Alba,tail,,Cohors prima Iulia lectorum,Foenicis,,,Foenicis,Foenicis,,Dux Foenicis / Dux Foenicis / Et quae de minore laterculo emittuntur
OCC000478,Oriens,Dux Foenicis,944,Valle Diocletiana,tail,,Cohors secunda Aegyptiorum,Foenicis,,,Foenicis,Foenicis,,Dux Foenicis / Dux Foenicis / Et quae de minore laterculo emittuntur
OCC000479,Oriens,Dux Foenicis,945,Thama,tail,,Cohors prima Orientalis,Foenicis,,,Foenicis,Foenicis,,Dux Foenicis / Dux Foenicis / Et quae de minore laterculo emittuntur
OCC000480,Oriens,Dux Syriae,958,Serianae,tail,,Equites scutarii Illyriciani,Syriae et Eufratensis Syriae,,,Syriae et Eufratensis Syriae,Syriae et Eufratensis Syriae,,Dux Syriae / Dux Syriae / Sub dispositiones viri spectabilis ducis Syriae et Eufratensis Syriae
OCC000481,Oriens,Dux Syriae,959,Occariba,tail,,Equites promoti Illyriciani,Syriae et Eufratensis Syriae,,,Syriae et Eufratensis Syriae,Syriae et Eufratensis Syriae,,Dux Syriae / Dux Syriae / Sub dispositiones viri spectabilis ducis Syriae et Eufratensis Syriae
OCC000482,Oriens,Dux Syriae,960,Matthana,tail,,Equites sagittarii indigenae,Syriae et Eufratensis Syriae,,,Syriae et Eufratensis Syriae,Syriae et Eufratensis Syriae,,Dux Syriae / Dux Syriae / Sub dispositiones viri spectabilis ducis Syriae et Eufratensis Syriae
OCC000483,Oriens,Dux Syriae,961,Adada,tail,,Equites promoti indigenae,Syriae et Eufratensis Syriae,,,Syriae et Eufratensis Syriae,Syriae et Eufratensis Syriae,,Dux Syriae / Dux Syriae / Sub dispositiones viri spectabilis ducis Syriae et Eufratensis Syriae
OCC000484,Oriens,Dux Syriae,962,Anatha,tail,,Equites sagittarii indigenae,Syriae et Eufratensis Syriae,,,Syriae et Eufratensis Syriae,Syriae et Eufratensis Syriae,,Dux Syriae / Dux Syriae / Sub dispositiones viri spectabilis ducis Syriae et Eufratensis Syriae
OCC000485,Oriens,Dux Syriae,963,Acadama,tail,,Equites sagittarii,Syriae et Eufratensis Syriae,,,Syriae et Eufratensis Syriae,Syriae et Eufratensis Syriae,,Dux Syriae / Dux Syriae / Sub dispositiones viri spectabilis ducis Syriae et Eufratensis Syriae
OCC000486,Oriens,Dux Syriae,964,Acauatha,tail,,Equites sagittarii,Syriae et Eufratensis Syriae,,,Syriae et Eufratensis Syriae,Syriae et Eufratensis Syriae,,Dux Syriae / Dux Syriae / Sub dispositiones viri spectabilis ducis Syriae et Eufratensis Syriae
OCC000487,Oriens,Dux Syriae,965,Oresa,tail,Praefectus,legionis quartae Scythicae,Syriae et Eufratensis Syriae,,,Syriae et Eufratensis Syriae,Syriae et Eufratensis Syriae,,Dux Syriae / Dux Syriae / Sub dispositiones viri spectabilis ducis Syriae et Eufratensis Syriae
OCC000488,Oriens,Dux Syriae,967,Barbalisso,tail,,Equites Dalmatae Illyriciani,Augusta Eufratensi,,Augusta Eufratensi,Syriae,Augusta Eufratensi,In Augusta Eufratensi,Dux Syriae / Dux Syriae / In Augusta Eufratensi
OCC000489,Oriens,Dux Syriae,968,Neocaesereae,tail,,Equites Mauri Illyriciani,Augusta Eufratensi,,Augusta Eufratensi,Syriae,Augusta Eufratensi,In Augusta Eufratensi,Dux Syriae / Dux Syriae / In Augusta Eufratensi
OCC000490,Oriens,Dux Syriae,969,Rosafa,tail,,Equites promoti indigenae,Augusta Eufratensi,,Augusta Eufratensi,Syriae,Augusta Eufratensi,In Augusta Eufratensi,Dux Syriae / Dux Syriae / In Augusta Eufratensi
OCC000491,Oriens,Dux Syriae,970,Sura,tail,Praefectus,legionis sextaedecimae Flaviae firmae,Augusta Eufratensi,,Augusta Eufratensi,Syriae,Augusta Eufratensi,In Augusta Eufratensi,Dux Syriae / Dux Syriae / In Augusta Eufratensi
OCC000492,Oriens,Dux Syriae,972,Ammuda,tail,,Ala prima nova Herculia,Syriae,,,Syriae,Syriae,,Dux Syriae / Dux Syriae / Et quae de minor laterculo emittuntur
OCC000493,Oriens,Dux Syriae,973,Salutaria,tail,,Ala prima Iuthungorum,Syriae,,,Syriae,Syriae,,Dux Syriae / Dux Syriae / Et quae de minor laterculo emittuntur
OCC000494,Oriens,Dux Syriae,974,Helela,tail,,Cohors prima Gotthorum,Syriae,,,Syriae,Syriae,,Dux Syriae / Dux Syriae / Et quae de minor laterculo emittuntur
OCC000495,Oriens,Dux Syriae,975,Claudiana,tail,,Cohors prima Ulpia Dacorum,Syriae,,,Syriae,Syriae,,Dux Syriae / Dux Syriae / Et quae de minor laterculo emittuntur
OCC000496,Oriens,Dux Syriae,976,Marmantharum,tail,,Cohors tertia Valeria,Syriae,,,Syriae,Syriae,,Dux Syriae / Dux Syriae / Et quae de minor laterculo emittuntur
OCC000497,Oriens,Dux Syriae,977,Ammattha,tail,,Cohors prima victorum,Syriae,,,Syriae,Syriae,,Dux Syriae / Dux Syriae / Et quae de minor laterculo emittuntur
OCC000498,Oriens,Dux Palaestinae,990,Benosabae,tail,,Equites Dalmatae Illyriciani,Palaestinae,,,Palaestinae,Palaestinae,,Dux Palaestinae / Dux Palaestinae
OCC000499,Oriens,Dux Palaestinae,991,Benosabae,tail,,Equites Dalmatae Illyriciani,Palaestinae,,,Palaestinae,Palaestinae,,Dux Palaestinae / Dux Palaestinae
OCC000500,Oriens,Dux Palaestinae,992,Menochiae,tail,,Equites promoti Illyriciani,Palaestinae,,,Palaestinae,Palaestinae,,Dux Palaestinae / Dux Palaestinae
OCC000501,Oriens,Dux Palaestinae,993,Chermulae,tail,,Equites scutarii Illyriciani,Palaestinae,,,Palaestinae,Palaestinae,,Dux Palaestinae / Dux Palaestinae
OCC000502,Oriens,Dux Palaestinae,994,Aeliae,tail,,Equites Mauri Illyriciani,Palaestinae,,,Palaestinae,Palaestinae,,Dux Palaestinae / Dux Palaestinae
OCC000503,Oriens,Dux Palaestinae,995,Birsama,tail,,Equites Thamudeni Illyriciani,Palaestinae,,,Palaestinae,Palaestinae,,Dux Palaestinae / Dux Palaestinae
OCC000504,Oriens,Dux Palaestinae,996,Sabaiae,tail,,Equites promiti indigenae,Palaestinae,,,Palaestinae,Palaestinae,,Dux Palaestinae / Dux Palaestinae
OCC000505,Oriens,Dux Palaestinae,997,Zodocathae,tail,,Equites promiti indigenae,Palaestinae,,,Palaestinae,Palaestinae,,Dux Palaestinae / Dux Palaestinae
OCC000506,Oriens,Dux Palaestinae,998,Hauanae,tail,,Equites sagittarii indigenae,Palaestinae,,,Palaestinae,Palaestinae,,Dux Palaestinae / Dux Palaestinae
OCC000507,Oriens,Dux Palaestinae,999,Zoarae,tail,,Equites sagittarii indigenae,Palaestinae,,,Palaestinae,Palaestinae,,Dux Palaestinae / Dux Palaestinae
OCC000508,Oriens,Dux Palaestinae,1000,Robatha,tail,,Equites sagittarii indigenae,Palaestinae,,,Palaestinae,Palaestinae,,Dux Palaestinae / Dux Palaestinae
OCC000509,Oriens,Dux Palaestinae,1001,Sabure,tail,,Equites primi felices Palaestini,Palaestinae,,,Palaestinae,Palaestinae,,Dux Palaestinae / Dux Palaestinae
OCC000510,Oriens,Dux Palaestinae,1001,Veterocariae,tail,,Equites primi felices Palaestini,Palaestinae,,,Palaestinae,Palaestinae,,Dux Palaestinae / Dux Palaestinae
OCC000511,Oriens,Dux Palaestinae,1002,Moahile,tail,,Equites sagittarii indigenae,Palaestinae,,,Palaestinae,Palaestinae,,Dux Palaestinae / Dux Palaestinae
OCC000512,Oriens,Dux Palaestinae,1003,Ailae,tail,Praefectus,legionis decimae Fretensis,Palaestinae,,,Palaestinae,Palaestinae,,Dux Palaestinae / Dux Palaestinae
OCC000513,Oriens,Dux Palaestinae,1005,Asuada,tail,,Ala prima miliaria Sebastena,Palaestinae,,,Palaestinae,Palaestinae,,Dux Palaestinae / Dux Palaestinae / Et quae de minore laterculo emittuntur
OCC000514,Oriens,Dux Palaestinae,1006,Admatha,tail,,Ala Antana dromedariorum,Palaestinae,,,Palaestinae,Palaestinae,,Dux Palaestinae / Dux Palaestinae / Et quae de minore laterculo emittuntur
OCC000515,Oriens,Dux Palaestinae,1007,Toloha,tail,,Ala Constantiana,Palaestinae,,,Palaestinae,Palaestinae,,Dux Palaestinae / Dux Palaestinae / Et quae de minore laterculo emittuntur
OCC000516,Oriens,Dux Palaestinae,1008,apud Praesidium,tail,,Ala secunda felix Valentiana,Palaestinae,,,Palaestinae,Palaestinae,,Dux Palaestinae / Dux Palaestinae / Et quae de minore laterculo emittuntur
OCC000517,Oriens,Dux Palaestinae,1009,Hasta,tail,,Ala prima miliara,Palaestinae,,,Palaestinae,Palaestinae,,Dux Palaestinae / Dux Palaestinae / Et quae de minore laterculo emittuntur
OCC000518,Oriens,Dux Palaestinae,1011,Afro,tail,,Cohors duodecima Valeria,Palaestinae,,,Palaestinae,Palaestinae,,Dux Palaestinae / Dux Palaestinae / Et quae de minore laterculo emittuntur
OCC000519,Oriens,Dux Palaestinae,1012,Cartha,tail,,Cohors decima Carthaginensis,Palaestinae,,,Palaestinae,Palaestinae,,Dux Palaestinae / Dux Palaestinae / Et quae de minore laterculo emittuntur
OCC000520,Oriens,Dux Palaestinae,1013,Tarba,tail,,Cohors prima agentenaria,Palaestinae,,,Palaestinae,Palaestinae,,Dux Palaestinae / Dux Palaestinae / Et quae de minore laterculo emittuntur
OCC000521,Oriens,Dux Palaestinae,1014,Praesidio,tail,,Cohors quarta Frygium,Palaestinae,,,Palaestinae,Palaestinae,,Dux Palaestinae / Dux Palaestinae / Et quae de minore laterculo emittuntur
OCC000522,Oriens,Dux Palaestinae,1015,Iehibo,tail,,Cohors secunda Gratiana,Palaestinae,,,Palaestinae,Palaestinae,,Dux Palaestinae / Dux Palaestinae / Et quae de minore laterculo emittuntur
OCC000523,Oriens,Dux Palaestinae,1016,Calamona,tail,,Cohors prima equitata,Palaestinae,,,Palaestinae,Palaestinae,,Dux Palaestinae / Dux Palaestinae / Et quae de minore laterculo emittuntur
OCC000524,Oriens,Dux Palaestinae,1017,Arieldela,tail,,Cohors secunda Galatarum,Palaestinae,,,Palaestinae,Palaestinae,,Dux Palaestinae / Dux Palaestinae / Et quae de minore laterculo emittuntur
OCC000525,Oriens,Dux Palaestinae,1018,Moleaatha,tail,,Cohors prima Flavia,Palaestinae,,,Palaestinae,Palaestinae,,Dux Palaestinae / Dux Palaestinae / Et quae de minore laterculo emittuntur
OCC000526,Oriens,Dux Palaestinae,1019,Thamana,tail,,Cohors quarta Palaestinorum,Palaestinae,,,Palaestinae,Palaestinae,,Dux Palaestinae / Dux Palaestinae / Et quae de minore laterculo emittuntur
OCC000527,Oriens,Dux Osrhoenae,1034,Ganaba,tail,,Equites Dalmatae Illyriciani,Osrhoenae,,,Osrhoenae,Osrhoenae,,Dux Osrhoenae / Dux Osrhoenae / Sub dispositione viri spectabilis ducis Osrhoenae
OCC000528,Oriens,Dux Osrhoenae,1035,Callinico,tail,,Equites promoti Illyriciani,Osrhoenae,,,Osrhoenae,Osrhoenae,,Dux Osrhoenae / Dux Osrhoenae / Sub dispositione viri spectabilis ducis Osrhoenae
OCC000529,Oriens,Dux Osrhoenae,1036,Dabana,tail,,Equites Mauri Illyriciani,Osrhoenae,,,Osrhoenae,Osrhoenae,,Dux Osrhoenae / Dux Osrhoenae / Sub dispositione viri spectabilis ducis Osrhoenae
OCC000530,Oriens,Dux Osrhoenae,1037,Banasam,tail,,Equites promoti indigenae,Osrhoenae,,,Osrhoenae,Osrhoenae,,Dux Osrhoenae / Dux Osrhoenae / Sub dispositione viri spectabilis ducis Osrhoenae
OCC000531,Oriens,Dux Osrhoenae,1038,Sina Iudaeorum,tail,,Equites promoti indigenae,Osrhoenae,,,Osrhoenae,Osrhoenae,,Dux Osrhoenae / Dux Osrhoenae / Sub dispositione viri spectabilis ducis Osrhoenae
OCC000532,Oriens,Dux Osrhoenae,1039,Oraba,tail,,Equites sagittarii indigenae,Osrhoenae,,,Osrhoenae,Osrhoenae,,Dux Osrhoenae / Dux Osrhoenae / Sub dispositione viri spectabilis ducis Osrhoenae
OCC000533,Oriens,Dux Osrhoenae,1040,Thillazamana,tail,,Equites sagittarii indigenae,Osrhoenae,,,Osrhoenae,Osrhoenae,,Dux Osrhoenae / Dux Osrhoenae / Sub dispositione viri spectabilis ducis Osrhoenae
OCC000534,Oriens,Dux Osrhoenae,1041,Mediana,tail,,Equites sagittarii indigenae Medianenses,Osrhoenae,,,Osrhoenae,Osrhoenae,,Dux Osrhoenae / Dux Osrhoenae / Sub dispositione viri spectabilis ducis Osrhoenae
OCC000535,Oriens,Dux Osrhoenae,1042,Rasin,tail,,Equites primi Osrhoeni,Osrhoenae,,,Osrhoenae,Osrhoenae,,Dux Osrhoenae / Dux Osrhoenae / Sub dispositione viri spectabilis ducis Osrhoenae
OCC000536,Oriens,Dux Osrhoenae,1043,Circesio,tail,Praefectus,legionis quartae Parthicae,Osrhoenae,,,Osrhoenae,Osrhoenae,,Dux Osrhoenae / Dux Osrhoenae / Sub dispositione viri spectabilis ducis Osrhoenae
OCC000537,Oriens,Dux Osrhoenae,1046,Thillacama,tail,,Ala septima Valeria praelectorum,Osrhoenae,,,Osrhoenae,Osrhoenae,,Dux Osrhoenae / Dux Osrhoenae / Et quae de minore laterculo emittuntur
OCC000538,Oriens,Dux Osrhoenae,1047,Touia -contra Bintha,tail,,Ala prima Victoriae,Osrhoenae,,,Osrhoenae,Osrhoenae,,Dux Osrhoenae / Dux Osrhoenae / Et quae de minore laterculo emittuntur
OCC000539,Oriens,Dux Osrhoenae,1048,Thillafica,tail,,Ala secunda Paflagonum,Osrhoenae,,,Osrhoenae,Osrhoenae,,Dux Osrhoenae / Dux Osrhoenae / Et quae de minore laterculo emittuntur
OCC000540,Oriens,Dux Osrhoenae,1049,Resaia,tail,,Ala prima Parthorum,Osrhoenae,,,Osrhoenae,Osrhoenae,,Dux Osrhoenae / Dux Osrhoenae / Et quae de minore laterculo emittuntur
OCC000541,Oriens,Dux Osrhoenae,1051,Thillaamana,tail,,Cohors prima Gaetulorum,Osrhoenae,,,Osrhoenae,Osrhoenae,,Dux Osrhoenae / Dux Osrhoenae / Et quae de minore laterculo emittuntur
OCC000542,Oriens,Dux Osrhoenae,1052,Maratha,tail,,Cohors prima Eufratensis,Osrhoenae,,,Osrhoenae,Osrhoenae,,Dux Osrhoenae / Dux Osrhoenae / Et quae de minore laterculo emittuntur
OCC000543,Oriens,Dux Osrhoenae,1053,Duodecimo constituta,tail,,Ala prima salutaria,Osrhoenae,,,Osrhoenae,Osrhoenae,,Dux Osrhoenae / Dux Osrhoenae / Et quae de minore laterculo emittuntur
OCC000544,Oriens,Dux Mesopotamiae,1066,Amidae,tail,,Equites scutarii Illyriciani,Mesopotamiae,,,Mesopotamiae,Mesopotamiae,,Dux Mesopotamiae / Dux Mesopotamiae / Sub dispositione viri spectibilis ducis Mesopotamiae
OCC000545,Oriens,Dux Mesopotamiae,1067,Resain - Theodosiopoli,tail,,Equites promoti Illyriciani,Mesopotamiae,,,Mesopotamiae,Mesopotamiae,,Dux Mesopotamiae / Dux Mesopotamiae / Sub dispositione viri spectibilis ducis Mesopotamiae
OCC000546,Oriens,Dux Mesopotamiae,1068,Amidae,tail,,Equites ducatores Illyriciani,Mesopotamiae,,,Mesopotamiae,Mesopotamiae,,Dux Mesopotamiae / Dux Mesopotamiae / Sub dispositione viri spectibilis ducis Mesopotamiae
OCC000547,Oriens,Dux Mesopotamiae,1069,Constantia,tail,,Equites felices Honoriani Illyriciani,Mesopotamiae,,,Mesopotamiae,Mesopotamiae,,Dux Mesopotamiae / Dux Mesopotamiae / Sub dispositione viri spectibilis ducis Mesopotamiae
OCC000548,Oriens,Dux Mesopotamiae,1070,Apadna,tail,,Equites promoti indigenae,Mesopotamiae,,,Mesopotamiae,Mesopotamiae,,Dux Mesopotamiae / Dux Mesopotamiae / Sub dispositione viri spectibilis ducis Mesopotamiae
OCC000549,Oriens,Dux Mesopotamiae,1071,Constantina,tail,,Equites promoti indigenae,Mesopotamiae,,,Mesopotamiae,Mesopotamiae,,Dux Mesopotamiae / Dux Mesopotamiae / Sub dispositione viri spectibilis ducis Mesopotamiae
OCC000550,Oriens,Dux Mesopotamiae,1072,Mefana - Cartha,tail,,Equites sagittarii indigenae Arabanenses,Mesopotamiae,,,Mesopotamiae,Mesopotamiae,,Dux Mesopotamiae / Dux Mesopotamiae / Sub dispositione viri spectibilis ducis Mesopotamiae
OCC000551,Oriens,Dux Mesopotamiae,1073,Assara,tail,,Equites scutarii indigenae Pafenses,Mesopotamiae,,,Mesopotamiae,Mesopotamiae,,Dux Mesopotamiae / Dux Mesopotamiae / Sub dispositione viri spectibilis ducis Mesopotamiae
OCC000552,Oriens,Dux Mesopotamiae,1074,Thilbisme,tail,,Equites sagittarii indigenae Thibithenses,Mesopotamiae,,,Mesopotamiae,Mesopotamiae,,Dux Mesopotamiae / Dux Mesopotamiae / Sub dispositione viri spectibilis ducis Mesopotamiae
OCC000553,Oriens,Dux Mesopotamiae,1075,Thannuri,tail,,Equites sagittarii indigenae,Mesopotamiae,,,Mesopotamiae,Mesopotamiae,,Dux Mesopotamiae / Dux Mesopotamiae / Sub dispositione viri spectibilis ducis Mesopotamiae
OCC000554,Oriens,Dux Mesopotamiae,1076,Constantina,tail,Praefectus,legionis primae Parthicae Nisibenae,Mesopotamiae,,,Mesopotamiae,Mesopotamiae,,Dux Mesopotamiae / Dux Mesopotamiae / Sub dispositione viri spectibilis ducis Mesopotamiae
OCC000555,Oriens,Dux Mesopotamiae,1077,Cefae,tail,Praefectus,legionis secundae Parthicae,Mesopotamiae,,,Mesopotamiae,Mesopotamiae,,Dux Mesopotamiae / Dux Mesopotamiae / Sub dispositione viri spectibilis ducis Mesopotamiae
OCC000556,Oriens,Dux Mesopotamiae,1079,Cartha,tail,,Ala secunda nova Aegyptiorum,Mesopotamiae,,,Mesopotamiae,Mesopotamiae,,Dux Mesopotamiae / Dux Mesopotamiae / Et quae de minore laterculo emittuntur
OCC000557,Oriens,Dux Mesopotamiae,1080,Ripaltha,tail,,Ala octava Flavia Francorum,Mesopotamiae,,,Mesopotamiae,Mesopotamiae,,Dux Mesopotamiae / Dux Mesopotamiae / Et quae de minore laterculo emittuntur
OCC000558,Oriens,Dux Mesopotamiae,1081,Caini,tail,,Ala quintadecima Flavia Carduenorum,Mesopotamiae,,,Mesopotamiae,Mesopotamiae,,Dux Mesopotamiae / Dux Mesopotamiae / Et quae de minore laterculo emittuntur
OCC000559,Oriens,Dux Mesopotamiae,1082,Bethallaha,tail,,Cohors quinquagenaria Arabum,Mesopotamiae,,,Mesopotamiae,Mesopotamiae,,Dux Mesopotamiae / Dux Mesopotamiae / Et quae de minore laterculo emittuntur
OCC000560,Oriens,Dux Mesopotamiae,1083,Maiocariri,tail,,Cohors quartadecima Valeria Zabdenorum,Mesopotamiae,,,Mesopotamiae,Mesopotamiae,,Dux Mesopotamiae / Dux Mesopotamiae / Et quae de minore laterculo emittuntur
OCC000561,Oriens,Dux Arabiae,1096,Motha,tail,,Equites scutarii Illyriciani,Arabiae,,,Arabiae,Arabiae,,Dux Arabiae / Dux Arabiae / Sub dispositione viri spectabilis ducis Arabiae
OCC000562,Oriens,Dux Arabiae,1097,Tricomia,tail,,Equites promoti Illyriciani,Arabiae,,,Arabiae,Arabiae,,Dux Arabiae / Dux Arabiae / Sub dispositione viri spectabilis ducis Arabiae
OCC000563,Oriens,Dux Arabiae,1098,Ziza,tail,,Equites Dalmatae Illyriciani,Arabiae,,,Arabiae,Arabiae,,Dux Arabiae / Dux Arabiae / Sub dispositione viri spectabilis ducis Arabiae
OCC000564,Oriens,Dux Arabiae,1099,Areopoli,tail,,Equites Mauri Illyriciani,Arabiae,,,Arabiae,Arabiae,,Dux Arabiae / Dux Arabiae / Sub dispositione viri spectabilis ducis Arabiae
OCC000565,Oriens,Dux Arabiae,1100,Speluncis,tail,,Equites promoti indigenae,Arabiae,,,Arabiae,Arabiae,,Dux Arabiae / Dux Arabiae / Sub dispositione viri spectabilis ducis Arabiae
OCC000566,Oriens,Dux Arabiae,1101,Mefa,tail,,Equites promoti indigenae,Arabiae,,,Arabiae,Arabiae,,Dux Arabiae / Dux Arabiae / Sub dispositione viri spectabilis ducis Arabiae
OCC000567,Oriens,Dux Arabiae,1102,Gadda,tail,,Equites sagittari indigenae,Arabiae,,,Arabiae,Arabiae,,Dux Arabiae / Dux Arabiae / Sub dispositione viri spectabilis ducis Arabiae
OCC000568,Oriens,Dux Arabiae,1103,Bostra,tail,Praefectus,legionis tertiae Cyrenaicae,Arabiae,,,Arabiae,Arabiae,,Dux Arabiae / Dux Arabiae / Sub dispositione viri spectabilis ducis Arabiae
OCC000569,Oriens,Dux Arabiae,1104,Betthoro,tail,Praefectus,legionis quartae Martiae,Arabiae,,,Arabiae,Arabiae,,Dux Arabiae / Dux Arabiae / Sub dispositione viri spectabilis ducis Arabiae
OCC000570,Oriens,Dux Arabiae,1105,Dia - Fenis,tail,,Equites sagittarii indigenae,Arabiae,,,Arabiae,Arabiae,,Dux Arabiae / Dux Arabiae / Sub dispositione viri spectabilis ducis Arabiae
OCC000571,Oriens,Dux Arabiae,1107,Auatha,tail,,Ala nona miliaria,Arabiae,,,Arabiae,Arabiae,,Dux Arabiae / Dux Arabiae / Et quae de minore laterculo emittuntur
OCC000572,Oriens,Dux Arabiae,1108,Gomoha,tail,,Ala sexta Hispanorum,Arabiae,,,Arabiae,Arabiae,,Dux Arabiae / Dux Arabiae / Et quae de minore laterculo emittuntur
OCC000573,Oriens,Dux Arabiae,1109,Libona,tail,,Ala secunda Constantiana,Arabiae,,,Arabiae,Arabiae,,Dux Arabiae / Dux Arabiae / Et quae de minore laterculo emittuntur
OCC000574,Oriens,Dux Arabiae,1110,Naarsafari,tail,,Ala secunda Miliarensis,Arabiae,,,Arabiae,Arabiae,,Dux Arabiae / Dux Arabiae / Et quae de minore laterculo emittuntur
OCC000575,Oriens,Dux Arabiae,1111,Thainatha,tail,,Ala prima Valentiana,Arabiae,,,Arabiae,Arabiae,,Dux Arabiae / Dux Arabiae / Et quae de minore laterculo emittuntur
OCC000576,Oriens,Dux Arabiae,1112,apud Adittha,tail,,Ala secunda felix Valentiniana,Arabiae,,,Arabiae,Arabiae,,Dux Arabiae / Dux Arabiae / Et quae de minore laterculo emittuntur
OCC000577,Oriens,Dux Arabiae,1113,Adtitha,tail,,Cohors prima miliaria Thracum,Arabiae,,,Arabiae,Arabiae,,Dux Arabiae / Dux Arabiae / Et quae de minore laterculo emittuntur
OCC000578,Oriens,Dux Arabiae,1114,Asabaia,tail,,Cohors prima Thracum,Arabiae,,,Arabiae,Arabiae,,Dux Arabiae / Dux Arabiae / Et quae de minore laterculo emittuntur
OCC000579,Oriens,Dux Arabiae,1115,Ualtha,tail,,Cohors octava voluntaria,Arabiae,,,Arabiae,Arabiae,,Dux Arabiae / Dux Arabiae / Et quae de minore laterculo emittuntur
OCC000580,Oriens,Dux Arabiae,1116,in ripa Vade Afaris Fluvii in castris Arnonensibus,tail,,Cohors tertia felix Arabum,Arabiae,,,Arabiae,Arabiae,,Dux Arabiae / Dux Arabiae / Et quae de minore laterculo emittuntur
OCC000581,Oriens,Dux Arabiae,1117,apud Arnona,tail,,Cohors tertia Alpinorum,Arabiae,,,Arabiae,Arabiae,,Dux Arabiae / Dux Arabiae / Et quae de minore laterculo emittuntur
OCC000582,Oriens,Dux Armeniae,1139,Sabbu,tail,,Equites sagittarii,Armeniae,,,Armeniae,Armeniae,,Dux Armeniae / Dux Armeniae / Sub dispositione viri spectabilis ducis Armeniae
OCC000583,Oriens,Dux Armeniae,1140,Domana,tail,,Equites sagittarii,Armeniae,,,Armeniae,Armeniae,,Dux Armeniae / Dux Armeniae / Sub dispositione viri spectabilis ducis Armeniae
OCC000584,Oriens,Dux Armeniae,1141,Satala,tail,Praefectus,legionis quintadecimae Apollinaris,Armeniae,,,Armeniae,Armeniae,,Dux Armeniae / Dux Armeniae / Sub dispositione viri spectabilis ducis Armeniae
OCC000585,Oriens,Dux Armeniae,1142,Melitena,tail,Praefectus,legionis duodecimae fulminatae,Armeniae,,,Armeniae,Armeniae,,Dux Armeniae / Dux Armeniae / Sub dispositione viri spectabilis ducis Armeniae
OCC000586,Oriens,Dux Armeniae,1144,Trapezunta,tail,Praefectus,legionis primae Ponticae,Ponto,,Ponto,Armeniae,Ponto,In Ponto,Dux Armeniae / Dux Armeniae / In Ponto
OCC000587,Oriens,Dux Armeniae,1145,Aladaleariza,tail,,Ala Rizena,Ponto,,Ponto,Armeniae,Ponto,In Ponto,Dux Armeniae / Dux Armeniae / In Ponto
OCC000588,Oriens,Dux Armeniae,1146,apud Auaxam,tail,,Ala Theodosiana,Ponto,,Ponto,Armeniae,Ponto,In Ponto,Dux Armeniae / Dux Armeniae / In Ponto
OCC000589,Oriens,Dux Armeniae,1147,Siluanis,tail,,Ala felix Theodosiana,Ponto,,Ponto,Armeniae,Ponto,In Ponto,Dux Armeniae / Dux Armeniae / In Ponto
OCC000590,Oriens,Dux Armeniae,1149,Chiaca,tail,,Ala prima Augusta Colonorum,Armeniae,,,Armeniae,Armeniae,,Dux Armeniae / Dux Armeniae / Et quae de minore laterculo emittuntur
OCC000591,Oriens,Dux Armeniae,1150,Dascusa,tail,,Ala Auriana,Armeniae,,,Armeniae,Armeniae,,Dux Armeniae / Dux Armeniae / Et quae de minore laterculo emittuntur
OCC000592,Oriens,Dux Armeniae,1151,Suissa,tail,,Ala prima Ulpia Dacorum,Armeniae,,,Armeniae,Armeniae,,Dux Armeniae / Dux Armeniae / Et quae de minore laterculo emittuntur
OCC000593,Oriens,Dux Armeniae,1152,Aeliana,tail,,Ala secunda Gallorum,Armeniae,,,Armeniae,Armeniae,,Dux Armeniae / Dux Armeniae / Et quae de minore laterculo emittuntur
OCC000594,Oriens,Dux Armeniae,1155,Metita,tail,,Cohors tertia Ulpia miliaria Petraeorum,Armeniae,,,Armeniae,Armeniae,,Dux Armeniae / Dux Armeniae / Et quae de minore laterculo emittuntur
OCC000595,Oriens,Dux Armeniae,1156,Analiba,tail,,Cohors quarta Raetorum,Armeniae,,,Armeniae,Armeniae,,Dux Armeniae / Dux Armeniae / Et quae de minore laterculo emittuntur
OCC000596,Oriens,Dux Armeniae,1157,Arauraca,tail,,Cohors miliaria Bosporiana,Armeniae,,,Armeniae,Armeniae,,Dux Armeniae / Dux Armeniae / Et quae de minore laterculo emittuntur
OCC000597,Oriens,Dux Armeniae,1158,Sisila,tail,,Cohors miliaria Germanorum,Armeniae,,,Armeniae,Armeniae,,Dux Armeniae / Dux Armeniae / Et quae de minore laterculo emittuntur
OCC000598,Oriens,Dux Armeniae,1159,Chaszanenica,tail,,Ala prima Iovia felix,Armeniae,,,Armeniae,Armeniae,,Dux Armeniae / Dux Armeniae / Et quae de minore laterculo emittuntur
OCC000599,Oriens,Dux Armeniae,1160,Pithiae,tail,,Ala prima felix Theodosiana,Armeniae,,,Armeniae,Armeniae,,Dux Armeniae / Dux Armeniae / Et quae de minore laterculo emittuntur
OCC000600,Oriens,Dux Armeniae,1161,Valentia,tail,,Cohors prima Theodosiana,Armeniae,,,Armeniae,Armeniae,,Dux Armeniae / Dux Armeniae / Et quae de minore laterculo emittuntur
OCC000601,Oriens,Dux Armeniae,1162,Ysiporto,tail,,Cohors Apuleia civium Romanorum,Armeniae,,,Armeniae,Armeniae,,Dux Armeniae / Dux Armeniae / Et quae de minore laterculo emittuntur
OCC000602,Oriens,Dux Armeniae,1163,Caene - Parembole,tail,,Cohors prima Lepidiana,Armeniae,,,Armeniae,Armeniae,,Dux Armeniae / Dux Armeniae / Et quae de minore laterculo emittuntur
OCC000603,Oriens,Dux Armeniae,1164,Sebastopolis,tail,,Cohors prima Claudia equitata,Armeniae,,,Armeniae,Armeniae,,Dux Armeniae / Dux Armeniae / Et quae de minore laterculo emittuntur
OCC000604,Oriens,Dux Armeniae,1165,Ziganne,tail,,Cohors secunda Valentiana,Armeniae,,,Armeniae,Armeniae,,Dux Armeniae / Dux Armeniae / Et quae de minore laterculo emittuntur
OCC000605,Oriens,Dux Armeniae,1166,Mochora,tail,,Cohors,Armeniae,,,Armeniae,Armeniae,,Dux Armeniae / Dux Armeniae / Et quae de minore laterculo emittuntur
OCC000606,Oriens,Dux Scythiae,1179,Sacidaua,tail,,Cuneus equitum scutariorum,Scythiae,,,Scythiae,Scythiae,,Dux Scythiae / Dux Scythiae / Sub dispositione viri spectabilis ducis Scythiae
OCC000607,Oriens,Dux Scythiae,1180,Capidaua,tail,,Cuneus equitum Solensium,Scythiae,,,Scythiae,Scythiae,,Dux Scythiae / Dux Scythiae / Sub dispositione viri spectabilis ducis Scythiae
OCC000608,Oriens,Dux Scythiae,1181,Cii,tail,,Cuneus equitum stablesianorum,Scythiae,,,Scythiae,Scythiae,,Dux Scythiae / Dux Scythiae / Sub dispositione viri spectabilis ducis Scythiae
OCC000609,Oriens,Dux Scythiae,1182,Bireo,tail,,Cuneus equitum stablesianorum,Scythiae,,,Scythiae,Scythiae,,Dux Scythiae / Dux Scythiae / Sub dispositione viri spectabilis ducis Scythiae
OCC000610,Oriens,Dux Scythiae,1183,Arubio,tail,,Cuneus equitum catafractariorum,Scythiae,,,Scythiae,Scythiae,,Dux Scythiae / Dux Scythiae / Sub dispositione viri spectabilis ducis Scythiae
OCC000611,Oriens,Dux Scythiae,1184,Aegissos,tail,,Cuneus equitum armigerorum,Scythiae,,,Scythiae,Scythiae,,Dux Scythiae / Dux Scythiae / Sub dispositione viri spectabilis ducis Scythiae
OCC000612,Oriens,Dux Scythiae,1185,Talamonio,tail,,Cuneus equitum Arcadum,Scythiae,,,Scythiae,Scythiae,,Dux Scythiae / Dux Scythiae / Sub dispositione viri spectabilis ducis Scythiae
OCC000613,Oriens,Dux Scythiae,1187,Flaviana,tail,,Milites navclarii,Scythiae,,,Scythiae,Scythiae,,Dux Scythiae / Dux Scythiae / Auxiliares
OCC000614,Oriens,Dux Scythiae,1188,Axiupoli,tail,,Milites superventores,Scythiae,,,Scythiae,Scythiae,,Dux Scythiae / Dux Scythiae / Auxiliares
OCC000615,Oriens,Dux Scythiae,1189,Carso,tail,,Milites Scythici,Scythiae,,,Scythiae,Scythiae,,Dux Scythiae / Dux Scythiae / Auxiliares
OCC000616,Oriens,Dux Scythiae,1190,Trosmis,tail,,Milites secundi Constantini,Scythiae,,,Scythiae,Scythiae,,Dux Scythiae / Dux Scythiae / Auxiliares
OCC000617,Oriens,Dux Scythiae,1191,Dirigothia,tail,,Milites Scythici,Scythiae,,,Scythiae,Scythiae,,Dux Scythiae / Dux Scythiae / Auxiliares
OCC000618,Oriens,Dux Scythiae,1192,Nouioduro,tail,,Milites primi Constantini,Scythiae,,,Scythiae,Scythiae,,Dux Scythiae / Dux Scythiae / Auxiliares
OCC000619,Oriens,Dux Scythiae,1193,Salsouia,tail,,Milites quinti Constantini,Scythiae,,,Scythiae,Scythiae,,Dux Scythiae / Dux Scythiae / Auxiliares
OCC000620,Oriens,Dux Scythiae,1194,Gratiana,tail,,Milites primi Gratianenses,Scythiae,,,Scythiae,Scythiae,,Dux Scythiae / Dux Scythiae / Auxiliares
OCC000621,Oriens,Dux Scythiae,1196,Trosmis,tail,Praefectus,legionis secundae Herculiae,Scythiae,,,Scythiae,Scythiae,,Dux Scythiae / Dux Scythiae / Item legiones riparienses
OCC000622,Oriens,Dux Scythiae,1197,Axiupoli,tail,Praefectus,ripae legionis secundae Herculiae cohortis quintae pedaturae inferioris,Scythiae,,,Scythiae,Scythiae,,Dux Scythiae / Dux Scythiae / Item legiones riparienses
OCC000623,Oriens,Dux Scythiae,1198,Iprosmis,tail,Praefectus,ripae legionis secundae Herculiae cohortis quintae pedaturae inferioris,Scythiae,,,Scythiae,Scythiae,,Dux Scythiae / Dux Scythiae / Item legiones riparienses
OCC000624,Oriens,Dux Scythiae,1199,Nouioduno,tail,Praefectus,legionis primae Ioviae,Scythiae,,,Scythiae,Scythiae,,Dux Scythiae / Dux Scythiae / Item legiones riparienses
OCC000625,Oriens,Dux Scythiae,1200,Nouioduno,tail,Praefectus,ripae legionis primae Ioviae cohortis quintae pedaturae superioris,Scythiae,,,Scythiae,Scythiae,,Dux Scythiae / Dux Scythiae / Item legiones riparienses
OCC000626,Oriens,Dux Scythiae,1201,Accisso,tail,Praefectus,ripae legionis primae Ioviae cohortis quintae pedaturae inferioris,Scythiae,,,Scythiae,Scythiae,,Dux Scythiae / Dux Scythiae / Item legiones riparienses
OCC000627,Oriens,Dux Moesiae secundae,1216,Securisca,tail,,Cuneus equitum scutariorum,moesiae secundae,,,moesiae secundae,moesiae secundae,,Dux Moesiae secundae / Dux Moesiae secundae / Sub dispositione viri spectabilis ducis moesiae secundae
OCC000628,Oriens,Dux Moesiae secundae,1217,Dimo,tail,,Cuneus equitum Solensium,moesiae secundae,,,moesiae secundae,moesiae secundae,,Dux Moesiae secundae / Dux Moesiae secundae / Sub dispositione viri spectabilis ducis moesiae secundae
OCC000629,Oriens,Dux Moesiae secundae,1218,Latius,tail,,Cuneus equitum scutariorum,moesiae secundae,,,moesiae secundae,moesiae secundae,,Dux Moesiae secundae / Dux Moesiae secundae / Sub dispositione viri spectabilis ducis moesiae secundae
OCC000630,Oriens,Dux Moesiae secundae,1219,Sexagintaprista,tail,,Cuneus equitum armigerorum,moesiae secundae,,,moesiae secundae,moesiae secundae,,Dux Moesiae secundae / Dux Moesiae secundae / Sub dispositione viri spectabilis ducis moesiae secundae
OCC000631,Oriens,Dux Moesiae secundae,1220,Tegra,tail,,Cuneus equitum secundorum armigerorum,moesiae secundae,,,moesiae secundae,moesiae secundae,,Dux Moesiae secundae / Dux Moesiae secundae / Sub dispositione viri spectabilis ducis moesiae secundae
OCC000632,Oriens,Dux Moesiae secundae,1221,Appiaria,tail,,Cuneus equitum scutariorum,moesiae secundae,,,moesiae secundae,moesiae secundae,,Dux Moesiae secundae / Dux Moesiae secundae / Sub dispositione viri spectabilis ducis moesiae secundae
OCC000633,Oriens,Dux Moesiae secundae,1222,Sucidaua,tail,,Cuneus equitum stablesianorum,moesiae secundae,,,moesiae secundae,moesiae secundae,,Dux Moesiae secundae / Dux Moesiae secundae / Sub dispositione viri spectabilis ducis moesiae secundae
OCC000634,Oriens,Dux Moesiae secundae,1224,Ansamo,tail,,Milites praeventores,Moesiae secundae,,,Moesiae secundae,Moesiae secundae,,Dux Moesiae secundae / Dux Moesiae secundae / Auxiliares
OCC000635,Oriens,Dux Moesiae secundae,1225,Trimammio,tail,,Milites Constantini,Moesiae secundae,,,Moesiae secundae,Moesiae secundae,,Dux Moesiae secundae / Dux Moesiae secundae / Auxiliares
OCC000636,Oriens,Dux Moesiae secundae,1226,Mediolana,tail,,Milites Dacisci,Moesiae secundae,,,Moesiae secundae,Moesiae secundae,,Dux Moesiae secundae / Dux Moesiae secundae / Auxiliares
OCC000637,Oriens,Dux Moesiae secundae,1227,Appiaria,tail,,Milites tertii navclarii,Moesiae secundae,,,Moesiae secundae,Moesiae secundae,,Dux Moesiae secundae / Dux Moesiae secundae / Auxiliares
OCC000638,Oriens,Dux Moesiae secundae,1228,Transmariscae,tail,,Milites Novenses,Moesiae secundae,,,Moesiae secundae,Moesiae secundae,,Dux Moesiae secundae / Dux Moesiae secundae / Auxiliares
OCC000639,Oriens,Dux Moesiae secundae,1229,Candidiana,tail,,Milites primi Moesiaci,Moesiae secundae,,,Moesiae secundae,Moesiae secundae,,Dux Moesiae secundae / Dux Moesiae secundae / Auxiliares
OCC000640,Oriens,Dux Moesiae secundae,1230,Teglicio,tail,,Milites Moesiaci,Moesiae secundae,,,Moesiae secundae,Moesiae secundae,,Dux Moesiae secundae / Dux Moesiae secundae / Auxiliares
OCC000641,Oriens,Dux Moesiae secundae,1231,Durostoro,tail,,Milites quarti Constantiani,Moesiae secundae,,,Moesiae secundae,Moesiae secundae,,Dux Moesiae secundae / Dux Moesiae secundae / Auxiliares
OCC000642,Oriens,Dux Moesiae secundae,1232,Cimbrianis,tail,,Milites Cimbriani,Moesiae secundae,,,Moesiae secundae,Moesiae secundae,,Dux Moesiae secundae / Dux Moesiae secundae / Auxiliares
OCC000643,Oriens,Dux Moesiae secundae,1233,Altino,tail,,Milites navclarii Altinenses,Moesiae secundae,,,Moesiae secundae,Moesiae secundae,,Dux Moesiae secundae / Dux Moesiae secundae / Auxiliares
OCC000644,Oriens,Dux Moesiae secundae,1235,Nouas,tail,Praefectus,legionis primae Italicae,Moesiae secundae,,,Moesiae secundae,Moesiae secundae,,Dux Moesiae secundae / Dux Moesiae secundae / Item legiones riparienses
OCC000645,Oriens,Dux Moesiae secundae,1236,Nouas,tail,Praefectus,ripae legionis primae Italicae cohortis quintae pedaturae superioris,Moesiae secundae,,,Moesiae secundae,Moesiae secundae,,Dux Moesiae secundae / Dux Moesiae secundae / Item legiones riparienses
OCC000646,Oriens,Dux Moesiae secundae,1237,Sexagintaprista,tail,Praefectus,ripae legionis primae Italicae cohortis quintae pedaturae inferioris,Moesiae secundae,,,Moesiae secundae,Moesiae secundae,,Dux Moesiae secundae / Dux Moesiae secundae / Item legiones riparienses
OCC000647,Oriens,Dux Moesiae secundae,1238,Durostoro,tail,Praefectus,legionis undecimae Claudiae,Moesiae secundae,,,Moesiae secundae,Moesiae secundae,,Dux Moesiae secundae / Dux Moesiae secundae / Item legiones riparienses
OCC000648,Oriens,Dux Moesiae secundae,1239,Transmariscae,tail,Praefectus,ripae legionis undecimae Claudiae cohortis quintae pedaturae superioris,Moesiae secundae,,,Moesiae secundae,Moesiae secundae,,Dux Moesiae secundae / Dux Moesiae secundae / Item legiones riparienses
OCC000649,Oriens,Dux Moesiae secundae,1240,Transmariscae,tail,Praefectus,ripae legionis undecimae Claudiae cohortis quintae pedaturae inferioris,Moesiae secundae,,,Moesiae secundae,Moesiae secundae,,Dux Moesiae secundae / Dux Moesiae secundae / Item legiones riparienses
OCC000650,Oriens,Dux Moesiae secundae,1251,Ulucitra,tail,,Cohors quarta Gallorum,Rhodopa,,Rhodopa,Moesiae secundae,Rhodopa,,Dux Moesiae secundae / Dux Moesiae secundae / Et quae de minore laterculo emittuntur / In provincia Rhodopa
OCC000651,Oriens,Dux Moesiae secundae,1253,sub Radice - Viamata,tail,,Cohors prima Aureliana,Thracia,,Thracia,Moesiae secundae,Thracia,,Dux Moesiae secundae / Dux Moesiae secundae / Et quae de minore laterculo emittuntur / In provincia Thracia
OCC000652,Oriens,Dux Moesiae secundae,1254,Drasdea,tail,,Cohors tertia Valeria Bacarum,Thracia,,Thracia,Moesiae secundae,Thracia,,Dux Moesiae secundae / Dux Moesiae secundae / Et quae de minore laterculo emittuntur / In provincia Thracia
OCC000653,Oriens,Dux Moesiae primae,1260,Pinco,tail,,Cuneus equtum Constantacorum,Moesiae primae,,,Moesiae primae,Moesiae primae,,Dux Moesiae primae / Dux Moesiae primae / Sub dispositione viri spectabilis ducis Moesiae primae
OCC000654,Oriens,Dux Moesiae primae,1261,Flaviana,tail,,Cuneus equtum promotorum,Moesiae primae,,,Moesiae primae,Moesiae primae,,Dux Moesiae primae / Dux Moesiae primae / Sub dispositione viri spectabilis ducis Moesiae primae
OCC000655,Oriens,Dux Moesiae primae,1262,Tricornio,tail,,Cuneus equtum sagittariorum,Moesiae primae,,,Moesiae primae,Moesiae primae,,Dux Moesiae primae / Dux Moesiae primae / Sub dispositione viri spectabilis ducis Moesiae primae
OCC000656,Oriens,Dux Moesiae primae,1263,Aureomonto,tail,,Cuneus equtum Dalmatarum,Moesiae primae,,,Moesiae primae,Moesiae primae,,Dux Moesiae primae / Dux Moesiae primae / Sub dispositione viri spectabilis ducis Moesiae primae
OCC000657,Oriens,Dux Moesiae primae,1264,Viminacio,tail,,Cuneus equtum promotorum,Moesiae primae,,,Moesiae primae,Moesiae primae,,Dux Moesiae primae / Dux Moesiae primae / Sub dispositione viri spectabilis ducis Moesiae primae
OCC000658,Oriens,Dux Moesiae primae,1265,Laedenatae,tail,,Cuneus equtum sagittariorum,Moesiae primae,,,Moesiae primae,Moesiae primae,,Dux Moesiae primae / Dux Moesiae primae / Sub dispositione viri spectabilis ducis Moesiae primae
OCC000659,Oriens,Dux Moesiae primae,1266,Pinco,tail,,Cuneus equtum Dalmatarum,Moesiae primae,,,Moesiae primae,Moesiae primae,,Dux Moesiae primae / Dux Moesiae primae / Sub dispositione viri spectabilis ducis Moesiae primae
OCC000660,Oriens,Dux Moesiae primae,1267,Cuppis,tail,,Cuneus equtum Dalmatarum,Moesiae primae,,,Moesiae primae,Moesiae primae,,Dux Moesiae primae / Dux Moesiae primae / Sub dispositione viri spectabilis ducis Moesiae primae
OCC000661,Oriens,Dux Moesiae primae,1272,Margo,tail,,Auxilium Margense,Moesiae primae,,,Moesiae primae,Moesiae primae,,Dux Moesiae primae / Dux Moesiae primae / Auxiliares
OCC000662,Oriens,Dux Moesiae primae,1273,Cuppis,tail,,Auxilium Cuppense,Moesiae primae,,,Moesiae primae,Moesiae primae,,Dux Moesiae primae / Dux Moesiae primae / Auxiliares
OCC000663,Oriens,Dux Moesiae primae,1274,Gratiana,tail,,Auxilium Gratianense,Moesiae primae,,,Moesiae primae,Moesiae primae,,Dux Moesiae primae / Dux Moesiae primae / Auxiliares
OCC000664,Oriens,Dux Moesiae primae,1275,Taliata,tail,,Auxilium Taliatense,Moesiae primae,,,Moesiae primae,Moesiae primae,,Dux Moesiae primae / Dux Moesiae primae / Auxiliares
OCC000665,Oriens,Dux Moesiae primae,1276,Tricornio,tail,,Auxilium Aureomontanum,Moesiae primae,,,Moesiae primae,Moesiae primae,,Dux Moesiae primae / Dux Moesiae primae / Auxiliares
OCC000666,Oriens,Dux Moesiae primae,1278,Singiduno,tail,Praefectus,legionis quartae Flaviae,Moesiae primae,,,Moesiae primae,Moesiae primae,,Dux Moesiae primae / Dux Moesiae primae / Item legiones
OCC000667,Oriens,Dux Moesiae primae,1279,Cuppis,tail,Praefectus,legionis septimae Claudiae,Moesiae primae,,,Moesiae primae,Moesiae primae,,Dux Moesiae primae / Dux Moesiae primae / Item legiones
OCC000668,Oriens,Dux Moesiae primae,1281,Novis,tail,Praefectus,militum exploratorum,Moesiae primae,,,Moesiae primae,Moesiae primae,,Dux Moesiae primae / Dux Moesiae primae / Item legiones
OCC000669,Oriens,Dux Moesiae primae,1282,Taliatae,tail,Praefectus,militum exploratorum,Moesiae primae,,,Moesiae primae,Moesiae primae,,Dux Moesiae primae / Dux Moesiae primae / Item legiones
OCC000670,Oriens,Dux Moesiae primae,1283,Laedemata,tail,Praefectus,militum Vincentiensium,Moesiae primae,,,Moesiae primae,Moesiae primae,,Dux Moesiae primae / Dux Moesiae primae / Item legiones
OCC000671,Oriens,Dux Moesiae primae,1284,Zmirnae,tail,Praefectus,militum exploratorum,Moesiae primae,,,Moesiae primae,Moesiae primae,,Dux Moesiae primae / Dux Moesiae primae / Item legiones
OCC000672,Oriens,Dux Moesiae primae,1285,Viminacio,tail,Praefectus,classis Histricae,Moesiae primae,,,Moesiae primae,Moesiae primae,,Dux Moesiae primae / Dux Moesiae primae / Item legiones
OCC000673,Oriens,Dux Moesiae primae,1286,Margo,tail,Praefectus,classis Stradensis et Germensis,Moesiae primae,,,Moesiae primae,Moesiae primae,,Dux Moesiae primae / Dux Moesiae primae / Item legiones
OCC000674,Oriens,Dux Daciae ripensis,1299,Bononia,tail,,Cuneus equitum Dalmatarum Fortensium,Daciae ripensis,,,Daciae ripensis,Daciae ripensis,,Dux Daciae ripensis / Dux Daciae ripensis / Sub dispositione viri spectabilis ducis Daciae ripensis
OCC000675,Oriens,Dux Daciae ripensis,1300,Dortico,tail,,Cuneus equitum Dalmatarum Divitensium,Daciae ripensis,,,Daciae ripensis,Daciae ripensis,,Dux Daciae ripensis / Dux Daciae ripensis / Sub dispositione viri spectabilis ducis Daciae ripensis
OCC000676,Oriens,Dux Daciae ripensis,1301,Cebro,tail,,Cuneus equitum scutariorum,Daciae ripensis,,,Daciae ripensis,Daciae ripensis,,Dux Daciae ripensis / Dux Daciae ripensis / Sub dispositione viri spectabilis ducis Daciae ripensis
OCC000677,Oriens,Dux Daciae ripensis,1302,Drobeta,tail,,Cuneus equitum Dalmatarum Divitensium,Daciae ripensis,,,Daciae ripensis,Daciae ripensis,,Dux Daciae ripensis / Dux Daciae ripensis / Sub dispositione viri spectabilis ducis Daciae ripensis
OCC000678,Oriens,Dux Daciae ripensis,1303,Augustae,tail,,Cuneus equitum Dalmatarum,Daciae ripensis,,,Daciae ripensis,Daciae ripensis,,Dux Daciae ripensis / Dux Daciae ripensis / Sub dispositione viri spectabilis ducis Daciae ripensis
OCC000679,Oriens,Dux Daciae ripensis,1304,Varina,tail,,Cuneus equitum Dalmatarum,Daciae ripensis,,,Daciae ripensis,Daciae ripensis,,Dux Daciae ripensis / Dux Daciae ripensis / Sub dispositione viri spectabilis ducis Daciae ripensis
OCC000680,Oriens,Dux Daciae ripensis,1305,Almo,tail,,Cuneus equitum stablesianorum,Daciae ripensis,,,Daciae ripensis,Daciae ripensis,,Dux Daciae ripensis / Dux Daciae ripensis / Sub dispositione viri spectabilis ducis Daciae ripensis
OCC000681,Oriens,Dux Daciae ripensis,1306,Aegetae,tail,,Cuneus equitum scutariorum,Daciae ripensis,,,Daciae ripensis,Daciae ripensis,,Dux Daciae ripensis / Dux Daciae ripensis / Sub dispositione viri spectabilis ducis Daciae ripensis
OCC000682,Oriens,Dux Daciae ripensis,1307,Uto,tail,,Cuneus equitum Constantinianorum,Daciae ripensis,,,Daciae ripensis,Daciae ripensis,,Dux Daciae ripensis / Dux Daciae ripensis / Sub dispositione viri spectabilis ducis Daciae ripensis
OCC000683,Oriens,Dux Daciae ripensis,1309,Transalba,tail,,Auxilium Miliarensium,Daciae ripensis,,,Daciae ripensis,Daciae ripensis,,Dux Daciae ripensis / Dux Daciae ripensis / Auxiliares
OCC000684,Oriens,Dux Daciae ripensis,1310,Drobeta,tail,,Auxilium primorum Daciscorum,Daciae ripensis,,,Daciae ripensis,Daciae ripensis,,Dux Daciae ripensis / Dux Daciae ripensis / Auxiliares
OCC000685,Oriens,Dux Daciae ripensis,1311,Crispitia,tail,,Auxilium Crispitiense,Daciae ripensis,,,Daciae ripensis,Daciae ripensis,,Dux Daciae ripensis / Dux Daciae ripensis / Auxiliares
OCC000686,Oriens,Dux Daciae ripensis,1312,Oesco,tail,,Auxilium Mariensium,Daciae ripensis,,,Daciae ripensis,Daciae ripensis,,Dux Daciae ripensis / Dux Daciae ripensis / Auxiliares
OCC000687,Oriens,Dux Daciae ripensis,1313,Transluco,tail,,Auxilium Claustrinorum,Daciae ripensis,,,Daciae ripensis,Daciae ripensis,,Dux Daciae ripensis / Dux Daciae ripensis / Auxiliares
OCC000688,Oriens,Dux Daciae ripensis,1314,Burgo Zono,tail,,Auxilium secundorum Daciscorum,Daciae ripensis,,,Daciae ripensis,Daciae ripensis,,Dux Daciae ripensis / Dux Daciae ripensis / Auxiliares
OCC000689,Oriens,Dux Daciae ripensis,1315,Transdiernis,tail,Praefectus,militum exploratorum,Daciae ripensis,,,Daciae ripensis,Daciae ripensis,,Dux Daciae ripensis / Dux Daciae ripensis / Auxiliares
OCC000690,Oriens,Dux Daciae ripensis,1317,Variniana,tail,Praefectus,legionis quintae Macedonicae,Daciae ripensis,,,Daciae ripensis,Daciae ripensis,,Dux Daciae ripensis / Dux Daciae ripensis / Item legiones
OCC000691,Oriens,Dux Daciae ripensis,1318,Cebro,tail,Praefectus,legionis quintae Macedonicae,Daciae ripensis,,,Daciae ripensis,Daciae ripensis,,Dux Daciae ripensis / Dux Daciae ripensis / Item legiones
OCC000692,Oriens,Dux Daciae ripensis,1319,Oesco,tail,Praefectus,legionis quintae Macedonicae,Daciae ripensis,,,Daciae ripensis,Daciae ripensis,,Dux Daciae ripensis / Dux Daciae ripensis / Item legiones
OCC000693,Oriens,Dux Daciae ripensis,1320,Aegeta,tail,Praefectus,legionis tertiaedecimae geminae,Daciae ripensis,,,Daciae ripensis,Daciae ripensis,,Dux Daciae ripensis / Dux Daciae ripensis / Item legiones
OCC000694,Oriens,Dux Daciae ripensis,1321,Transdrobeta,tail,Praefectus,legionis tertiaedecimae geminae,Daciae ripensis,,,Daciae ripensis,Daciae ripensis,,Dux Daciae ripensis / Dux Daciae ripensis / Item legiones
OCC000695,Oriens,Dux Daciae ripensis,1322,Burgo Novo,tail,Praefectus,legionis tertiaedecimae geminae,Daciae ripensis,,,Daciae ripensis,Daciae ripensis,,Dux Daciae ripensis / Dux Daciae ripensis / Item legiones
OCC000696,Oriens,Dux Daciae ripensis,1323,Zernis,tail,Praefectus,legionis tertiaedecimae geminae,Daciae ripensis,,,Daciae ripensis,Daciae ripensis,,Dux Daciae ripensis / Dux Daciae ripensis / Item legiones
OCC000697,Oriens,Dux Daciae ripensis,1324,Ratiaria,tail,Praefectus,legionis tertiaedecimae geminae,Daciae ripensis,,,Daciae ripensis,Daciae ripensis,,Dux Daciae ripensis / Dux Daciae ripensis / Item legiones
OCC000698,Oriens,Dux Daciae ripensis,1325,Sucidaua,tail,Praefectus,legionis quintae Macedonicae,Daciae ripensis,,,Daciae ripensis,Daciae ripensis,,Dux Daciae ripensis / Dux Daciae ripensis / Item legiones
OCC000699,Oriens,Dux Daciae ripensis,1326,Siosta,tail,Tribunus,cohortis secundorum reducum,Daciae ripensis,,,Daciae ripensis,Daciae ripensis,,Dux Daciae ripensis / Dux Daciae ripensis / Item legiones
OCC000700,Oriens,Dux Daciae ripensis,1328,Aegetae,tail,Praefectus,classis Histricae,Daciae ripensis,,,Daciae ripensis,Daciae ripensis,,Dux Daciae ripensis / Dux Daciae ripensis / Item legiones
