occurrenceId,document,chapter,sourceLine,placeName,placeSource,office,unit,declaredProvince,explicitProvince,hardProvince,softProvince,expectedProvince,region,contextText,candidateRank,pleiadesId,pleiadesName,candidate,rule,tier,latitude,longitude,featureType,gisProvince,geojsonId,nearestProvince,nearestGeojsonId,nearestKm,nameSimilarity,contextStatus,contextScore,similarity
OCC000001,Occidentis,Notitia dignitatum omnium tam civilium quam militarium in partibus Occidentis,41,Mauretaniae Caesariensis,limes,,Limitis Mauretaniae Caesariensis,,,,,,,Notitia dignitatum omnium tam civilium quam militarium in partibus Occidentis / Notitia dignitatum omnium tam civilium quam militarium in partibus Occidentis / Duces duodecim,1,1119,Mauretania,Mauretania,first_word_case,1,32.5,-2.5,unknown,,,MAURETANIA CAESARIENSIS,12,137.26,1.0,NO_POLYGON,0.000,1.000
OCC000001,Occidentis,Notitia dignitatum omnium tam civilium quam militarium in partibus Occidentis,41,Mauretaniae Caesariensis,limes,,Limitis Mauretaniae Caesariensis,,,,,,,Notitia dignitatum omnium tam civilium quam militarium in partibus Occidentis / Notitia dignitatum omnium tam civilium quam militarium in partibus Occidentis / Duces duodecim,2,305106,Mauretania,Mauretania,first_word_case,1,36.607058,2.1918495,unknown,,,MAURETANIA CAESARIENSIS,12,0.36,1.0,NO_POLYGON,0.000,1.000
OCC000007,Occidentis,Insignia viri illustris magistri officiorum,722,Concordensis,factory,,Concordensis sagittaria,,,,,,ITALIA,Insignia viri illustris magistri officiorum / Insignia viri illustris magistri officiorum / Fabricae infrascriptae / Italiae,1,108897,Concordia,Concordia,toponymic_ensis,1,49.030361,7.968095,unknown,GERMANIA I,93,,,,1.0,REGION_MISMATCH,0.000,1.000
OCC000007,Occidentis,Insignia viri illustris magistri officiorum,722,Concordensis,factory,,Concordensis sagittaria,,,,,,ITALIA,Insignia viri illustris magistri officiorum / Insignia viri illustris magistri officiorum / Fabricae infrascriptae / Italiae,2,240912,Concordia,Concordia,toponymic_ensis,1,,,unknown,,,,,,1.0,REGION_UNVERIFIED,0.000,1.000
OCC000007,Occidentis,Insignia viri illustris magistri officiorum,722,Concordensis,factory,,Concordensis sagittaria,,,,,,ITALIA,Insignia viri illustris magistri officiorum / Insignia viri illustris magistri officiorum / Fabricae infrascriptae / Italiae,3,260540,Concordia,Concordia,toponymic_ensis,1,,,unknown,,,,,,1.0,REGION_UNVERIFIED,0.000,1.000
OCC000028,Occidentis,Insignia viri illustris comitis sacrarum largitionum,782,Augustae Vindelicensis,unit,Praepositus,thesaurorum Augustae Vindelicensis,Raetiae secundae,,Raetiae secundae,,Raetiae secundae,ITALIA,Insignia viri illustris comitis sacrarum largitionum / Insignia viri illustris comitis sacrarum largitionum / Praepositi thesauroum / Per Italiam,1,471887,Augustae,Augustae,first_word,1,40.071704,9.088906,unknown,SARDINIA,34,,,,1.0,HARD_MISMATCH,0.375,1.000
OCC000028,Occidentis,Insignia viri illustris comitis sacrarum largitionum,782,Augustae Vindelicensis,unit,Praepositus,thesaurorum Augustae Vindelicensis,Raetiae secundae,,Raetiae secundae,,Raetiae secundae,ITALIA,Insignia viri illustris comitis sacrarum largitionum / Insignia viri illustris comitis sacrarum largitionum / Praepositi thesauroum / Per Italiam,2,79574,Augusta,Augusta,first_word_case,1,51.513335,-0.088949,unknown,BRITANNIAE I AND II,96,,,,1.0,HARD_MISMATCH,0.365,1.000
OCC000028,Occidentis,Insignia viri illustris comitis sacrarum largitionum,782,Augustae Vindelicensis,unit,Praepositus,thesaurorum Augustae Vindelicensis,Raetiae secundae,,Raetiae secundae,,Raetiae secundae,ITALIA,Insignia viri illustris comitis sacrarum largitionum / Insignia viri illustris comitis sacrarum largitionum / Praepositi thesauroum / Per Italiam,3,216719,Augustae,Augustae,first_word,1,43.728324,23.814316,unknown,DACIA RIPENSIS,71,,,,1.0,HARD_MISMATCH,0.357,1.000
OCC000028,Occidentis,Insignia viri illustris comitis sacrarum largitionum,782,Augustae Vindelicensis,unit,Praepositus,thesaurorum Augustae Vindelicensis,Raetiae secundae,,Raetiae secundae,,Raetiae secundae,ITALIA,Insignia viri illustris comitis sacrarum largitionum / Insignia viri illustris comitis sacrarum largitionum / Praepositi thesauroum / Per Italiam,4,206935,Augusta,Augusta,first_word_case,1,43.5,23.5,unknown,DACIA RIPENSIS,71,,,,1.0,HARD_MISMATCH,0.357,1.000
OCC000028,Occidentis,Insignia viri illustris comitis sacrarum largitionum,782,Augustae Vindelicensis,unit,Praepositus,thesaurorum Augustae Vindelicensis,Raetiae secundae,,Raetiae secundae,,Raetiae secundae,ITALIA,Insignia viri illustris comitis sacrarum largitionum / Insignia viri illustris comitis sacrarum largitionum / Praepositi thesauroum / Per Italiam,5,393386,Augusta,Augusta,first_word_case,1,44.75,12.25,unknown,AEMILIA ET LIGURIA,77,,,,1.0,HARD_MISMATCH,0.310,1.000
OCC000040,Occidentis,Insignia viri illustris comitis sacrarum largitionum,798,Bassianensis,unit,Procurator,gynaecii Bassianensis,,,,,,,Insignia viri illustris comitis sacrarum largitionum / Insignia viri illustris comitis sacrarum largitionum / Procuratores gynaeciorum,1,197160,Bassiana,Bassiana,toponymic_ensis,1,47.254062,16.935227,unknown,PANNONIA SUPERIOR,86,,,,1.0,NO_CONTEXT,0.000,1.000
OCC000040,Occidentis,Insignia viri illustris comitis sacrarum largitionum,798,Bassianensis,unit,Procurator,gynaecii Bassianensis,,,,,,,Insignia viri illustris comitis sacrarum largitionum / Insignia viri illustris comitis sacrarum largitionum / Procuratores gynaeciorum,2,206960,Bassiana,Bassiana,toponymic_ensis,1,44.968484,19.975113,unknown,PANNONIA INFERIOR,76,,,,1.0,NO_CONTEXT,0.000,1.000
OCC000040,Occidentis,Insignia viri illustris comitis sacrarum largitionum,798,Bassianensis,unit,Procurator,gynaecii Bassianensis,,,,,,,Insignia viri illustris comitis sacrarum largitionum / Insignia viri illustris comitis sacrarum largitionum / Procuratores gynaeciorum,3,874643,Bassiane,Bassiane,toponymic_ensis,1,39.5,41.5,unknown,,,ARMENIA MINOR,64,156.98,1.0,NO_POLYGON,0.000,1.000
OCC000041,Occidentis,Insignia viri illustris comitis sacrarum largitionum,798,Salonis,transfer,Procurator,gynaecii Bassianensis,,,,,,,Insignia viri illustris comitis sacrarum largitionum / Insignia viri illustris comitis sacrarum largitionum / Procuratores gynaeciorum,1,109300,Sablones,Salones,original_case,0,51.372731,6.172374,unknown,GERMANIA II,95,,,,0.875,NO_CONTEXT,0.000,0.875
OCC000043,Occidentis,Insignia viri illustris comitis sacrarum largitionum,800,Iovensis,unit,Procurator,gynaecii Iovensis Dalmatiae - Aspalato,dalmatiae,,dalmatiae,,dalmatiae,,Insignia viri illustris comitis sacrarum largitionum / Insignia viri illustris comitis sacrarum largitionum / Procuratores gynaeciorum,1,197191,Iovia,Iovia,toponymic_ensis,1,45.854409,17.51076,unknown,SAVIA,79,,,,1.0,HARD_MISMATCH,0.375,1.000
OCC000043,Occidentis,Insignia viri illustris comitis sacrarum largitionum,800,Iovensis,unit,Procurator,gynaecii Iovensis Dalmatiae - Aspalato,dalmatiae,,dalmatiae,,dalmatiae,,Insignia viri illustris comitis sacrarum largitionum / Insignia viri illustris comitis sacrarum largitionum / Procuratores gynaeciorum,2,197326,Iovia,Iovia,toponymic_ensis,1,46.253769,16.61509,unknown,SAVIA,79,,,,1.0,HARD_MISMATCH,0.375,1.000
OCC000043,Occidentis,Insignia viri illustris comitis sacrarum largitionum,800,Iovensis,unit,Procurator,gynaecii Iovensis Dalmatiae - Aspalato,dalmatiae,,dalmatiae,,dalmatiae,,Insignia viri illustris comitis sacrarum largitionum / Insignia viri illustris comitis sacrarum largitionum / Procuratores gynaeciorum,3,197327,Iovia,Iovia,toponymic_ensis,1,46.427019,18.083331,unknown,PANNONIA SUPERIOR,86,,,,1.0,HARD_MISMATCH,0.375,1.000
OCC000043,Occidentis,Insignia viri illustris comitis sacrarum largitionum,800,Iovensis,unit,Procurator,gynaecii Iovensis Dalmatiae - Aspalato,dalmatiae,,dalmatiae,,dalmatiae,,Insignia viri illustris comitis sacrarum largitionum / Insignia viri illustris comitis sacrarum largitionum / Procuratores gynaeciorum,4,642530,Iovia,Iovia,toponymic_ensis,1,,,unknown,,,,,,1.0,HARD_UNVERIFIED,0.000,1.000
OCC000043,Occidentis,Insignia viri illustris comitis sacrarum largitionum,800,Iovensis,unit,Procurator,gynaecii Iovensis Dalmatiae - Aspalato,dalmatiae,,dalmatiae,,dalmatiae,,Insignia viri illustris comitis sacrarum largitionum / Insignia viri illustris comitis sacrarum largitionum / Procuratores gynaeciorum,5,786042,Iovis,Iovis,toponymic_ensis,1,25.151713,34.056443,unknown,,,THEBAIS,1,42.41,1.0,HARD_UNVERIFIED,0.000,1.000
OCC000057,Occidentis,Insignia viri illustris comitis sacrarum largitionum,811,Ventensis,unit,Procurator,gynaecii (in Britannis) Ventensis,,,,,,Britannis,Insignia viri illustris comitis sacrarum largitionum / Insignia viri illustris comitis sacrarum largitionum / Procuratores gynaeciorum,1,79734,Venta,Venta,toponymic_ensis,1,51.063,-1.317,settlement,BRITANNIAE I AND II,96,,,,1.0,NO_CONTEXT,0.000,1.000
OCC000057,Occidentis,Insignia viri illustris comitis sacrarum largitionum,811,Ventensis,unit,Procurator,gynaecii (in Britannis) Ventensis,,,,,,Britannis,Insignia viri illustris comitis sacrarum largitionum / Insignia viri illustris comitis sacrarum largitionum / Procuratores gynaeciorum,2,79735,Venta,Venta,toponymic_ensis,1,52.5835,1.2909,settlement,BRITANNIAE I AND II,96,,,,1.0,NO_CONTEXT,0.000,1.000
OCC000057,Occidentis,Insignia viri illustris comitis sacrarum largitionum,811,Ventensis,unit,Procurator,gynaecii (in Britannis) Ventensis,,,,,,Britannis,Insignia viri illustris comitis sacrarum largitionum / Insignia viri illustris comitis sacrarum largitionum / Procuratores gynaeciorum,3,79733,Venta,Venta,toponymic_ensis,1,51.61124,-2.768088,unknown,BRITANNIAE I AND II,96,,,,1.0,NO_CONTEXT,0.000,1.000
OCC000058,Occidentis,Insignia viri illustris comitis sacrarum largitionum,813,Viennensis,unit,Procurator,linyfii Viennensis,,,,,,Galliarum,Insignia viri illustris comitis sacrarum largitionum / Insignia viri illustris comitis sacrarum largitionum / Procuratores linyfiorum,1,991340,Viennensis,Viennensis,original,0,42.5,7.5,unknown,,,CORSICA,46,89.23,1.0,NO_POLYGON,0.000,1.000
OCC000058,Occidentis,Insignia viri illustris comitis sacrarum largitionum,813,Viennensis,unit,Procurator,linyfii Viennensis,,,,,,Galliarum,Insignia viri illustris comitis sacrarum largitionum / Insignia viri illustris comitis sacrarum largitionum / Procuratores linyfiorum,2,992074,Viennensis,Viennensis,original,0,42.5,-2.5,unknown,TARRACONENSIS,61,,,,1.0,NO_CONTEXT,0.000,1.000
OCC000058,Occidentis,Insignia viri illustris comitis sacrarum largitionum,813,Viennensis,unit,Procurator,linyfii Viennensis,,,,,,Galliarum,Insignia viri illustris comitis sacrarum largitionum / Insignia viri illustris comitis sacrarum largitionum / Procuratores linyfiorum,3,128537,Vienna,Vienna,toponymic_ensis,1,48.211345,16.373946,unknown,NORICUM RIPENSE,89,,,,1.0,NO_CONTEXT,0.000,1.000
OCC000058,Occidentis,Insignia viri illustris comitis sacrarum largitionum,813,Viennensis,unit,Procurator,linyfii Viennensis,,,,,,Galliarum,Insignia viri illustris comitis sacrarum largitionum / Insignia viri illustris comitis sacrarum largitionum / Procuratores linyfiorum,4,167719,Vienne,Vienne,toponymic_ensis,1,45.524817,4.878717,unknown,VIENNENSIS,78,,,,1.0,NO_CONTEXT,0.000,1.000
OCC000058,Occidentis,Insignia viri illustris comitis sacrarum largitionum,813,Viennensis,unit,Procurator,linyfii Viennensis,,,,,,Galliarum,Insignia viri illustris comitis sacrarum largitionum / Insignia viri illustris comitis sacrarum largitionum / Procuratores linyfiorum,5,138652,Vienne,Vienne,toponymic_ensis,1,45.6838586,2.0783742,river,AQUITANIA I,83,,,,1.0,NO_CONTEXT,0.000,1.000
OCC000062,Occidentis,Insignia viri illustris comitis sacrarum largitionum,818,Cissensis,unit,Procurator,bafii Cissensis,Venetiae et Histriae,,Venetiae et Histriae,,Venetiae et Histriae,,Insignia viri illustris comitis sacrarum largitionum / Insignia viri illustris comitis sacrarum largitionum / Procuratores bafiorum,1,295253,Cissi,Cissi,toponymic_ensis,1,36.876494,3.740818,unknown,MAURETANIA CAESARIENSIS,12,,,,1.0,HARD_MISMATCH,0.422,1.000
OCC000062,Occidentis,Insignia viri illustris comitis sacrarum largitionum,818,Cissensis,unit,Procurator,bafii Cissensis,Venetiae et Histriae,,Venetiae et Histriae,,Venetiae et Histriae,,Insignia viri illustris comitis sacrarum largitionum / Insignia viri illustris comitis sacrarum largitionum / Procuratores bafiorum,2,197210,Cissa,Cissa,toponymic_ensis,1,44.550965,14.918037,unknown,DALMATIA,72,,,,1.0,HARD_MISMATCH,0.312,1.000
OCC000062,Occidentis,Insignia viri illustris comitis sacrarum largitionum,818,Cissensis,unit,Procurator,bafii Cissensis,Venetiae et Histriae,,Venetiae et Histriae,,Venetiae et Histriae,,Insignia viri illustris comitis sacrarum largitionum / Insignia viri illustris comitis sacrarum largitionum / Procuratores bafiorum,3,197211,Cissa,Cissa,toponymic_ensis,1,44.54,14.91,island,DALMATIA,72,,,,1.0,HARD_MISMATCH,0.312,1.000
OCC000062,Occidentis,Insignia viri illustris comitis sacrarum largitionum,818,Cissensis,unit,Procurator,bafii Cissensis,Venetiae et Histriae,,Venetiae et Histriae,,Venetiae et Histriae,,Insignia viri illustris comitis sacrarum largitionum / Insignia viri illustris comitis sacrarum largitionum / Procuratores bafiorum,4,246452,Cissis,Cissis,toponymic_ensis,1,41.089418,1.185439,unknown,,,TARRACONENSIS,61,0.78,1.0,HARD_NEAR_MISMATCH,0.170,1.000
OCC000062,Occidentis,Insignia viri illustris comitis sacrarum largitionum,818,Cissensis,unit,Procurator,bafii Cissensis,Venetiae et Histriae,,Venetiae et Histriae,,Venetiae et Histriae,,Insignia viri illustris comitis sacrarum largitionum / Insignia viri illustris comitis sacrarum largitionum / Procuratores bafiorum,5,711224,Cissus,Cissus,toponymic_ensis,1,,,unknown,,,,,,1.0,HARD_UNVERIFIED,0.000,1.000
OCC000064,Occidentis,Insignia viri illustris comitis sacrarum largitionum,821,Girbitani,unit,Procurator,bafii Girbitani,Tripolitanae,,Tripolitanae,,Tripolitanae,,Insignia viri illustris comitis sacrarum largitionum / Insignia viri illustris comitis sacrarum largitionum / Procuratores bafiorum,1,344383,Girba,Girba,toponymic_alias,0,33.877937,10.857207,unknown,TRIPOLITANA,4,,,,1.0,HARD_MATCH,1.000,1.000
OCC000064,Occidentis,Insignia viri illustris comitis sacrarum largitionum,821,Girbitani,unit,Procurator,bafii Girbitani,Tripolitanae,,Tripolitanae,,Tripolitanae,,Insignia viri illustris comitis sacrarum largitionum / Insignia viri illustris comitis sacrarum largitionum / Procuratores bafiorum,2,344440,Girba,Girba,toponymic_alias,0,33.783333,10.883333,island,TRIPOLITANA,4,,,,1.0,HARD_MATCH,1.000,1.000
OCC000066,Occidentis,Insignia viri illustris comitis sacrarum largitionum,823,Telonensis,unit,Procurator,bafii Telonensis,,,,,,Galliarum,Insignia viri illustris comitis sacrarum largitionum / Insignia viri illustris comitis sacrarum largitionum / Procuratores bafiorum,1,138613,Telonnum,Telonum,toponymic_ensis,1,44.344703,-0.87479,unknown,AQUITANIA II,84,,,,0.875,NO_CONTEXT,0.000,0.875
OCC000066,Occidentis,Insignia viri illustris comitis sacrarum largitionum,823,Telonensis,unit,Procurator,bafii Telonensis,,,,,,Galliarum,Insignia viri illustris comitis sacrarum largitionum / Insignia viri illustris comitis sacrarum largitionum / Procuratores bafiorum,2,177638,Telonnum,Telonum,toponymic_ensis,1,46.69423,4.138821,unknown,LUGDUNENSIS I,87,,,,0.875,NO_CONTEXT,0.000,0.875
OCC000067,Occidentis,Insignia viri illustris comitis sacrarum largitionum,824,Narbonensis,unit,Procurator,bafii Narbonensis,,,,,,,Insignia viri illustris comitis sacrarum largitionum / Insignia viri illustris comitis sacrarum largitionum / Procuratores bafiorum,1,148141,Narbonensis,Narbonensis,original,0,43.75,4.25,unknown,NARBONENSIS I,63,,,,1.0,NO_CONTEXT,0.000,1.000
OCC000067,Occidentis,Insignia viri illustris comitis sacrarum largitionum,824,Narbonensis,unit,Procurator,bafii Narbonensis,,,,,,,Insignia viri illustris comitis sacrarum largitionum / Insignia viri illustris comitis sacrarum largitionum / Procuratores bafiorum,2,981537,Narbonensis,Narbonensis,original,0,42.4395125,3.1766232,unknown,NARBONENSIS I,63,,,,1.0,NO_CONTEXT,0.000,1.000
OCC000067,Occidentis,Insignia viri illustris comitis sacrarum largitionum,824,Narbonensis,unit,Procurator,bafii Narbonensis,,,,,,,Insignia viri illustris comitis sacrarum largitionum / Insignia viri illustris comitis sacrarum largitionum / Procuratores bafiorum,3,246199,Narbon,Narbon,toponymic_ensis_stem,1,43.2125,3.240278,river,,,NARBONENSIS I,63,0.12,1.0,NO_POLYGON,0.000,1.000
OCC000072,Occidentis,Insignia viri illustris comitis privatarum,878,Viuarensis,unit,Procurator,gynaecei Viuarensis rei privatae Metti translata anhelat,,,,,,,Insignia viri illustris comitis privatarum / Insignia viri illustris comitis privatarum / Sub dispositione viri illustris comitis rerum privatarum,1,167974,Vivarium,Viuarum,toponymic_ensis,1,44.482355,4.688631,unknown,VIENNENSIS,78,,,,0.875,NO_CONTEXT,0.000,0.875
OCC000072,Occidentis,Insignia viri illustris comitis privatarum,878,Viuarensis,unit,Procurator,gynaecei Viuarensis rei privatae Metti translata anhelat,,,,,,,Insignia viri illustris comitis privatarum / Insignia viri illustris comitis privatarum / Sub dispositione viri illustris comitis rerum privatarum,2,452492,Vivarium,Viuarum,toponymic_ensis,1,38.737999,16.55254,unknown,,,LUCANIA ET BRUTTII,31,0.38,0.875,NO_POLYGON,0.000,0.875
OCC000079,Occidentis,Comes Africae,1084,Zabensis,limes,Praepositus,limitis Zabensis,,,,,,,Comes Africae / Comes Africae / Sub dispositione viri spectabilis comitis Africae / Limitanei,1,464208932,Zabum,Zabum,toponymic_ensis,1,42.5,42.5,settlement,,,PONTUS POLEMONIACUS,73,242.14,1.0,NO_POLYGON,0.000,1.000
OCC000079,Occidentis,Comes Africae,1084,Zabensis,limes,Praepositus,limitis Zabensis,,,,,,,Comes Africae / Comes Africae / Sub dispositione viri spectabilis comitis Africae / Limitanei,2,299023,Zabenses,Zabenses,original_case,0,,,unknown,,,,,,1.0,NO_POLYGON,0.000,1.000
OCC000079,Occidentis,Comes Africae,1084,Zabensis,limes,Praepositus,limitis Zabensis,,,,,,,Comes Africae / Comes Africae / Sub dispositione viri spectabilis comitis Africae / Limitanei,3,334668,Zabi,Zabi,toponymic_ensis,1,35.700152,4.545042,unknown,MAURETANIA SITIFENSIS,10,,,,1.0,NO_CONTEXT,0.000,1.000
OCC000079,Occidentis,Comes Africae,1084,Zabensis,limes,Praepositus,limitis Zabensis,,,,,,,Comes Africae / Comes Africae / Sub dispositione viri spectabilis comitis Africae / Limitanei,4,50338,Zaba,Zaba,toponymic_ensis,1,6.4,81.716667,island,,,OSRHOENE,37,5568.65,1.0,NO_POLYGON,0.000,1.000
OCC000084,Occidentis,Comes Africae,1089,Tablatensis,limes,Praepositus,limitis Tablatensis,,,,,,,Comes Africae / Comes Africae / Sub dispositione viri spectabilis comitis Africae / Limitanei,1,344494,Tabalati,Tablati,toponymic_ensis,1,32.930463,10.453562,unknown,TRIPOLITANA,4,,,,0.875,NO_CONTEXT,0.000,0.875
OCC000089,Occidentis,Comes Africae,1093,Bidensis,limes,Praepositus,limitis Bidensis,,,,,,,Comes Africae / Comes Africae / Sub dispositione viri spectabilis comitis Africae / Limitanei,1,295228,Bida,Bida,toponymic_ensis,1,36.682306,4.282988,unknown,MAURETANIA CAESARIENSIS,12,,,,1.0,NO_CONTEXT,0.000,1.000
OCC000089,Occidentis,Comes Africae,1093,Bidensis,limes,Praepositus,limitis Bidensis,,,,,,,Comes Africae / Comes Africae / Sub dispositione viri spectabilis comitis Africae / Limitanei,2,462113,Bidis,Bidis,toponymic_ensis,1,37.062471,14.549924,unknown,SICILIA,18,,,,1.0,NO_CONTEXT,0.000,1.000
OCC000089,Occidentis,Comes Africae,1093,Bidensis,limes,Praepositus,limitis Bidensis,,,,,,,Comes Africae / Comes Africae / Sub dispositione viri spectabilis comitis Africae / Limitanei,3,465868,Bidis,Bidis,toponymic_ensis,1,,,unknown,,,,,,1.0,NO_POLYGON,0.000,1.000
OCC000090,Occidentis,Comes Africae,1094,Badensis,limes,Praepositus,limitis Badensis,,,,,,,Comes Africae / Comes Africae / Sub dispositione viri spectabilis comitis Africae / Limitanei,1,494541,Bada,Bada,toponymic_ensis,1,,,unknown,,,,,,1.0,NO_POLYGON,0.000,1.000
OCC000090,Occidentis,Comes Africae,1094,Badensis,limes,Praepositus,limitis Badensis,,,,,,,Comes Africae / Comes Africae / Sub dispositione viri spectabilis comitis Africae / Limitanei,2,30216,Badis,Badis,toponymic_ensis,1,,,unknown,,,,,,1.0,NO_POLYGON,0.000,1.000
OCC000090,Occidentis,Comes Africae,1094,Badensis,limes,Praepositus,limitis Badensis,,,,,,,Comes Africae / Comes Africae / Sub dispositione viri spectabilis comitis Africae / Limitanei,3,39311,Badis,Badis,toponymic_ensis,1,15.220499,42.980529,unknown,,,THEBAIS,1,1414.49,1.0,NO_POLYGON,0.000,1.000
OCC000095,Occidentis,Comes Tingitaniae,1114,Sala,tail,Tribunus,cohortis,,,,,,,Comes Tingitaniae / Comes Tingitaniae / Sub dispositione viri spectabilis comitis Tingitaniae / Limitanei,1,197482,Sala,Sala,original,0,46.846569,16.585295,unknown,PANNONIA SUPERIOR,86,,,,1.0,NO_CONTEXT,0.000,1.000
OCC000095,Occidentis,Comes Tingitaniae,1114,Sala,tail,Tribunus,cohortis,,,,,,,Comes Tingitaniae / Comes Tingitaniae / Sub dispositione viri spectabilis comitis Tingitaniae / Limitanei,2,256417,Sala,Sala,original,0,37.181512,-5.781536,unknown,BAETICA,25,,,,1.0,NO_CONTEXT,0.000,1.000
OCC000095,Occidentis,Comes Tingitaniae,1114,Sala,tail,Tribunus,cohortis,,,,,,,Comes Tingitaniae / Comes Tingitaniae / Sub dispositione viri spectabilis comitis Tingitaniae / Limitanei,3,275696,Sala,Sala,original,0,34.015037,-6.832732,unknown,MAURETANIA TINGITANA,14,,,,1.0,NO_CONTEXT,0.000,1.000
OCC000095,Occidentis,Comes Tingitaniae,1114,Sala,tail,Tribunus,cohortis,,,,,,,Comes Tingitaniae / Comes Tingitaniae / Sub dispositione viri spectabilis comitis Tingitaniae / Limitanei,4,614824,Sala,Sala,original,0,,,unknown,,,,,,1.0,NO_POLYGON,0.000,1.000
OCC000095,Occidentis,Comes Tingitaniae,1114,Sala,tail,Tribunus,cohortis,,,,,,,Comes Tingitaniae / Comes Tingitaniae / Sub dispositione viri spectabilis comitis Tingitaniae / Limitanei,5,866051,Sala,Sala,original,0,,,unknown,,,,,,1.0,NO_POLYGON,0.000,1.000
OCC000097,Occidentis,Comes Tingitaniae,1116,Tabernas,tail,Tribunus,cohortis tertiae Asturum,,,,,,,Comes Tingitaniae / Comes Tingitaniae / Sub dispositione viri spectabilis comitis Tingitaniae / Limitanei,1,109361,Tabernae,Tabernae,original_case,0,49.668682,6.5162051,unknown,BELGICA I,92,,,,1.0,NO_CONTEXT,0.000,1.000
OCC000097,Occidentis,Comes Tingitaniae,1116,Tabernas,tail,Tribunus,cohortis tertiae Asturum,,,,,,,Comes Tingitaniae / Comes Tingitaniae / Sub dispositione viri spectabilis comitis Tingitaniae / Limitanei,2,109362,Tabernae,Tabernae,original_case,0,49.119313,8.278086,unknown,GERMANIA I,93,,,,1.0,NO_CONTEXT,0.000,1.000
OCC000097,Occidentis,Comes Tingitaniae,1116,Tabernas,tail,Tribunus,cohortis tertiae Asturum,,,,,,,Comes Tingitaniae / Comes Tingitaniae / Sub dispositione viri spectabilis comitis Tingitaniae / Limitanei,3,275729,Tabernae,Tabernae,original_case,0,35.333689,-5.981627,unknown,MAURETANIA TINGITANA,14,,,,1.0,NO_CONTEXT,0.000,1.000
OCC000097,Occidentis,Comes Tingitaniae,1116,Tabernas,tail,Tribunus,cohortis tertiae Asturum,,,,,,,Comes Tingitaniae / Comes Tingitaniae / Sub dispositione viri spectabilis comitis Tingitaniae / Limitanei,4,114798,Taberna,Taberna,original_case,0,,,unknown,,,,,,1.0,NO_POLYGON,0.000,1.000
OCC000100,Occidentis,Comes litoris Saxonici per Britanniam,1138,Dubris,tail,Praepositus,militum Tungrecanorum,,,,,,,Comes litoris Saxonici per Britanniam / Comes litoris Saxonici per Britanniam / Sub dispositione viri spectabilis comitis litoris Saxonici per Britanniam,1,79646,Portus Dubris,Portus Dubris,toponymic_alias,0,51.123013,1.307512,unknown,BRITANNIAE I AND II,96,,,,1.0,NO_CONTEXT,0.000,1.000
OCC000100,Occidentis,Comes litoris Saxonici per Britanniam,1138,Dubris,tail,Praepositus,militum Tungrecanorum,,,,,,,Comes litoris Saxonici per Britanniam / Comes litoris Saxonici per Britanniam / Sub dispositione viri spectabilis comitis litoris Saxonici per Britanniam,2,118912,Portus,Portus,first_word,1,48.893378,8.70439,unknown,,,GERMANIA I,93,37.19,1.0,NO_POLYGON,0.000,1.000
OCC000100,Occidentis,Comes litoris Saxonici per Britanniam,1138,Dubris,tail,Praepositus,militum Tungrecanorum,,,,,,,Comes litoris Saxonici per Britanniam / Comes litoris Saxonici per Britanniam / Sub dispositione viri spectabilis comitis litoris Saxonici per Britanniam,3,423012,Portus,Portus,first_word,1,41.779721,12.257974,unknown,TUSCIA ET UMBRIA,60,,,,1.0,NO_CONTEXT,0.000,1.000
OCC000113,Occidentis,Dux et praeses provinciae Mauritaniae,1178,Audiensis,limes,Praepositus,limitis Audiensis,et praesidis provinciae Mauritaniae et Caesariensis,,,et praesidis provinciae Mauritaniae et Caesariensis,et praesidis provinciae Mauritaniae et Caesariensis,,Dux et praeses provinciae Mauritaniae / Dux et praeses provinciae Mauritaniae / Sub dispositione viri spectabilis ducis et praesidis provinciae Mauritaniae et Caesariensis,1,236357,Auriensis,Audiensis,original,0,42.340013,-7.864602,unknown,GALLAECIA,69,,,,0.8888888888888888,SOFT_MISMATCH,0.286,0.889
OCC000115,Occidentis,Dux et praeses provinciae Mauritaniae,1180,Augustensis,limes,Praepositus,limitis Augustensis,et praesidis provinciae Mauritaniae et Caesariensis,,,et praesidis provinciae Mauritaniae et Caesariensis,et praesidis provinciae Mauritaniae et Caesariensis,,Dux et praeses provinciae Mauritaniae / Dux et praeses provinciae Mauritaniae / Sub dispositione viri spectabilis ducis et praesidis provinciae Mauritaniae et Caesariensis,1,206935,Augusta,Augusta,toponymic_ensis,1,43.5,23.5,unknown,DACIA RIPENSIS,71,,,,1.0,SOFT_MISMATCH,0.473,1.000
OCC000115,Occidentis,Dux et praeses provinciae Mauritaniae,1180,Augustensis,limes,Praepositus,limitis Augustensis,et praesidis provinciae Mauritaniae et Caesariensis,,,et praesidis provinciae Mauritaniae et Caesariensis,et praesidis provinciae Mauritaniae et Caesariensis,,Dux et praeses provinciae Mauritaniae / Dux et praeses provinciae Mauritaniae / Sub dispositione viri spectabilis ducis et praesidis provinciae Mauritaniae et Caesariensis,2,79574,Augusta,Augusta,toponymic_ensis,1,51.513335,-0.088949,unknown,BRITANNIAE I AND II,96,,,,1.0,SOFT_MISMATCH,0.436,1.000
OCC000115,Occidentis,Dux et praeses provinciae Mauritaniae,1180,Augustensis,limes,Praepositus,limitis Augustensis,et praesidis provinciae Mauritaniae et Caesariensis,,,et praesidis provinciae Mauritaniae et Caesariensis,et praesidis provinciae Mauritaniae et Caesariensis,,Dux et praeses provinciae Mauritaniae / Dux et praeses provinciae Mauritaniae / Sub dispositione viri spectabilis ducis et praesidis provinciae Mauritaniae et Caesariensis,3,167658,Augusta,Augusta,toponymic_ensis,1,44.715501,5.05726,unknown,VIENNENSIS,78,,,,1.0,SOFT_MISMATCH,0.327,1.000
OCC000115,Occidentis,Dux et praeses provinciae Mauritaniae,1180,Augustensis,limes,Praepositus,limitis Augustensis,et praesidis provinciae Mauritaniae et Caesariensis,,,et praesidis provinciae Mauritaniae et Caesariensis,et praesidis provinciae Mauritaniae et Caesariensis,,Dux et praeses provinciae Mauritaniae / Dux et praeses provinciae Mauritaniae / Sub dispositione viri spectabilis ducis et praesidis provinciae Mauritaniae et Caesariensis,4,167659,Augusta,Augusta,toponymic_ensis,1,45.75,5.75,unknown,VIENNENSIS,78,,,,1.0,SOFT_MISMATCH,0.327,1.000
OCC000115,Occidentis,Dux et praeses provinciae Mauritaniae,1180,Augustensis,limes,Praepositus,limitis Augustensis,et praesidis provinciae Mauritaniae et Caesariensis,,,et praesidis provinciae Mauritaniae et Caesariensis,et praesidis provinciae Mauritaniae et Caesariensis,,Dux et praeses provinciae Mauritaniae / Dux et praeses provinciae Mauritaniae / Sub dispositione viri spectabilis ducis et praesidis provinciae Mauritaniae et Caesariensis,5,393386,Augusta,Augusta,toponymic_ensis,1,44.75,12.25,unknown,AEMILIA ET LIGURIA,77,,,,1.0,SOFT_MISMATCH,0.286,1.000
OCC000120,Occidentis,Dux provinciae Tripolitanae,1199,Madensis,limes,Praepositus,limitis Madensis,Tripolitanae,,,Tripolitanae,Tripolitanae,,Dux provinciae Tripolitanae / Dux provinciae Tripolitanae / Sub dispositione viri spectabilis ducis provinciae Tripolitanae,1,903080,Mad,Mad,toponymic_ensis_stem,1,34.5,46.5,unknown,,,OSRHOENE,37,553.70,1.0,SOFT_UNVERIFIED,0.000,1.000
OCC000120,Occidentis,Dux provinciae Tripolitanae,1199,Madensis,limes,Praepositus,limitis Madensis,Tripolitanae,,,Tripolitanae,Tripolitanae,,Dux provinciae Tripolitanae / Dux provinciae Tripolitanae / Sub dispositione viri spectabilis ducis provinciae Tripolitanae,2,40196,Mada,Mada,toponymic_ensis,1,,,unknown,,,,,,1.0,SOFT_UNVERIFIED,0.000,1.000
OCC000120,Occidentis,Dux provinciae Tripolitanae,1199,Madensis,limes,Praepositus,limitis Madensis,Tripolitanae,,,Tripolitanae,Tripolitanae,,Dux provinciae Tripolitanae / Dux provinciae Tripolitanae / Sub dispositione viri spectabilis ducis provinciae Tripolitanae,3,860826,Madia,Madia,toponymic_ensis,1,,,unknown,,,,,,1.0,SOFT_UNVERIFIED,0.000,1.000
OCC000120,Occidentis,Dux provinciae Tripolitanae,1199,Madensis,limes,Praepositus,limitis Madensis,Tripolitanae,,,Tripolitanae,Tripolitanae,,Dux provinciae Tripolitanae / Dux provinciae Tripolitanae / Sub dispositione viri spectabilis ducis provinciae Tripolitanae,4,866033,Madia,Madia,toponymic_ensis,1,,,unknown,,,,,,1.0,SOFT_UNVERIFIED,0.000,1.000
OCC000125,Occidentis,Dux provinciae Tripolitanae,1204,Balensis,limes,Praepositus,limitis Balensis,Tripolitanae,,,Tripolitanae,Tripolitanae,,Dux provinciae Tripolitanae / Dux provinciae Tripolitanae / Sub dispositione viri spectabilis ducis provinciae Tripolitanae,1,334577,Limes Bazensis,Limes Balensis,limes_title,0,34.5,6.5,unknown,NUMIDIA MILITIANA,8,,,,0.9230769230769231,SOFT_MISMATCH,0.545,0.923
OCC000126,Occidentis,Dux provinciae Tripolitanae,1205,Varensis,limes,Praepositus,limitis Varensis,Tripolitanae,,,Tripolitanae,Tripolitanae,,Dux provinciae Tripolitanae / Dux provinciae Tripolitanae / Sub dispositione viri spectabilis ducis provinciae Tripolitanae,1,482030,Varis,Varis,toponymic_ensis,1,42.670162,19.026845,unknown,PRAEVALITANA,50,,,,1.0,SOFT_MISMATCH,0.636,1.000
OCC000126,Occidentis,Dux provinciae Tripolitanae,1205,Varensis,limes,Praepositus,limitis Varensis,Tripolitanae,,,Tripolitanae,Tripolitanae,,Dux provinciae Tripolitanae / Dux provinciae Tripolitanae / Sub dispositione viri spectabilis ducis provinciae Tripolitanae,2,442839,Varia,Varia,toponymic_ensis,1,40.496983,17.642785,unknown,APULIA ET CALABRIA,39,,,,1.0,SOFT_MISMATCH,0.364,1.000
OCC000126,Occidentis,Dux provinciae Tripolitanae,1205,Varensis,limes,Praepositus,limitis Varensis,Tripolitanae,,,Tripolitanae,Tripolitanae,,Dux provinciae Tripolitanae / Dux provinciae Tripolitanae / Sub dispositione viri spectabilis ducis provinciae Tripolitanae,3,79730,Varis,Varis,toponymic_ensis,1,53.257265,-3.450325,unknown,BRITANNIAE I AND II,96,,,,1.0,SOFT_MISMATCH,0.364,1.000
OCC000126,Occidentis,Dux provinciae Tripolitanae,1205,Varensis,limes,Praepositus,limitis Varensis,Tripolitanae,,,Tripolitanae,Tripolitanae,,Dux provinciae Tripolitanae / Dux provinciae Tripolitanae / Sub dispositione viri spectabilis ducis provinciae Tripolitanae,4,157942,Varus,Varus,toponymic_ensis,1,43.7733763,7.2126343,river,ALPES MARITIMAE,62,,,,1.0,SOFT_MISMATCH,0.273,1.000
OCC000126,Occidentis,Dux provinciae Tripolitanae,1205,Varensis,limes,Praepositus,limitis Varensis,Tripolitanae,,,Tripolitanae,Tripolitanae,,Dux provinciae Tripolitanae / Dux provinciae Tripolitanae / Sub dispositione viri spectabilis ducis provinciae Tripolitanae,5,423115,Varia,Varia,toponymic_ensis,1,42.018193,12.896194,unknown,FLAMINIA ET PICENUM,55,,,,1.0,SOFT_MISMATCH,0.182,1.000
OCC000136,Occidentis,Dux Pannoniae,1229,Novas,tail,,Equites Dalmatae,Pannoniae secundae ripariensis et Saviae,,,Pannoniae secundae ripariensis et Saviae,Pannoniae secundae ripariensis et Saviae,,Dux Pannoniae / Dux Pannoniae / Sub dispositione viri spectabilis ducis provinciae Pannoniae secundae ripariensis et Saviae,1,207310,Novae,Novae,original_case,0,44.620434,21.888533,unknown,MOESIA SUPERIOR,70,,,,1.0,SOFT_MISMATCH,0.317,1.000
OCC000136,Occidentis,Dux Pannoniae,1229,Novas,tail,,Equites Dalmatae,Pannoniae secundae ripariensis et Saviae,,,Pannoniae secundae ripariensis et Saviae,Pannoniae secundae ripariensis et Saviae,,Dux Pannoniae / Dux Pannoniae / Sub dispositione viri spectabilis ducis provinciae Pannoniae secundae ripariensis et Saviae,2,216899,Novae,Novae,original_case,0,43.60103,25.395644,unknown,MOESIA INFERIOR,74,,,,1.0,SOFT_MISMATCH,0.302,1.000
OCC000136,Occidentis,Dux Pannoniae,1229,Novas,tail,,Equites Dalmatae,Pannoniae secundae ripariensis et Saviae,,,Pannoniae secundae ripariensis et Saviae,Pannoniae secundae ripariensis et Saviae,,Dux Pannoniae / Dux Pannoniae / Sub dispositione viri spectabilis ducis provinciae Pannoniae secundae ripariensis et Saviae,3,197413,Novae,Novae,original_case,0,43.38889,17.2354538,settlement-modern,DALMATIA,72,,,,1.0,SOFT_MISMATCH,0.264,1.000
OCC000137,Occidentis,Dux Pannoniae,1230,Albano,tail,,Equites Dalmatae,Pannoniae secundae ripariensis et Saviae,,,Pannoniae secundae ripariensis et Saviae,Pannoniae secundae ripariensis et Saviae,,Dux Pannoniae / Dux Pannoniae / Sub dispositione viri spectabilis ducis provinciae Pannoniae secundae ripariensis et Saviae,1,197099,Albanum,Albanum,original_case,0,45.663601,18.773792,unknown,VALERIA,85,,,,1.0,SOFT_MISMATCH,0.305,1.000
OCC000137,Occidentis,Dux Pannoniae,1230,Albano,tail,,Equites Dalmatae,Pannoniae secundae ripariensis et Saviae,,,Pannoniae secundae ripariensis et Saviae,Pannoniae secundae ripariensis et Saviae,,Dux Pannoniae / Dux Pannoniae / Sub dispositione viri spectabilis ducis provinciae Pannoniae secundae ripariensis et Saviae,2,863735,Albanos,Albanos,original_case,0,41.5,47.5,unknown,,,PONTUS POLEMONIACUS,73,597.93,1.0,SOFT_UNVERIFIED,0.000,1.000
OCC000147,Occidentis,Dux Pannoniae,1240,ad Herculem,tail,,Auxilia Herculensia,Pannoniae secundae ripariensis et Saviae,,,Pannoniae secundae ripariensis et Saviae,Pannoniae secundae ripariensis et Saviae,,Dux Pannoniae / Dux Pannoniae / Sub dispositione viri spectabilis ducis provinciae Pannoniae secundae ripariensis et Saviae,1,471877,Ad Herculem,ad Herculem,original,0,40.781624,8.662883,unknown,SARDINIA,34,,,,1.0,SOFT_MISMATCH,0.435,1.000
OCC000147,Occidentis,Dux Pannoniae,1240,ad Herculem,tail,,Auxilia Herculensia,Pannoniae secundae ripariensis et Saviae,,,Pannoniae secundae ripariensis et Saviae,Pannoniae secundae ripariensis et Saviae,,Dux Pannoniae / Dux Pannoniae / Sub dispositione viri spectabilis ducis provinciae Pannoniae secundae ripariensis et Saviae,2,471943,Herculis,Herculis,strip_preposition_case,0,41.066667,8.266667,island,,,SARDINIA,34,14.55,1.0,SOFT_NEAR_MISMATCH,0.435,1.000
OCC000147,Occidentis,Dux Pannoniae,1240,ad Herculem,tail,,Auxilia Herculensia,Pannoniae secundae ripariensis et Saviae,,,Pannoniae secundae ripariensis et Saviae,Pannoniae secundae ripariensis et Saviae,,Dux Pannoniae / Dux Pannoniae / Sub dispositione viri spectabilis ducis provinciae Pannoniae secundae ripariensis et Saviae,3,206880,Ad Herculem,ad Herculem,original,0,43.166746,21.771868,unknown,DACIA MEDITERRANEA,58,,,,1.0,SOFT_MISMATCH,0.378,1.000
OCC000147,Occidentis,Dux Pannoniae,1240,ad Herculem,tail,,Auxilia Herculensia,Pannoniae secundae ripariensis et Saviae,,,Pannoniae secundae ripariensis et Saviae,Pannoniae secundae ripariensis et Saviae,,Dux Pannoniae / Dux Pannoniae / Sub dispositione viri spectabilis ducis provinciae Pannoniae secundae ripariensis et Saviae,4,255953,Ad Herculem,ad Herculem,original,0,36.351621,-6.163431,unknown,BAETICA,25,,,,1.0,SOFT_MISMATCH,0.214,1.000
OCC000147,Occidentis,Dux Pannoniae,1240,ad Herculem,tail,,Auxilia Herculensia,Pannoniae secundae ripariensis et Saviae,,,Pannoniae secundae ripariensis et Saviae,Pannoniae secundae ripariensis et Saviae,,Dux Pannoniae / Dux Pannoniae / Sub dispositione viri spectabilis ducis provinciae Pannoniae secundae ripariensis et Saviae,5,256201,Herculis,Herculis,strip_preposition_case,0,37.5,-6.5,unknown,BAETICA,25,,,,1.0,SOFT_MISMATCH,0.214,1.000
OCC000149,Occidentis,Dux Pannoniae,1241,Novas,tail,,Auxilia Novensia,Pannoniae secundae ripariensis et Saviae,,,Pannoniae secundae ripariensis et Saviae,Pannoniae secundae ripariensis et Saviae,,Dux Pannoniae / Dux Pannoniae / Sub dispositione viri spectabilis ducis provinciae Pannoniae secundae ripariensis et Saviae,1,207310,Novae,Novae,original_case,0,44.620434,21.888533,unknown,MOESIA SUPERIOR,70,,,,1.0,SOFT_MISMATCH,0.317,1.000
OCC000149,Occidentis,Dux Pannoniae,1241,Novas,tail,,Auxilia Novensia,Pannoniae secundae ripariensis et Saviae,,,Pannoniae secundae ripariensis et Saviae,Pannoniae secundae ripariensis et Saviae,,Dux Pannoniae / Dux Pannoniae / Sub dispositione viri spectabilis ducis provinciae Pannoniae secundae ripariensis et Saviae,2,216899,Novae,Novae,original_case,0,43.60103,25.395644,unknown,MOESIA INFERIOR,74,,,,1.0,SOFT_MISMATCH,0.302,1.000
OCC000149,Occidentis,Dux Pannoniae,1241,Novas,tail,,Auxilia Novensia,Pannoniae secundae ripariensis et Saviae,,,Pannoniae secundae ripariensis et Saviae,Pannoniae secundae ripariensis et Saviae,,Dux Pannoniae / Dux Pannoniae / Sub dispositione viri spectabilis ducis provinciae Pannoniae secundae ripariensis et Saviae,3,197413,Novae,Novae,original_case,0,43.38889,17.2354538,settlement-modern,DALMATIA,72,,,,1.0,SOFT_MISMATCH,0.264,1.000
OCC000151,Occidentis,Dux Pannoniae,1243,Herculis,castris,,Auxilia Praesidentia,Pannoniae secundae ripariensis et Saviae,,,Pannoniae secundae ripariensis et Saviae,Pannoniae secundae ripariensis et Saviae,,Dux Pannoniae / Dux Pannoniae / Sub dispositione viri spectabilis ducis provinciae Pannoniae secundae ripariensis et Saviae,1,471943,Herculis,Herculis,original,0,41.066667,8.266667,island,,,SARDINIA,34,14.55,1.0,SOFT_NEAR_MISMATCH,0.435,1.000
OCC000151,Occidentis,Dux Pannoniae,1243,Herculis,castris,,Auxilia Praesidentia,Pannoniae secundae ripariensis et Saviae,,,Pannoniae secundae ripariensis et Saviae,Pannoniae secundae ripariensis et Saviae,,Dux Pannoniae / Dux Pannoniae / Sub dispositione viri spectabilis ducis provinciae Pannoniae secundae ripariensis et Saviae,2,256201,Herculis,Herculis,original,0,37.5,-6.5,unknown,BAETICA,25,,,,1.0,SOFT_MISMATCH,0.214,1.000
OCC000151,Occidentis,Dux Pannoniae,1243,Herculis,castris,,Auxilia Praesidentia,Pannoniae secundae ripariensis et Saviae,,,Pannoniae secundae ripariensis et Saviae,Pannoniae secundae ripariensis et Saviae,,Dux Pannoniae / Dux Pannoniae / Sub dispositione viri spectabilis ducis provinciae Pannoniae secundae ripariensis et Saviae,3,456073,Herculis,Herculis,original,0,,,unknown,,,,,,1.0,SOFT_UNVERIFIED,0.000,1.000
OCC000151,Occidentis,Dux Pannoniae,1243,Herculis,castris,,Auxilia Praesidentia,Pannoniae secundae ripariensis et Saviae,,,Pannoniae secundae ripariensis et Saviae,Pannoniae secundae ripariensis et Saviae,,Dux Pannoniae / Dux Pannoniae / Sub dispositione viri spectabilis ducis provinciae Pannoniae secundae ripariensis et Saviae,4,266032,Hercules,Hercules,original_case,0,37.5,-0.5,unknown,,,CARTBAGINIENSIS,48,22.56,1.0,SOFT_UNVERIFIED,0.000,1.000
OCC000154,Occidentis,Dux Pannoniae,1245,Bononiae,tail,Praefectus,legionis quintae Ioviae cohortis quintae partis superioris,Pannoniae secundae ripariensis et Saviae,,,Pannoniae secundae ripariensis et Saviae,Pannoniae secundae ripariensis et Saviae,,Dux Pannoniae / Dux Pannoniae / Sub dispositione viri spectabilis ducis provinciae Pannoniae secundae ripariensis et Saviae,1,206975,Bononia,Bononia,original_case,0,43.993221,22.8759,unknown,,,DACIA RIPENSIS,71,7.18,1.0,SOFT_NEAR_MISMATCH,0.497,1.000
OCC000154,Occidentis,Dux Pannoniae,1245,Bononiae,tail,Praefectus,legionis quintae Ioviae cohortis quintae partis superioris,Pannoniae secundae ripariensis et Saviae,,,Pannoniae secundae ripariensis et Saviae,Pannoniae secundae ripariensis et Saviae,,Dux Pannoniae / Dux Pannoniae / Sub dispositione viri spectabilis ducis provinciae Pannoniae secundae ripariensis et Saviae,2,393421,Bononia,Bononia,original_case,0,44.49452,11.349271,unknown,AEMILIA ET LIGURIA,77,,,,1.0,SOFT_MISMATCH,0.324,1.000
OCC000154,Occidentis,Dux Pannoniae,1245,Bononiae,tail,Praefectus,legionis quintae Ioviae cohortis quintae partis superioris,Pannoniae secundae ripariensis et Saviae,,,Pannoniae secundae ripariensis et Saviae,Pannoniae secundae ripariensis et Saviae,,Dux Pannoniae / Dux Pannoniae / Sub dispositione viri spectabilis ducis provinciae Pannoniae secundae ripariensis et Saviae,3,109008,Bononia,Bononia,original_case,0,50.725396,1.614694,unknown,BELGICA II,94,,,,1.0,SOFT_MISMATCH,0.202,1.000
OCC000178,Occidentis,Dux provinciae Valeriae,1282,Ad Herculem,tail,,Equites Dalmatae,Valeriae ripensis,,,Valeriae ripensis,Valeriae ripensis,,Dux provinciae Valeriae / Dux provinciae Valeriae / Sub dispositione viri spectabilis ducis provinciae Valeriae ripensis,1,206880,Ad Herculem,Ad Herculem,original,0,43.166746,21.771868,unknown,DACIA MEDITERRANEA,58,,,,1.0,SOFT_MISMATCH,0.339,1.000
OCC000178,Occidentis,Dux provinciae Valeriae,1282,Ad Herculem,tail,,Equites Dalmatae,Valeriae ripensis,,,Valeriae ripensis,Valeriae ripensis,,Dux provinciae Valeriae / Dux provinciae Valeriae / Sub dispositione viri spectabilis ducis provinciae Valeriae ripensis,2,471877,Ad Herculem,Ad Herculem,original,0,40.781624,8.662883,unknown,SARDINIA,34,,,,1.0,SOFT_MISMATCH,0.250,1.000
OCC000178,Occidentis,Dux provinciae Valeriae,1282,Ad Herculem,tail,,Equites Dalmatae,Valeriae ripensis,,,Valeriae ripensis,Valeriae ripensis,,Dux provinciae Valeriae / Dux provinciae Valeriae / Sub dispositione viri spectabilis ducis provinciae Valeriae ripensis,3,471943,Herculis,Herculis,strip_preposition_case,0,41.066667,8.266667,island,,,SARDINIA,34,14.55,1.0,SOFT_NEAR_MISMATCH,0.250,1.000
OCC000178,Occidentis,Dux provinciae Valeriae,1282,Ad Herculem,tail,,Equites Dalmatae,Valeriae ripensis,,,Valeriae ripensis,Valeriae ripensis,,Dux provinciae Valeriae / Dux provinciae Valeriae / Sub dispositione viri spectabilis ducis provinciae Valeriae ripensis,4,255953,Ad Herculem,Ad Herculem,original,0,36.351621,-6.163431,unknown,BAETICA,25,,,,1.0,SOFT_MISMATCH,0.205,1.000
OCC000178,Occidentis,Dux provinciae Valeriae,1282,Ad Herculem,tail,,Equites Dalmatae,Valeriae ripensis,,,Valeriae ripensis,Valeriae ripensis,,Dux provinciae Valeriae / Dux provinciae Valeriae / Sub dispositione viri spectabilis ducis provinciae Valeriae ripensis,5,256201,Herculis,Herculis,strip_preposition_case,0,37.5,-6.5,unknown,BAETICA,25,,,,1.0,SOFT_MISMATCH,0.205,1.000
OCC000180,Occidentis,Dux provinciae Valeriae,1284,Constantiae,tail,,Equites Dalmatae,Valeriae ripensis,,,Valeriae ripensis,Valeriae ripensis,,Dux provinciae Valeriae / Dux provinciae Valeriae / Sub dispositione viri spectabilis ducis provinciae Valeriae ripensis,1,187352,Constantia,Constantia,original_case,0,47.661288,9.172064,unknown,RAETIA,90,,,,1.0,SOFT_MISMATCH,0.402,1.000
OCC000180,Occidentis,Dux provinciae Valeriae,1284,Constantiae,tail,,Equites Dalmatae,Valeriae ripensis,,,Valeriae ripensis,Valeriae ripensis,,Dux provinciae Valeriae / Dux provinciae Valeriae / Sub dispositione viri spectabilis ducis provinciae Valeriae ripensis,2,687903,Constantia,Constantia,original_case,0,31.530845,34.433158,unknown,,,PALAESTINA,11,0.42,1.0,SOFT_NEAR_MISMATCH,0.389,1.000
OCC000180,Occidentis,Dux provinciae Valeriae,1284,Constantiae,tail,,Equites Dalmatae,Valeriae ripensis,,,Valeriae ripensis,Valeriae ripensis,,Dux provinciae Valeriae / Dux provinciae Valeriae / Sub dispositione viri spectabilis ducis provinciae Valeriae ripensis,3,69494,Constantia,Constantia,original_case,0,49.0487,-1.44444,unknown,LUGDUNENSIS II,91,,,,1.0,SOFT_MISMATCH,0.377,1.000
OCC000180,Occidentis,Dux provinciae Valeriae,1284,Constantiae,tail,,Equites Dalmatae,Valeriae ripensis,,,Valeriae ripensis,Valeriae ripensis,,Dux provinciae Valeriae / Dux provinciae Valeriae / Sub dispositione viri spectabilis ducis provinciae Valeriae ripensis,4,668190,Constantia,Constantia,original_case,0,34.909961,35.878069,unknown,PHOENICE,19,,,,1.0,SOFT_MISMATCH,0.286,1.000
OCC000180,Occidentis,Dux provinciae Valeriae,1284,Constantiae,tail,,Equites Dalmatae,Valeriae ripensis,,,Valeriae ripensis,Valeriae ripensis,,Dux provinciae Valeriae / Dux provinciae Valeriae / Sub dispositione viri spectabilis ducis provinciae Valeriae ripensis,5,874324,Constantia,Constantia,original_case,0,37.233333,39.766666,unknown,MESOPOTAMIA,45,,,,1.0,SOFT_MISMATCH,0.182,1.000
OCC000192,Occidentis,Dux provinciae Valeriae,1296,Ad Herculem,tail,,Auxilia Herculensia,Valeriae ripensis,,,Valeriae ripensis,Valeriae ripensis,,Dux provinciae Valeriae / Dux provinciae Valeriae / Sub dispositione viri spectabilis ducis provinciae Valeriae ripensis,1,206880,Ad Herculem,Ad Herculem,original,0,43.166746,21.771868,unknown,DACIA MEDITERRANEA,58,,,,1.0,SOFT_MISMATCH,0.339,1.000
OCC000192,Occidentis,Dux provinciae Valeriae,1296,Ad Herculem,tail,,Auxilia Herculensia,Valeriae ripensis,,,Valeriae ripensis,Valeriae ripensis,,Dux provinciae Valeriae / Dux provinciae Valeriae / Sub dispositione viri spectabilis ducis provinciae Valeriae ripensis,2,471877,Ad Herculem,Ad Herculem,original,0,40.781624,8.662883,unknown,SARDINIA,34,,,,1.0,SOFT_MISMATCH,0.250,1.000
OCC000192,Occidentis,Dux provinciae Valeriae,1296,Ad Herculem,tail,,Auxilia Herculensia,Valeriae ripensis,,,Valeriae ripensis,Valeriae ripensis,,Dux provinciae Valeriae / Dux provinciae Valeriae / Sub dispositione viri spectabilis ducis provinciae Valeriae ripensis,3,471943,Herculis,Herculis,strip_preposition_case,0,41.066667,8.266667,island,,,SARDINIA,34,14.55,1.0,SOFT_NEAR_MISMATCH,0.250,1.000
OCC000192,Occidentis,Dux provinciae Valeriae,1296,Ad Herculem,tail,,Auxilia Herculensia,Valeriae ripensis,,,Valeriae ripensis,Valeriae ripensis,,Dux provinciae Valeriae / Dux provinciae Valeriae / Sub dispositione viri spectabilis ducis provinciae Valeriae ripensis,4,255953,Ad Herculem,Ad Herculem,original,0,36.351621,-6.163431,unknown,BAETICA,25,,,,1.0,SOFT_MISMATCH,0.205,1.000
OCC000192,Occidentis,Dux provinciae Valeriae,1296,Ad Herculem,tail,,Auxilia Herculensia,Valeriae ripensis,,,Valeriae ripensis,Valeriae ripensis,,Dux provinciae Valeriae / Dux provinciae Valeriae / Sub dispositione viri spectabilis ducis provinciae Valeriae ripensis,5,256201,Herculis,Herculis,strip_preposition_case,0,37.5,-6.5,unknown,BAETICA,25,,,,1.0,SOFT_MISMATCH,0.205,1.000
OCC000204,Occidentis,Dux provinciae Valeriae,1309,Vincentiae,tail,Tribunus,cohortis,Valeriae ripensis,,,Valeriae ripensis,Valeriae ripensis,,Dux provinciae Valeriae / Dux provinciae Valeriae / Sub dispositione viri spectabilis ducis provinciae Valeriae ripensis,1,203168,Vincentia,Vincentia,original_case,0,,,unknown,,,,,,1.0,SOFT_UNVERIFIED,0.000,1.000
OCC000204,Occidentis,Dux provinciae Valeriae,1309,Vincentiae,tail,Tribunus,cohortis,Valeriae ripensis,,,Valeriae ripensis,Valeriae ripensis,,Dux provinciae Valeriae / Dux provinciae Valeriae / Sub dispositione viri spectabilis ducis provinciae Valeriae ripensis,2,211467,Vincentia,Vincentia,original_case,0,,,unknown,,,,,,1.0,SOFT_UNVERIFIED,0.000,1.000
OCC000205,Occidentis,Dux provinciae Valeriae,1310,quadriborgio,tail,Tribunus,cohortis,Valeriae ripensis,,,Valeriae ripensis,Valeriae ripensis,,Dux provinciae Valeriae / Dux provinciae Valeriae / Sub dispositione viri spectabilis ducis provinciae Valeriae ripensis,1,109266,Quadriburgium,quadriborgium,original_case,0,51.775902,6.180328,unknown,GERMANIA II,95,,,,0.9230769230769231,SOFT_MISMATCH,0.188,0.923
OCC000205,Occidentis,Dux provinciae Valeriae,1310,quadriborgio,tail,Tribunus,cohortis,Valeriae ripensis,,,Valeriae ripensis,Valeriae ripensis,,Dux provinciae Valeriae / Dux provinciae Valeriae / Sub dispositione viri spectabilis ducis provinciae Valeriae ripensis,2,203151,Quadriburgium,quadriborgium,original_case,0,,,unknown,,,,,,0.9230769230769231,SOFT_UNVERIFIED,0.000,0.923
OCC000205,Occidentis,Dux provinciae Valeriae,1310,quadriborgio,tail,Tribunus,cohortis,Valeriae ripensis,,,Valeriae ripensis,Valeriae ripensis,,Dux provinciae Valeriae / Dux provinciae Valeriae / Sub dispositione viri spectabilis ducis provinciae Valeriae ripensis,3,211453,Quadriburgium,quadriborgium,original_case,0,,,unknown,,,,,,0.9230769230769231,SOFT_UNVERIFIED,0.000,0.923
OCC000206,Occidentis,Dux provinciae Valeriae,1311,Iovia,tail,Tribunus,cohortis,Valeriae ripensis,,,Valeriae ripensis,Valeriae ripensis,,Dux provinciae Valeriae / Dux provinciae Valeriae / Sub dispositione viri spectabilis ducis provinciae Valeriae ripensis,1,197327,Iovia,Iovia,original,0,46.427019,18.083331,unknown,PANNONIA SUPERIOR,86,,,,1.0,SOFT_MISMATCH,0.312,1.000
OCC000206,Occidentis,Dux provinciae Valeriae,1311,Iovia,tail,Tribunus,cohortis,Valeriae ripensis,,,Valeriae ripensis,Valeriae ripensis,,Dux provinciae Valeriae / Dux provinciae Valeriae / Sub dispositione viri spectabilis ducis provinciae Valeriae ripensis,2,197191,Iovia,Iovia,original,0,45.854409,17.51076,unknown,SAVIA,79,,,,1.0,SOFT_MISMATCH,0.277,1.000
OCC000206,Occidentis,Dux provinciae Valeriae,1311,Iovia,tail,Tribunus,cohortis,Valeriae ripensis,,,Valeriae ripensis,Valeriae ripensis,,Dux provinciae Valeriae / Dux provinciae Valeriae / Sub dispositione viri spectabilis ducis provinciae Valeriae ripensis,3,197326,Iovia,Iovia,original,0,46.253769,16.61509,unknown,SAVIA,79,,,,1.0,SOFT_MISMATCH,0.277,1.000
OCC000206,Occidentis,Dux provinciae Valeriae,1311,Iovia,tail,Tribunus,cohortis,Valeriae ripensis,,,Valeriae ripensis,Valeriae ripensis,,Dux provinciae Valeriae / Dux provinciae Valeriae / Sub dispositione viri spectabilis ducis provinciae Valeriae ripensis,4,642530,Iovia,Iovia,original,0,,,unknown,,,,,,1.0,SOFT_UNVERIFIED,0.000,1.000
OCC000209,Occidentis,Dux provinciae Valeriae,1314,Marinanae,tail,Tribunus,cohortis,Valeriae ripensis,,,Valeriae ripensis,Valeriae ripensis,,Dux provinciae Valeriae / Dux provinciae Valeriae / Sub dispositione viri spectabilis ducis provinciae Valeriae ripensis,1,265965,Mariana,Marinana,original_case,0,38.547361,-2.92748,unknown,CARTBAGINIENSIS,48,,,,0.875,SOFT_MISMATCH,0.349,0.875
OCC000209,Occidentis,Dux provinciae Valeriae,1314,Marinanae,tail,Tribunus,cohortis,Valeriae ripensis,,,Valeriae ripensis,Valeriae ripensis,,Dux provinciae Valeriae / Dux provinciae Valeriae / Sub dispositione viri spectabilis ducis provinciae Valeriae ripensis,2,472096,Mariana,Marinana,original_case,0,42.539302,9.495496,settlement,CORSICA,46,,,,0.875,SOFT_MISMATCH,0.134,0.875
OCC000214,Occidentis,Dux Pannoniae primae,1332,Quadriburgio,tail,,Equites sagittarii,Pannoniae et Norici ripensis,,,Pannoniae et Norici ripensis,Pannoniae et Norici ripensis,,Dux Pannoniae primae / Dux Pannoniae primae / Sub dispositione viri spectabilis ducis Pannoniae et Norici ripensis,1,109266,Quadriburgium,Quadriburgium,original_case,0,51.775902,6.180328,unknown,GERMANIA II,95,,,,1.0,SOFT_MISMATCH,0.250,1.000
OCC000214,Occidentis,Dux Pannoniae primae,1332,Quadriburgio,tail,,Equites sagittarii,Pannoniae et Norici ripensis,,,Pannoniae et Norici ripensis,Pannoniae et Norici ripensis,,Dux Pannoniae primae / Dux Pannoniae primae / Sub dispositione viri spectabilis ducis Pannoniae et Norici ripensis,2,203151,Quadriburgium,Quadriburgium,original_case,0,,,unknown,,,,,,1.0,SOFT_UNVERIFIED,0.000,1.000
OCC000214,Occidentis,Dux Pannoniae primae,1332,Quadriburgio,tail,,Equites sagittarii,Pannoniae et Norici ripensis,,,Pannoniae et Norici ripensis,Pannoniae et Norici ripensis,,Dux Pannoniae primae / Dux Pannoniae primae / Sub dispositione viri spectabilis ducis Pannoniae et Norici ripensis,3,211453,Quadriburgium,Quadriburgium,original_case,0,,,unknown,,,,,,1.0,SOFT_UNVERIFIED,0.000,1.000
OCC000217,Occidentis,Dux Pannoniae primae,1335,Ad Herculem,tail,,Equites Dalmatae,Pannoniae et Norici ripensis,,,Pannoniae et Norici ripensis,Pannoniae et Norici ripensis,,Dux Pannoniae primae / Dux Pannoniae primae / Sub dispositione viri spectabilis ducis Pannoniae et Norici ripensis,1,471877,Ad Herculem,Ad Herculem,original,0,40.781624,8.662883,unknown,SARDINIA,34,,,,1.0,SOFT_MISMATCH,0.333,1.000
OCC000217,Occidentis,Dux Pannoniae primae,1335,Ad Herculem,tail,,Equites Dalmatae,Pannoniae et Norici ripensis,,,Pannoniae et Norici ripensis,Pannoniae et Norici ripensis,,Dux Pannoniae primae / Dux Pannoniae primae / Sub dispositione viri spectabilis ducis Pannoniae et Norici ripensis,2,471943,Herculis,Herculis,strip_preposition_case,0,41.066667,8.266667,island,,,SARDINIA,34,14.55,1.0,SOFT_NEAR_MISMATCH,0.333,1.000
OCC000217,Occidentis,Dux Pannoniae primae,1335,Ad Herculem,tail,,Equites Dalmatae,Pannoniae et Norici ripensis,,,Pannoniae et Norici ripensis,Pannoniae et Norici ripensis,,Dux Pannoniae primae / Dux Pannoniae primae / Sub dispositione viri spectabilis ducis Pannoniae et Norici ripensis,3,206880,Ad Herculem,Ad Herculem,original,0,43.166746,21.771868,unknown,DACIA MEDITERRANEA,58,,,,1.0,SOFT_MISMATCH,0.264,1.000
OCC000217,Occidentis,Dux Pannoniae primae,1335,Ad Herculem,tail,,Equites Dalmatae,Pannoniae et Norici ripensis,,,Pannoniae et Norici ripensis,Pannoniae et Norici ripensis,,Dux Pannoniae primae / Dux Pannoniae primae / Sub dispositione viri spectabilis ducis Pannoniae et Norici ripensis,4,255953,Ad Herculem,Ad Herculem,original,0,36.351621,-6.163431,unknown,BAETICA,25,,,,1.0,SOFT_MISMATCH,0.194,1.000
OCC000217,Occidentis,Dux Pannoniae primae,1335,Ad Herculem,tail,,Equites Dalmatae,Pannoniae et Norici ripensis,,,Pannoniae et Norici ripensis,Pannoniae et Norici ripensis,,Dux Pannoniae primae / Dux Pannoniae primae / Sub dispositione viri spectabilis ducis Pannoniae et Norici ripensis,5,256201,Herculis,Herculis,strip_preposition_case,0,37.5,-6.5,unknown,BAETICA,25,,,,1.0,SOFT_MISMATCH,0.194,1.000
OCC000218,Occidentis,Dux Pannoniae primae,1336,Gerolate,tail,,Equites sagittarii,Pannoniae et Norici ripensis,,,Pannoniae et Norici ripensis,Pannoniae et Norici ripensis,,Dux Pannoniae primae / Dux Pannoniae primae / Sub dispositione viri spectabilis ducis Pannoniae et Norici ripensis,1,207130,Gerulatis,Gerolatis,original_case,0,44.463517,22.250032,unknown,DACIA RIPENSIS,71,,,,0.8888888888888888,SOFT_MISMATCH,0.554,0.889
OCC000221,Occidentis,Dux Pannoniae primae,1340,Vindomarae,tail,Praefectus,legionis decimae geminae,Pannoniae et Norici ripensis,,,Pannoniae et Norici ripensis,Pannoniae et Norici ripensis,,Dux Pannoniae primae / Dux Pannoniae primae / Sub dispositione viri spectabilis ducis Pannoniae et Norici ripensis,1,89314,Vindomora,Vindomara,original_case,0,54.89414,-1.840139,unknown,BRITANNIAE I AND II,96,,,,0.8888888888888888,SOFT_MISMATCH,0.333,0.889
OCC000226,Occidentis,Dux Pannoniae primae,1344,Arrianis,tail,Tribunus,cohortis,Pannoniae et Norici ripensis,,,Pannoniae et Norici ripensis,Pannoniae et Norici ripensis,,Dux Pannoniae primae / Dux Pannoniae primae / Sub dispositione viri spectabilis ducis Pannoniae et Norici ripensis,1,481704,Agrianes,Arrianes,original_case,0,42.5,22.5,unknown,DACIA MEDITERRANEA,58,,,,0.875,SOFT_MISMATCH,0.264,0.875
OCC000226,Occidentis,Dux Pannoniae primae,1344,Arrianis,tail,Tribunus,cohortis,Pannoniae et Norici ripensis,,,Pannoniae et Norici ripensis,Pannoniae et Norici ripensis,,Dux Pannoniae primae / Dux Pannoniae primae / Sub dispositione viri spectabilis ducis Pannoniae et Norici ripensis,2,511142,Agrianes,Arrianes,original_case,0,41.25,27.25,unknown,EUROPA,52,,,,0.875,SOFT_MISMATCH,0.139,0.875
OCC000238,Occidentis,Dux Pannoniae primae,1359,Boiodoro,tail,Tribunus,cohortis,Pannoniae et Norici ripensis,,,Pannoniae et Norici ripensis,Pannoniae et Norici ripensis,,Dux Pannoniae primae / Dux Pannoniae primae / Sub dispositione viri spectabilis ducis Pannoniae et Norici ripensis,1,118606,Boiodurum,Boiodorum,original_case,0,48.57352,13.463926,unknown,RAETIA,90,,,,0.8888888888888888,SOFT_MISMATCH,0.264,0.889
OCC000271,Occidentis,Dux tractus Armoricani,1429,Constantia,tail,Praefectus,militum primae Flaviae,tractus Armoricani et Neruicani,,,tractus Armoricani et Neruicani,tractus Armoricani et Neruicani,,Dux tractus Armoricani / Dux tractus Armoricani / Sub dispositione viri spectabilis ducis tractus Armoricani et Neruicani,1,187352,Constantia,Constantia,original,0,47.661288,9.172064,unknown,RAETIA,90,,,,1.0,NO_CONTEXT,0.000,1.000
OCC000271,Occidentis,Dux tractus Armoricani,1429,Constantia,tail,Praefectus,militum primae Flaviae,tractus Armoricani et Neruicani,,,tractus Armoricani et Neruicani,tractus Armoricani et Neruicani,,Dux tractus Armoricani / Dux tractus Armoricani / Sub dispositione viri spectabilis ducis tractus Armoricani et Neruicani,2,668190,Constantia,Constantia,original,0,34.909961,35.878069,unknown,PHOENICE,19,,,,1.0,NO_CONTEXT,0.000,1.000
OCC000271,Occidentis,Dux tractus Armoricani,1429,Constantia,tail,Praefectus,militum primae Flaviae,tractus Armoricani et Neruicani,,,tractus Armoricani et Neruicani,tractus Armoricani et Neruicani,,Dux tractus Armoricani / Dux tractus Armoricani / Sub dispositione viri spectabilis ducis tractus Armoricani et Neruicani,3,682538,Constantia,Constantia,original,0,,,unknown,,,,,,1.0,NO_POLYGON,0.000,1.000
OCC000271,Occidentis,Dux tractus Armoricani,1429,Constantia,tail,Praefectus,militum primae Flaviae,tractus Armoricani et Neruicani,,,tractus Armoricani et Neruicani,tractus Armoricani et Neruicani,,Dux tractus Armoricani / Dux tractus Armoricani / Sub dispositione viri spectabilis ducis tractus Armoricani et Neruicani,4,687903,Constantia,Constantia,original,0,31.530845,34.433158,unknown,,,PALAESTINA,11,0.42,1.0,NO_POLYGON,0.000,1.000
OCC000271,Occidentis,Dux tractus Armoricani,1429,Constantia,tail,Praefectus,militum primae Flaviae,tractus Armoricani et Neruicani,,,tractus Armoricani et Neruicani,tractus Armoricani et Neruicani,,Dux tractus Armoricani / Dux tractus Armoricani / Sub dispositione viri spectabilis ducis tractus Armoricani et Neruicani,5,69494,Constantia,Constantia,original,0,49.0487,-1.44444,unknown,LUGDUNENSIS II,91,,,,1.0,NO_CONTEXT,0.000,1.000
OCC000272,Occidentis,Dux tractus Armoricani,1430,Rotomago,tail,Praefectus,militum Ursariensium,tractus Armoricani et Neruicani,,,tractus Armoricani et Neruicani,tractus Armoricani et Neruicani,,Dux tractus Armoricani / Dux tractus Armoricani / Sub dispositione viri spectabilis ducis tractus Armoricani et Neruicani,1,109287,Rotomagus,Rotomagus,original_case,0,49.441459,1.097921,unknown,LUGDUNENSIS II,91,,,,1.0,NO_CONTEXT,0.000,1.000
OCC000272,Occidentis,Dux tractus Armoricani,1430,Rotomago,tail,Praefectus,militum Ursariensium,tractus Armoricani et Neruicani,,,tractus Armoricani et Neruicani,tractus Armoricani et Neruicani,,Dux tractus Armoricani / Dux tractus Armoricani / Sub dispositione viri spectabilis ducis tractus Armoricani et Neruicani,2,138543,Rotomagus,Rotomagus,original_case,0,47.259024,0.57529,unknown,LUGDUNENSIS II,91,,,,1.0,NO_CONTEXT,0.000,1.000
OCC000273,Occidentis,Dux tractus Armoricani,1431,Abrincatis,tail,Praefectus,militum Dalmatarum,tractus Armoricani et Neruicani,,,tractus Armoricani et Neruicani,tractus Armoricani et Neruicani,,Dux tractus Armoricani / Dux tractus Armoricani / Sub dispositione viri spectabilis ducis tractus Armoricani et Neruicani,1,69518,Abrincas,Abrinca,toponymic_atis,1,48.683522,-1.355466,unknown,LUGDUNENSIS II,91,,,,0.875,NO_CONTEXT,0.000,0.875
OCC000274,Occidentis,Dux tractus Armoricani,1432,Grannono,tail,Praefectus,militum Grannonensium,tractus Armoricani et Neruicani,,,tractus Armoricani et Neruicani,tractus Armoricani et Neruicani,,Dux tractus Armoricani / Dux tractus Armoricani / Sub dispositione viri spectabilis ducis tractus Armoricani et Neruicani,1,138377,Grannona,Grannono,original,0,47.5,-2.5,unknown,,,LUGDUNENSIS II,91,1.27,0.875,NO_POLYGON,0.000,0.875
OCC000279,Occidentis,Dux Britanniarum,1471,Praesidio,tail,Praefectus,equitum Dalmatarum,Britanniarum,,,Britanniarum,Britanniarum,,Dux Britanniarum / Dux Britanniarum / Sub dispositione viri spectabilis ducis Britanniarum,1,344500,Praesidium,Praesidium,original_case,0,33.152115,11.472098,unknown,TRIPOLITANA,4,,,,1.0,SOFT_MISMATCH,0.364,1.000
OCC000279,Occidentis,Dux Britanniarum,1471,Praesidio,tail,Praefectus,equitum Dalmatarum,Britanniarum,,,Britanniarum,Britanniarum,,Dux Britanniarum / Dux Britanniarum / Sub dispositione viri spectabilis ducis Britanniarum,2,344461,Praesidium,Praesidium,original_case,0,32.5,10.5,unknown,TRIPOLITANA,4,,,,1.0,SOFT_MISMATCH,0.364,1.000
OCC000279,Occidentis,Dux Britanniarum,1471,Praesidio,tail,Praefectus,equitum Dalmatarum,Britanniarum,,,Britanniarum,Britanniarum,,Dux Britanniarum / Dux Britanniarum / Sub dispositione viri spectabilis ducis Britanniarum,3,256386,Praesidium,Praesidium,original_case,0,37.30244,-7.133488,settlement,BAETICA,25,,,,1.0,SOFT_MISMATCH,0.333,1.000
OCC000279,Occidentis,Dux Britanniarum,1471,Praesidio,tail,Praefectus,equitum Dalmatarum,Britanniarum,,,Britanniarum,Britanniarum,,Dux Britanniarum / Dux Britanniarum / Sub dispositione viri spectabilis ducis Britanniarum,4,236617,Praesidium,Praesidium,original_case,0,42.5,-7.5,unknown,GALLAECIA,69,,,,1.0,SOFT_MISMATCH,0.222,1.000
OCC000279,Occidentis,Dux Britanniarum,1471,Praesidio,tail,Praefectus,equitum Dalmatarum,Britanniarum,,,Britanniarum,Britanniarum,,Dux Britanniarum / Dux Britanniarum / Sub dispositione viri spectabilis ducis Britanniarum,5,746796,Praesidio,Praesidio,original,0,29.667258,35.261064,unknown,,,PALAESTINA,11,14.73,1.0,SOFT_NEAR_MISMATCH,0.111,1.000
OCC000302,Occidentis,Dux Britanniarum,1495,Magnis,tail,Tribunus,cohortis secundae Dalmatarum,Britanniarum,,,Britanniarum,Britanniarum,,Dux Britanniarum / Dux Britanniarum / Item per lineam Valli,1,79587,Magnis,Magnis,original,0,52.081307,-2.821946,unknown,BRITANNIAE I AND II,96,,,,1.0,SOFT_MATCH,1.000,1.000
OCC000302,Occidentis,Dux Britanniarum,1495,Magnis,tail,Tribunus,cohortis secundae Dalmatarum,Britanniarum,,,Britanniarum,Britanniarum,,Dux Britanniarum / Dux Britanniarum / Item per lineam Valli,2,89238,Magnis,Magnis,original,0,54.984863,-2.52422,unknown,BRITANNIAE I AND II,96,,,,1.0,SOFT_MATCH,1.000,1.000
OCC000316,Occidentis,Dux Mogontiacensis,1523,Tabernis,tail,Praefectus,militum Menapiorum,Mogonticensis,,,Mogonticensis,Mogonticensis,,Dux Mogontiacensis / Dux Mogontiacensis / Sub dispositione viri spectabilis ducis Mogonticensis,1,109361,Tabernae,Tabernae,original_case,0,49.668682,6.5162051,unknown,BELGICA I,92,,,,1.0,NO_CONTEXT,0.000,1.000
OCC000316,Occidentis,Dux Mogontiacensis,1523,Tabernis,tail,Praefectus,militum Menapiorum,Mogonticensis,,,Mogonticensis,Mogonticensis,,Dux Mogontiacensis / Dux Mogontiacensis / Sub dispositione viri spectabilis ducis Mogonticensis,2,109362,Tabernae,Tabernae,original_case,0,49.119313,8.278086,unknown,GERMANIA I,93,,,,1.0,NO_CONTEXT,0.000,1.000
OCC000316,Occidentis,Dux Mogontiacensis,1523,Tabernis,tail,Praefectus,militum Menapiorum,Mogonticensis,,,Mogonticensis,Mogonticensis,,Dux Mogontiacensis / Dux Mogontiacensis / Sub dispositione viri spectabilis ducis Mogonticensis,3,275729,Tabernae,Tabernae,original_case,0,35.333689,-5.981627,unknown,MAURETANIA TINGITANA,14,,,,1.0,NO_CONTEXT,0.000,1.000
OCC000318,Occidentis,Dux Mogontiacensis,1525,Nemetis,tail,Praefectus,militum vindicum,Mogonticensis,,,Mogonticensis,Mogonticensis,,Dux Mogontiacensis / Dux Mogontiacensis / Sub dispositione viri spectabilis ducis Mogonticensis,1,109224,Nemetae,Nemetae,original_case,0,49.317282,8.430994,unknown,,,GERMANIA I,93,1.25,1.0,NO_POLYGON,0.000,1.000
OCC000318,Occidentis,Dux Mogontiacensis,1525,Nemetis,tail,Praefectus,militum vindicum,Mogonticensis,,,Mogonticensis,Mogonticensis,,Dux Mogontiacensis / Dux Mogontiacensis / Sub dispositione viri spectabilis ducis Mogonticensis,2,109196,Nemetes,Nemetes,original_case,0,49.5,7.5,unknown,BELGICA I,92,,,,1.0,NO_CONTEXT,0.000,1.000
OCC000319,Occidentis,Dux Mogontiacensis,1526,Alta Ripa,tail,Praefectus,militum Martensium,Mogonticensis,,,Mogonticensis,Mogonticensis,,Dux Mogontiacensis / Dux Mogontiacensis / Sub dispositione viri spectabilis ducis Mogonticensis,1,108735,Alta Ripa,Alta Ripa,original,0,49.431501,8.498955,unknown,GERMANIA I,93,,,,1.0,NO_CONTEXT,0.000,1.000
OCC000319,Occidentis,Dux Mogontiacensis,1526,Alta Ripa,tail,Praefectus,militum Martensium,Mogonticensis,,,Mogonticensis,Mogonticensis,,Dux Mogontiacensis / Dux Mogontiacensis / Sub dispositione viri spectabilis ducis Mogonticensis,2,197109,Alta Ripa,Alta Ripa,original,0,46.423606,18.790249,unknown,,,VALERIA,85,3.41,1.0,NO_POLYGON,0.000,1.000
OCC000335,Occidentis,Item praepositurae magistri militum praesentalis a parte peditum,1560,Calaronae,tail,Tribunus,cohortis primae Flaviae Sapaudicae,Riparensi,,Riparensi,,Riparensi,GALLIAE,Item praepositurae magistri militum praesentalis a parte peditum / Item praepositurae magistri militum praesentalis a parte peditum / In Gallia / In provincia Riparensi,1,682534,Calamona,Calarona,original_case,0,,,unknown,,,,,,0.875,REGION_UNVERIFIED,0.000,0.875
OCC000335,Occidentis,Item praepositurae magistri militum praesentalis a parte peditum,1560,Calaronae,tail,Tribunus,cohortis primae Flaviae Sapaudicae,Riparensi,,Riparensi,,Riparensi,GALLIAE,Item praepositurae magistri militum praesentalis a parte peditum / Item praepositurae magistri militum praesentalis a parte peditum / In Gallia / In provincia Riparensi,2,699894,Calamona,Calarona,original_case,0,,,unknown,,,,,,0.875,REGION_UNVERIFIED,0.000,0.875
OCC000343,Occidentis,Item praepositurae magistri militum praesentalis a parte peditum,1573,Brigantiae,tail,Tribunus,cohortis Celtiberae,Callaecia,,Callaecia,,Callaecia,HISPANIA,Item praepositurae magistri militum praesentalis a parte peditum / Item praepositurae magistri militum praesentalis a parte peditum / Hispaniae / In provincia Callaecia,1,167690,Brigantio,Brigantiae,original,0,45.532064,6.473626,settlement,ALPES GRAIAE ET POENINAE,75,,,,0.8888888888888888,HARD_MISMATCH,0.375,0.889
OCC000343,Occidentis,Item praepositurae magistri militum praesentalis a parte peditum,1573,Brigantiae,tail,Tribunus,cohortis Celtiberae,Callaecia,,Callaecia,,Callaecia,HISPANIA,Item praepositurae magistri militum praesentalis a parte peditum / Item praepositurae magistri militum praesentalis a parte peditum / Hispaniae / In provincia Callaecia,2,187325,Brigantii,Brigantiae,original,0,47.503041,9.747061,unknown,,,RAETIA,90,0.16,0.8888888888888888,HARD_NEAR_MISMATCH,0.375,0.889
OCC000343,Occidentis,Item praepositurae magistri militum praesentalis a parte peditum,1573,Brigantiae,tail,Tribunus,cohortis Celtiberae,Callaecia,,Callaecia,,Callaecia,HISPANIA,Item praepositurae magistri militum praesentalis a parte peditum / Item praepositurae magistri militum praesentalis a parte peditum / Hispaniae / In provincia Callaecia,3,167691,Brigantio,Brigantiae,original,0,44.896881,6.633951,unknown,ALPES GRAIAE ET POENINAE,75,,,,0.8888888888888888,HARD_MISMATCH,0.375,0.889
OCC000353,Occidentis,Item praepositurae magistri militum praesentalis a parte peditum,1585,Noviomago,tail,Praefectus,laetorum Batavorum Contraginnensium,belgicae secundae,,belgicae secundae,,belgicae secundae,,Item praepositurae magistri militum praesentalis a parte peditum / Item praepositurae magistri militum praesentalis a parte peditum,1,109218,Noviomagus,Noviomagus,original_case,0,49.578949,3.002887,unknown,BELGICA II,94,,,,1.0,HARD_MATCH,1.000,1.000
OCC000353,Occidentis,Item praepositurae magistri militum praesentalis a parte peditum,1585,Noviomago,tail,Praefectus,laetorum Batavorum Contraginnensium,belgicae secundae,,belgicae secundae,,belgicae secundae,,Item praepositurae magistri militum praesentalis a parte peditum / Item praepositurae magistri militum praesentalis a parte peditum,2,109219,Noviomagus,Noviomagus,original_case,0,49.599239,4.424809,unknown,BELGICA II,94,,,,1.0,HARD_MATCH,1.000,1.000
OCC000353,Occidentis,Item praepositurae magistri militum praesentalis a parte peditum,1585,Noviomago,tail,Praefectus,laetorum Batavorum Contraginnensium,belgicae secundae,,belgicae secundae,,belgicae secundae,,Item praepositurae magistri militum praesentalis a parte peditum / Item praepositurae magistri militum praesentalis a parte peditum,3,109220,Noviomagus,Noviomagus,original_case,0,48.192836,5.640783,unknown,SEQUANIA,88,,,,1.0,HARD_MISMATCH,0.438,1.000
OCC000353,Occidentis,Item praepositurae magistri militum praesentalis a parte peditum,1585,Noviomago,tail,Praefectus,laetorum Batavorum Contraginnensium,belgicae secundae,,belgicae secundae,,belgicae secundae,,Item praepositurae magistri militum praesentalis a parte peditum / Item praepositurae magistri militum praesentalis a parte peditum,4,109224,Noviomagus,Noviomagus,original_case,0,49.317282,8.430994,unknown,,,GERMANIA I,93,1.25,1.0,HARD_NEAR_MISMATCH,0.312,1.000
OCC000353,Occidentis,Item praepositurae magistri militum praesentalis a parte peditum,1585,Noviomago,tail,Praefectus,laetorum Batavorum Contraginnensium,belgicae secundae,,belgicae secundae,,belgicae secundae,,Item praepositurae magistri militum praesentalis a parte peditum / Item praepositurae magistri militum praesentalis a parte peditum,5,98921,Noviomagus,Noviomagus,original_case,0,51.84167,5.858672,unknown,GERMANIA II,95,,,,1.0,HARD_MISMATCH,0.312,1.000
OCC000357,Occidentis,Item praepositurae magistri militum praesentalis a parte peditum,1597,Foro Fuluiensi,tail,Praefectus,Sarmatarum gentilium,Italia mediterranea,,Italia mediterranea,,Italia mediterranea,,Item praepositurae magistri militum praesentalis a parte peditum / Item praepositurae magistri militum praesentalis a parte peditum / Item in provincia Italia mediterranea,1,188321148,Foro,Foro,first_word,1,40.7491758,14.4851429,plaza,CAMPANIA,35,,,,1.0,NO_CONTEXT,0.000,1.000
OCC000357,Occidentis,Item praepositurae magistri militum praesentalis a parte peditum,1597,Foro Fuluiensi,tail,Praefectus,Sarmatarum gentilium,Italia mediterranea,,Italia mediterranea,,Italia mediterranea,,Item praepositurae magistri militum praesentalis a parte peditum / Item praepositurae magistri militum praesentalis a parte peditum / Item in provincia Italia mediterranea,2,540663113,Forum,Forum,first_word_case,1,40.7488316,14.4877038,plaza,CAMPANIA,35,,,,1.0,NO_CONTEXT,0.000,1.000
OCC000361,Occidentis,Item praepositurae magistri militum praesentalis a parte peditum,1602,Taurinis,tail,Praefectus,Sarmatarum gentilium,Italia mediterranea,,Italia mediterranea,,Italia mediterranea,,Item praepositurae magistri militum praesentalis a parte peditum / Item praepositurae magistri militum praesentalis a parte peditum / Item in provincia Italia mediterranea,1,383794,Taurini,Taurinis,original,0,45.25,7.75,unknown,AEMILIA ET LIGURIA,77,,,,0.875,NO_CONTEXT,0.000,0.875
OCC000362,Occidentis,Item praepositurae magistri militum praesentalis a parte peditum,1603,Aquis,tail,Praefectus,Sarmatarum gentilium,Italia mediterranea,,Italia mediterranea,,Italia mediterranea,,Item praepositurae magistri militum praesentalis a parte peditum / Item praepositurae magistri militum praesentalis a parte peditum / Item in provincia Italia mediterranea,1,108748,Aquae,Aquae,original_case,0,48.759799,8.239789,unknown,,,GERMANIA I,93,20.69,1.0,NO_POLYGON,0.000,1.000
OCC000362,Occidentis,Item praepositurae magistri militum praesentalis a parte peditum,1603,Aquis,tail,Praefectus,Sarmatarum gentilium,Italia mediterranea,,Italia mediterranea,,Italia mediterranea,,Item praepositurae magistri militum praesentalis a parte peditum / Item praepositurae magistri militum praesentalis a parte peditum / Item in provincia Italia mediterranea,2,128355,Aquae,Aquae,original_case,0,48.006148,16.232354,unknown,NORICUM RIPENSE,89,,,,1.0,NO_CONTEXT,0.000,1.000
OCC000362,Occidentis,Item praepositurae magistri militum praesentalis a parte peditum,1603,Aquis,tail,Praefectus,Sarmatarum gentilium,Italia mediterranea,,Italia mediterranea,,Italia mediterranea,,Item praepositurae magistri militum praesentalis a parte peditum / Item praepositurae magistri militum praesentalis a parte peditum / Item in provincia Italia mediterranea,3,197125,Aquae,Aquae,original_case,0,48.5,16.5,unknown,,,NORICUM RIPENSE,89,10.74,1.0,NO_POLYGON,0.000,1.000
OCC000362,Occidentis,Item praepositurae magistri militum praesentalis a parte peditum,1603,Aquis,tail,Praefectus,Sarmatarum gentilium,Italia mediterranea,,Italia mediterranea,,Italia mediterranea,,Item praepositurae magistri militum praesentalis a parte peditum / Item praepositurae magistri militum praesentalis a parte peditum / Item in provincia Italia mediterranea,4,206928,Aquae,Aquae,original_case,0,45.763248,23.003213,unknown,,,DACIA RIPENSIS,71,113.55,1.0,NO_POLYGON,0.000,1.000
OCC000362,Occidentis,Item praepositurae magistri militum praesentalis a parte peditum,1603,Aquis,tail,Praefectus,Sarmatarum gentilium,Italia mediterranea,,Italia mediterranea,,Italia mediterranea,,Item praepositurae magistri militum praesentalis a parte peditum / Item praepositurae magistri militum praesentalis a parte peditum / Item in provincia Italia mediterranea,5,314881,Aquae,Aquae,original_case,0,36.450213,9.369939,unknown,AFRICA PROCONSULARIS,15,,,,1.0,NO_CONTEXT,0.000,1.000
OCC000367,Occidentis,Item praepositurae magistri militum praesentalis a parte peditum,1608,Quadratis et Eporizio,tail,Praefectus,Sarmatarum gentilium,Italia mediterranea,,Italia mediterranea,,Italia mediterranea,,Item praepositurae magistri militum praesentalis a parte peditum / Item praepositurae magistri militum praesentalis a parte peditum / Item in provincia Italia mediterranea,1,197463,Quadrata,Quadratae,first_word_case,1,47.736147,17.390445,unknown,PANNONIA SUPERIOR,86,,,,0.875,NO_CONTEXT,0.000,0.875
OCC000367,Occidentis,Item praepositurae magistri militum praesentalis a parte peditum,1608,Quadratis et Eporizio,tail,Praefectus,Sarmatarum gentilium,Italia mediterranea,,Italia mediterranea,,Italia mediterranea,,Item praepositurae magistri militum praesentalis a parte peditum / Item praepositurae magistri militum praesentalis a parte peditum / Item in provincia Italia mediterranea,2,203150,Quadrata,Quadratae,first_word_case,1,,,unknown,,,,,,0.875,NO_POLYGON,0.000,0.875
OCC000367,Occidentis,Item praepositurae magistri militum praesentalis a parte peditum,1608,Quadratis et Eporizio,tail,Praefectus,Sarmatarum gentilium,Italia mediterranea,,Italia mediterranea,,Italia mediterranea,,Item praepositurae magistri militum praesentalis a parte peditum / Item praepositurae magistri militum praesentalis a parte peditum / Item in provincia Italia mediterranea,3,383753,Quadrata,Quadratae,first_word_case,1,45.191112,7.969391,unknown,AEMILIA ET LIGURIA,77,,,,0.875,NO_CONTEXT,0.000,0.875
OCC000367,Occidentis,Item praepositurae magistri militum praesentalis a parte peditum,1608,Quadratis et Eporizio,tail,Praefectus,Sarmatarum gentilium,Italia mediterranea,,Italia mediterranea,,Italia mediterranea,,Item praepositurae magistri militum praesentalis a parte peditum / Item praepositurae magistri militum praesentalis a parte peditum / Item in provincia Italia mediterranea,4,387333,Quadrata,Quadratae,first_word_case,1,,,unknown,,,,,,0.875,NO_POLYGON,0.000,0.875
OCC000369,Occidentis,Item praepositurae magistri militum praesentalis a parte peditum,1611,Pictavis,tail,Praefectus,Sarmatarum et Taifalorum gentilium,Gallia,,Gallia,,Gallia,GALLIAE,Item praepositurae magistri militum praesentalis a parte peditum / Item praepositurae magistri militum praesentalis a parte peditum / In Gallia,1,138422,Pictavi,Pictavis,original,0,46.586951,0.342633,unknown,AQUITANIA II,84,,,,0.875,REGION_MATCH,1.000,0.875
OCC000369,Occidentis,Item praepositurae magistri militum praesentalis a parte peditum,1611,Pictavis,tail,Praefectus,Sarmatarum et Taifalorum gentilium,Gallia,,Gallia,,Gallia,GALLIAE,Item praepositurae magistri militum praesentalis a parte peditum / Item praepositurae magistri militum praesentalis a parte peditum / In Gallia,2,138515,Pictavi,Pictavis,original,0,46.5,-1.5,unknown,AQUITANIA II,84,,,,0.875,REGION_MATCH,1.000,0.875
OCC000370,Occidentis,Item praepositurae magistri militum praesentalis a parte peditum,1615,Lingonas,tail,Praefectus,Sarmatarum gentilium,Gallia,,Gallia,,Gallia,GALLIAE,Item praepositurae magistri militum praesentalis a parte peditum / Item praepositurae magistri militum praesentalis a parte peditum / In Gallia,1,177441,Lingones,Lingonas,original,0,47.864221,5.335214,unknown,LUGDUNENSIS I,87,,,,0.875,REGION_MATCH,1.000,0.875
OCC000370,Occidentis,Item praepositurae magistri militum praesentalis a parte peditum,1615,Lingonas,tail,Praefectus,Sarmatarum gentilium,Gallia,,Gallia,,Gallia,GALLIAE,Item praepositurae magistri militum praesentalis a parte peditum / Item praepositurae magistri militum praesentalis a parte peditum / In Gallia,2,177564,Lingones,Lingonas,original,0,47.864221,5.335214,unknown,LUGDUNENSIS I,87,,,,0.875,REGION_MATCH,1.000,0.875
OCC000370,Occidentis,Item praepositurae magistri militum praesentalis a parte peditum,1615,Lingonas,tail,Praefectus,Sarmatarum gentilium,Gallia,,Gallia,,Gallia,GALLIAE,Item praepositurae magistri militum praesentalis a parte peditum / Item praepositurae magistri militum praesentalis a parte peditum / In Gallia,3,393445,Lingones,Lingonas,original,0,44.75,11.75,unknown,AEMILIA ET LIGURIA,77,,,,0.875,REGION_MISMATCH,0.000,0.875
OCC000390,Oriens,Comes limitis Aegypti,796,Scenas Ueteranorum,tail,,Equites Saraceni Thamudeni,Aegypti,,,Aegypti,Aegypti,,Comes limitis Aegypti / Comes limitis Aegypti / Sub dispositione viri spectabilis comitis rei militaris per Aegyptum,1,730155,Scenae Veteranorum,Scenas Ueteranorum,original,0,,,unknown,,,,,,0.8823529411764706,SOFT_UNVERIFIED,0.000,0.882
OCC000391,Oriens,Comes limitis Aegypti,797,Andro,tail,,Legio tertia Diocletiana,Aegypti,,,Aegypti,Aegypti,,Comes limitis Aegypti / Comes limitis Aegypti / Sub dispositione viri spectabilis comitis rei militaris per Aegyptum,1,619107,Andros,Andros,original_case,0,39.630029,32.658027,unknown,GALATIA,49,,,,1.0,SOFT_MISMATCH,0.286,1.000
OCC000391,Oriens,Comes limitis Aegypti,797,Andro,tail,,Legio tertia Diocletiana,Aegypti,,,Aegypti,Aegypti,,Comes limitis Aegypti / Comes limitis Aegypti / Sub dispositione viri spectabilis comitis rei militaris per Aegyptum,2,589692,Andros,Andros,original_case,0,37.8188329,24.8323379,settlement-modern,INSULAE,17,,,,1.0,SOFT_MISMATCH,0.143,1.000
OCC000391,Oriens,Comes limitis Aegypti,797,Andro,tail,,Legio tertia Diocletiana,Aegypti,,,Aegypti,Aegypti,,Comes limitis Aegypti / Comes limitis Aegypti / Sub dispositione viri spectabilis comitis rei militaris per Aegyptum,3,589693,Andros,Andros,original_case,0,37.85,24.86,island,INSULAE,17,,,,1.0,SOFT_MISMATCH,0.143,1.000
OCC000391,Oriens,Comes limitis Aegypti,797,Andro,tail,,Legio tertia Diocletiana,Aegypti,,,Aegypti,Aegypti,,Comes limitis Aegypti / Comes limitis Aegypti / Sub dispositione viri spectabilis comitis rei militaris per Aegyptum,4,79294,Andros,Andros,original_case,0,53.5,-6.5,unknown,,,BRITANNIAE I AND II,96,128.50,1.0,SOFT_UNVERIFIED,0.000,1.000
OCC000400,Oriens,Comes limitis Aegypti,809,Scenas Veteranorum,tail,,Ala quinta Raetorum,Aegypti,,,Aegypti,Aegypti,,Comes limitis Aegypti / Comes limitis Aegypti / Sub dispositione viri spectabilis comitis rei militaris per Aegyptum,1,730155,Scenae Veteranorum,Scenas Veteranorum,original,0,,,unknown,,,,,,0.8823529411764706,SOFT_UNVERIFIED,0.000,0.882
OCC000406,Oriens,Comes limitis Aegypti,815,Busiris,tail,,Cohors secunda Astarum,Aegypti,,,Aegypti,Aegypti,,Comes limitis Aegypti / Comes limitis Aegypti / Sub dispositione viri spectabilis comitis rei militaris per Aegyptum,1,727090,Bousiris,Busiris,original,0,30.910895,31.244266,unknown,AEGYPTUS HERCULIA,6,,,,0.875,SOFT_MATCH,1.000,0.875
OCC000406,Oriens,Comes limitis Aegypti,815,Busiris,tail,,Cohors secunda Astarum,Aegypti,,,Aegypti,Aegypti,,Comes limitis Aegypti / Comes limitis Aegypti / Sub dispositione viri spectabilis comitis rei militaris per Aegyptum,2,736900,Bousiris,Busiris,original,0,29.250259,31.086541,unknown,AEGYPTUS HERCULIA,6,,,,0.875,SOFT_MATCH,1.000,0.875
OCC000406,Oriens,Comes limitis Aegypti,815,Busiris,tail,,Cohors secunda Astarum,Aegypti,,,Aegypti,Aegypti,,Comes limitis Aegypti / Comes limitis Aegypti / Sub dispositione viri spectabilis comitis rei militaris per Aegyptum,3,756543,Bousiris,Busiris,original,0,27.75,30.75,unknown,THEBAIS,1,,,,0.875,SOFT_MISMATCH,0.143,0.875
OCC000406,Oriens,Comes limitis Aegypti,815,Busiris,tail,,Cohors secunda Astarum,Aegypti,,,Aegypti,Aegypti,,Comes limitis Aegypti / Comes limitis Aegypti / Sub dispositione viri spectabilis comitis rei militaris per Aegyptum,4,741446,Bousiris,Busiris,original,0,,,unknown,,,,,,0.875,SOFT_UNVERIFIED,0.000,0.875
OCC000411,Oriens,Comes limitis Aegypti,821,Castra Iudaeorum,tail,,Cohors prima Epireorum,Augustamnicae,,Augustamnicae,Aegypti,Augustamnicae,,Comes limitis Aegypti / Comes limitis Aegypti / Provinciae Augustamnicae,1,197276,Castra,Castra,first_word,1,45.889335,13.90521,unknown,VENETIA ET HISTRIA,80,,,,1.0,SOFT_MISMATCH,0.286,1.000
OCC000411,Oriens,Comes limitis Aegypti,821,Castra Iudaeorum,tail,,Cohors prima Epireorum,Augustamnicae,,Augustamnicae,Aegypti,Augustamnicae,,Comes limitis Aegypti / Comes limitis Aegypti / Provinciae Augustamnicae,2,197197,Castra,Castra,first_word,1,44.766562,17.190468,unknown,DALMATIA,72,,,,1.0,SOFT_MISMATCH,0.250,1.000
OCC000411,Oriens,Comes limitis Aegypti,821,Castra Iudaeorum,tail,,Cohors prima Epireorum,Augustamnicae,,Augustamnicae,Aegypti,Augustamnicae,,Comes limitis Aegypti / Comes limitis Aegypti / Provinciae Augustamnicae,3,481782,Castra,Castra,first_word,1,41.083948,21.15558,unknown,MACEDONIA,44,,,,1.0,SOFT_MISMATCH,0.111,1.000
OCC000417,Oriens,Dux Thebaidos,864,Hermupoli,tail,,Cuneus equitum scutariorum,Thebaidos,,,Thebaidos,Thebaidos,,Dux Thebaidos / Dux Thebaidos / Sub dispositione viri spectabilis ducis Thebaidos,1,727122,Hermou Polis,Hermupolis,original_case,0,31.037798,31.379406,unknown,AEGYPTUS HERCULIA,6,,,,0.9090909090909091,SOFT_MISMATCH,0.250,0.909
OCC000417,Oriens,Dux Thebaidos,864,Hermupoli,tail,,Cuneus equitum scutariorum,Thebaidos,,,Thebaidos,Thebaidos,,Dux Thebaidos / Dux Thebaidos / Sub dispositione viri spectabilis ducis Thebaidos,2,727123,Hermoupolis,Hermupolis,original_case,0,31.033949,30.470267,unknown,AEGYPTUS IOVIA,5,,,,0.9090909090909091,SOFT_MISMATCH,0.250,0.909
OCC000417,Oriens,Dux Thebaidos,864,Hermupoli,tail,,Cuneus equitum scutariorum,Thebaidos,,,Thebaidos,Thebaidos,,Dux Thebaidos / Dux Thebaidos / Sub dispositione viri spectabilis ducis Thebaidos,3,573251,Hermoupolis,Hermupolis,original_case,0,,,unknown,,,,,,0.9090909090909091,SOFT_UNVERIFIED,0.000,0.909
OCC000420,Oriens,Dux Thebaidos,867,Diospoli,tail,,Equites sagittarii indigenae,Thebaidos,,,Thebaidos,Thebaidos,,Dux Thebaidos / Dux Thebaidos / Sub dispositione viri spectabilis ducis Thebaidos,1,216859,Diospolis,Diospolis,original_case,0,42.528151,26.478937,unknown,HAEMIMONTUS,59,,,,1.0,SOFT_MISMATCH,0.300,1.000
OCC000420,Oriens,Dux Thebaidos,867,Diospoli,tail,,Equites sagittarii indigenae,Thebaidos,,,Thebaidos,Thebaidos,,Dux Thebaidos / Dux Thebaidos / Sub dispositione viri spectabilis ducis Thebaidos,2,609364,Diospolis,Diospolis,original_case,0,38.630906,29.595458,unknown,PHRYGIA I,36,,,,1.0,SOFT_MISMATCH,0.125,1.000
OCC000420,Oriens,Dux Thebaidos,867,Diospoli,tail,,Equites sagittarii indigenae,Thebaidos,,,Thebaidos,Thebaidos,,Dux Thebaidos / Dux Thebaidos / Sub dispositione viri spectabilis ducis Thebaidos,3,638955,Diospolis,Diospolis,original_case,0,37.831408,29.104542,unknown,PHRYGIA I,36,,,,1.0,SOFT_MISMATCH,0.125,1.000
OCC000420,Oriens,Dux Thebaidos,867,Diospoli,tail,,Equites sagittarii indigenae,Thebaidos,,,Thebaidos,Thebaidos,,Dux Thebaidos / Dux Thebaidos / Sub dispositione viri spectabilis ducis Thebaidos,4,844907,Diospolis,Diospolis,original_case,0,41.087499,31.123807,unknown,,,BITHYNIA,54,0.63,1.0,SOFT_NEAR_MISMATCH,0.125,1.000
OCC000420,Oriens,Dux Thebaidos,867,Diospoli,tail,,Equites sagittarii indigenae,Thebaidos,,,Thebaidos,Thebaidos,,Dux Thebaidos / Dux Thebaidos / Sub dispositione viri spectabilis ducis Thebaidos,5,687953,Diospolis,Diospolis,original_case,0,31.965599,34.891688,unknown,PALAESTINA,11,,,,1.0,SOFT_MISMATCH,0.111,1.000
OCC000429,Oriens,Dux Thebaidos,877,Thebas,tail,,Legio tertia Diocletiana,Thebaidos,,,Thebaidos,Thebaidos,,Dux Thebaidos / Dux Thebaidos / Sub dispositione viri spectabilis ducis Thebaidos,1,541138,Thebae,Thebae,original_case,0,38.319236,23.317355,unknown,ACHAIA,22,,,,1.0,SOFT_MISMATCH,0.250,1.000
OCC000429,Oriens,Dux Thebaidos,877,Thebas,tail,,Legio tertia Diocletiana,Thebaidos,,,Thebaidos,Thebaidos,,Dux Thebaidos / Dux Thebaidos / Sub dispositione viri spectabilis ducis Thebaidos,2,648577,Thebae,Thebae,original_case,0,37.245212,35.344087,unknown,CILICIA,38,,,,1.0,SOFT_MISMATCH,0.125,1.000
OCC000429,Oriens,Dux Thebaidos,877,Thebas,tail,,Legio tertia Diocletiana,Thebaidos,,,Thebaidos,Thebaidos,,Dux Thebaidos / Dux Thebaidos / Sub dispositione viri spectabilis ducis Thebaidos,3,847909,Theba,Theba,original_case,0,,,unknown,,,,,,1.0,SOFT_UNVERIFIED,0.000,1.000
OCC000453,Oriens,Dux Thebaidos,906,Diospoli,tail,,Cohors septima Francorum,Thebaidos,,,Thebaidos,Thebaidos,,Dux Thebaidos / Dux Thebaidos / Et quae de minore laterculo emittuntur,1,216859,Diospolis,Diospolis,original_case,0,42.528151,26.478937,unknown,HAEMIMONTUS,59,,,,1.0,SOFT_MISMATCH,0.300,1.000
OCC000453,Oriens,Dux Thebaidos,906,Diospoli,tail,,Cohors septima Francorum,Thebaidos,,,Thebaidos,Thebaidos,,Dux Thebaidos / Dux Thebaidos / Et quae de minore laterculo emittuntur,2,609364,Diospolis,Diospolis,original_case,0,38.630906,29.595458,unknown,PHRYGIA I,36,,,,1.0,SOFT_MISMATCH,0.125,1.000
OCC000453,Oriens,Dux Thebaidos,906,Diospoli,tail,,Cohors septima Francorum,Thebaidos,,,Thebaidos,Thebaidos,,Dux Thebaidos / Dux Thebaidos / Et quae de minore laterculo emittuntur,3,638955,Diospolis,Diospolis,original_case,0,37.831408,29.104542,unknown,PHRYGIA I,36,,,,1.0,SOFT_MISMATCH,0.125,1.000
OCC000453,Oriens,Dux Thebaidos,906,Diospoli,tail,,Cohors septima Francorum,Thebaidos,,,Thebaidos,Thebaidos,,Dux Thebaidos / Dux Thebaidos / Et quae de minore laterculo emittuntur,4,844907,Diospolis,Diospolis,original_case,0,41.087499,31.123807,unknown,,,BITHYNIA,54,0.63,1.0,SOFT_NEAR_MISMATCH,0.125,1.000
OCC000453,Oriens,Dux Thebaidos,906,Diospoli,tail,,Cohors septima Francorum,Thebaidos,,,Thebaidos,Thebaidos,,Dux Thebaidos / Dux Thebaidos / Et quae de minore laterculo emittuntur,5,687953,Diospolis,Diospolis,original_case,0,31.965599,34.891688,unknown,PALAESTINA,11,,,,1.0,SOFT_MISMATCH,0.111,1.000
OCC000462,Oriens,Dux Foenicis,927,Calamona,tail,,Equites sagittarii indigenae,Foenicis,,,Foenicis,Foenicis,,Dux Foenicis / Dux Foenicis / Sub dispositione viri spectabilis ducis Foenicis,1,682534,Calamona,Calamona,original,0,,,unknown,,,,,,1.0,SOFT_UNVERIFIED,0.000,1.000
OCC000462,Oriens,Dux Foenicis,927,Calamona,tail,,Equites sagittarii indigenae,Foenicis,,,Foenicis,Foenicis,,Dux Foenicis / Dux Foenicis / Sub dispositione viri spectabilis ducis Foenicis,2,699894,Calamona,Calamona,original,0,,,unknown,,,,,,1.0,SOFT_UNVERIFIED,0.000,1.000
OCC000483,Oriens,Dux Syriae,961,Adada,tail,,Equites promoti indigenae,Syriae et Eufratensis Syriae,,,Syriae et Eufratensis Syriae,Syriae et Eufratensis Syriae,,Dux Syriae / Dux Syriae / Sub dispositiones viri spectabilis ducis Syriae et Eufratensis Syriae,1,668178,Adada,Adada,original,0,34.900877,38.882857,unknown,SYRIA COELE,26,,,,1.0,SOFT_MATCH,1.000,1.000
OCC000483,Oriens,Dux Syriae,961,Adada,tail,,Equites promoti indigenae,Syriae et Eufratensis Syriae,,,Syriae et Eufratensis Syriae,Syriae et Eufratensis Syriae,,Dux Syriae / Dux Syriae / Sub dispositiones viri spectabilis ducis Syriae et Eufratensis Syriae,2,894070,Adada,Adada,original,0,34.919737,38.911002,unknown,SYRIA COELE,26,,,,1.0,SOFT_MATCH,1.000,1.000
OCC000483,Oriens,Dux Syriae,961,Adada,tail,,Equites promoti indigenae,Syriae et Eufratensis Syriae,,,Syriae et Eufratensis Syriae,Syriae et Eufratensis Syriae,,Dux Syriae / Dux Syriae / Sub dispositiones viri spectabilis ducis Syriae et Eufratensis Syriae,3,638733,Adada,Adada,original,0,37.570031,30.976484,unknown,PISIDIA,33,,,,1.0,SOFT_MISMATCH,0.411,1.000
OCC000489,Oriens,Dux Syriae,968,Neocaesereae,tail,,Equites Mauri Illyriciani,Augusta Eufratensi,,Augusta Eufratensi,Syriae,Augusta Eufratensi,In Augusta Eufratensi,Dux Syriae / Dux Syriae / In Augusta Eufratensi,1,857177,Neocaesarea,Neocaeserea,original_case,0,40.609983,36.951027,unknown,DIOSPONTUS,68,,,,0.9,HARD_MISMATCH,0.186,0.900
OCC000489,Oriens,Dux Syriae,968,Neocaesereae,tail,,Equites Mauri Illyriciani,Augusta Eufratensi,,Augusta Eufratensi,Syriae,Augusta Eufratensi,In Augusta Eufratensi,Dux Syriae / Dux Syriae / In Augusta Eufratensi,2,668201,Neocaesarea,Neocaeserea,original_case,0,35.976326,38.198554,unknown,OSRHOENE,37,,,,0.9,HARD_MISMATCH,0.150,0.900
OCC000517,Oriens,Dux Palaestinae,1009,Hasta,tail,,Ala prima miliara,Palaestinae,,,Palaestinae,Palaestinae,,Dux Palaestinae / Dux Palaestinae / Et quae de minore laterculo emittuntur,1,256193,Hasta,Hasta,original,0,36.788002,-6.172572,unknown,BAETICA,25,,,,1.0,SOFT_MISMATCH,0.444,1.000
OCC000517,Oriens,Dux Palaestinae,1009,Hasta,tail,,Ala prima miliara,Palaestinae,,,Palaestinae,Palaestinae,,Dux Palaestinae / Dux Palaestinae / Et quae de minore laterculo emittuntur,2,383669,Hasta,Hasta,original,0,44.900895,8.206756,unknown,AEMILIA ET LIGURIA,77,,,,1.0,SOFT_MISMATCH,0.222,1.000
OCC000517,Oriens,Dux Palaestinae,1009,Hasta,tail,,Ala prima miliara,Palaestinae,,,Palaestinae,Palaestinae,,Dux Palaestinae / Dux Palaestinae / Et quae de minore laterculo emittuntur,3,383670,Hasta,Hasta,original,0,44.430661,8.747845,unknown,AEMILIA ET LIGURIA,77,,,,1.0,SOFT_MISMATCH,0.222,1.000
OCC000517,Oriens,Dux Palaestinae,1009,Hasta,tail,,Ala prima miliara,Palaestinae,,,Palaestinae,Palaestinae,,Dux Palaestinae / Dux Palaestinae / Et quae de minore laterculo emittuntur,4,409224,Hasta,Hasta,original,0,,,unknown,,,,,,1.0,SOFT_UNVERIFIED,0.000,1.000
OCC000523,Oriens,Dux Palaestinae,1016,Calamona,tail,,Cohors prima equitata,Palaestinae,,,Palaestinae,Palaestinae,,Dux Palaestinae / Dux Palaestinae / Et quae de minore laterculo emittuntur,1,682534,Calamona,Calamona,original,0,,,unknown,,,,,,1.0,SOFT_UNVERIFIED,0.000,1.000
OCC000523,Oriens,Dux Palaestinae,1016,Calamona,tail,,Cohors prima equitata,Palaestinae,,,Palaestinae,Palaestinae,,Dux Palaestinae / Dux Palaestinae / Et quae de minore laterculo emittuntur,2,699894,Calamona,Calamona,original,0,,,unknown,,,,,,1.0,SOFT_UNVERIFIED,0.000,1.000
OCC000527,Oriens,Dux Osrhoenae,1034,Ganaba,tail,,Equites Dalmatae Illyriciani,Osrhoenae,,,Osrhoenae,Osrhoenae,,Dux Osrhoenae / Dux Osrhoenae / Sub dispositione viri spectabilis ducis Osrhoenae,1,874475,Ganaba,Ganaba,original,0,37.125108,39.47424,unknown,MESOPOTAMIA,45,,,,1.0,SOFT_MISMATCH,0.182,1.000
OCC000527,Oriens,Dux Osrhoenae,1034,Ganaba,tail,,Equites Dalmatae Illyriciani,Osrhoenae,,,Osrhoenae,Osrhoenae,,Dux Osrhoenae / Dux Osrhoenae / Sub dispositione viri spectabilis ducis Osrhoenae,2,897770,Ganaba,Ganaba,original,0,,,unknown,,,,,,1.0,SOFT_UNVERIFIED,0.000,1.000
OCC000530,Oriens,Dux Osrhoenae,1037,Banasam,tail,,Equites promoti indigenae,Osrhoenae,,,Osrhoenae,Osrhoenae,,Dux Osrhoenae / Dux Osrhoenae / Sub dispositione viri spectabilis ducis Osrhoenae,1,275599,Banasa,Banasa,original_case,0,34.601987,-6.115264,unknown,MAURETANIA TINGITANA,14,,,,1.0,SOFT_MISMATCH,0.300,1.000
OCC000530,Oriens,Dux Osrhoenae,1037,Banasam,tail,,Equites promoti indigenae,Osrhoenae,,,Osrhoenae,Osrhoenae,,Dux Osrhoenae / Dux Osrhoenae / Sub dispositione viri spectabilis ducis Osrhoenae,2,876582,Banasam,Banasam,original,0,,,unknown,,,,,,1.0,SOFT_UNVERIFIED,0.000,1.000
OCC000531,Oriens,Dux Osrhoenae,1038,Sina Iudaeorum,tail,,Equites promoti indigenae,Osrhoenae,,,Osrhoenae,Osrhoenae,,Dux Osrhoenae / Dux Osrhoenae / Sub dispositione viri spectabilis ducis Osrhoenae,1,876701,Sina Iudaeorum,Sina Iudaeorum,original,0,,,unknown,,,,,,1.0,SOFT_UNVERIFIED,0.000,1.000
OCC000531,Oriens,Dux Osrhoenae,1038,Sina Iudaeorum,tail,,Equites promoti indigenae,Osrhoenae,,,Osrhoenae,Osrhoenae,,Dux Osrhoenae / Dux Osrhoenae / Sub dispositione viri spectabilis ducis Osrhoenae,2,964140,Sina,Sina,first_word,1,,,unknown,,,,,,1.0,SOFT_UNVERIFIED,0.000,1.000
OCC000534,Oriens,Dux Osrhoenae,1041,Mediana,tail,,Equites sagittarii indigenae Medianenses,Osrhoenae,,,Osrhoenae,Osrhoenae,,Dux Osrhoenae / Dux Osrhoenae / Sub dispositione viri spectabilis ducis Osrhoenae,1,305107,Mediana,Mediana,original,0,36.143111,5.596574,unknown,MAURETANIA SITIFENSIS,10,,,,1.0,SOFT_MISMATCH,0.333,1.000
OCC000534,Oriens,Dux Osrhoenae,1041,Mediana,tail,,Equites sagittarii indigenae Medianenses,Osrhoenae,,,Osrhoenae,Osrhoenae,,Dux Osrhoenae / Dux Osrhoenae / Sub dispositione viri spectabilis ducis Osrhoenae,2,207273,Mediana,Mediana,original,0,43.310278,21.948889,unknown,MOESIA SUPERIOR,70,,,,1.0,SOFT_MISMATCH,0.143,1.000
OCC000534,Oriens,Dux Osrhoenae,1041,Mediana,tail,,Equites sagittarii indigenae Medianenses,Osrhoenae,,,Osrhoenae,Osrhoenae,,Dux Osrhoenae / Dux Osrhoenae / Sub dispositione viri spectabilis ducis Osrhoenae,3,118840,Mediana,Mediana,original,0,49.059848,10.713694,unknown,,,RAETIA,90,29.00,1.0,SOFT_UNVERIFIED,0.000,1.000
OCC000534,Oriens,Dux Osrhoenae,1041,Mediana,tail,,Equites sagittarii indigenae Medianenses,Osrhoenae,,,Osrhoenae,Osrhoenae,,Dux Osrhoenae / Dux Osrhoenae / Sub dispositione viri spectabilis ducis Osrhoenae,4,674249,Mediana,Mediana,original,0,,,unknown,,,,,,1.0,SOFT_UNVERIFIED,0.000,1.000
OCC000542,Oriens,Dux Osrhoenae,1052,Maratha,tail,,Cohors prima Eufratensis,Osrhoenae,,,Osrhoenae,Osrhoenae,,Dux Osrhoenae / Dux Osrhoenae / Et quae de minore laterculo emittuntur,1,40208,Maratha,Maratha,original,0,,,unknown,,,,,,1.0,SOFT_UNVERIFIED,0.000,1.000
OCC000542,Oriens,Dux Osrhoenae,1052,Maratha,tail,,Cohors prima Eufratensis,Osrhoenae,,,Osrhoenae,Osrhoenae,,Dux Osrhoenae / Dux Osrhoenae / Et quae de minore laterculo emittuntur,2,573359,Maratha,Maratha,original,0,,,unknown,,,,,,1.0,SOFT_UNVERIFIED,0.000,1.000
OCC000542,Oriens,Dux Osrhoenae,1052,Maratha,tail,,Cohors prima Eufratensis,Osrhoenae,,,Osrhoenae,Osrhoenae,,Dux Osrhoenae / Dux Osrhoenae / Et quae de minore laterculo emittuntur,3,876654,Maratha,Maratha,original,0,,,unknown,,,,,,1.0,SOFT_UNVERIFIED,0.000,1.000
OCC000548,Oriens,Dux Mesopotamiae,1070,Apadna,tail,,Equites promoti indigenae,Mesopotamiae,,,Mesopotamiae,Mesopotamiae,,Dux Mesopotamiae / Dux Mesopotamiae / Sub dispositione viri spectibilis ducis Mesopotamiae,1,894133,Apadna,Apadna,original,0,35.379381,40.564031,unknown,,,OSRHOENE,37,3.51,1.0,SOFT_NEAR_MISMATCH,0.182,1.000
OCC000548,Oriens,Dux Mesopotamiae,1070,Apadna,tail,,Equites promoti indigenae,Mesopotamiae,,,Mesopotamiae,Mesopotamiae,,Dux Mesopotamiae / Dux Mesopotamiae / Sub dispositione viri spectibilis ducis Mesopotamiae,2,876567,Apadna,Apadna,original,0,,,unknown,,,,,,1.0,SOFT_UNVERIFIED,0.000,1.000
OCC000549,Oriens,Dux Mesopotamiae,1071,Constantina,tail,,Equites promoti indigenae,Mesopotamiae,,,Mesopotamiae,Mesopotamiae,,Dux Mesopotamiae / Dux Mesopotamiae / Sub dispositione viri spectibilis ducis Mesopotamiae,1,305064,Constantina,Constantina,original,0,36.367512,6.611938,unknown,NUMIDIA CIRTENSIS,13,,,,1.0,SOFT_MISMATCH,0.182,1.000
OCC000549,Oriens,Dux Mesopotamiae,1071,Constantina,tail,,Equites promoti indigenae,Mesopotamiae,,,Mesopotamiae,Mesopotamiae,,Dux Mesopotamiae / Dux Mesopotamiae / Sub dispositione viri spectibilis ducis Mesopotamiae,2,148217,Constantina,Constantina,original,0,43.677616,4.630799,unknown,VIENNENSIS,78,,,,1.0,SOFT_MISMATCH,0.091,1.000
OCC000554,Oriens,Dux Mesopotamiae,1076,Constantina,tail,Praefectus,legionis primae Parthicae Nisibenae,Mesopotamiae,,,Mesopotamiae,Mesopotamiae,,Dux Mesopotamiae / Dux Mesopotamiae / Sub dispositione viri spectibilis ducis Mesopotamiae,1,305064,Constantina,Constantina,original,0,36.367512,6.611938,unknown,NUMIDIA CIRTENSIS,13,,,,1.0,SOFT_MISMATCH,0.182,1.000
OCC000554,Oriens,Dux Mesopotamiae,1076,Constantina,tail,Praefectus,legionis primae Parthicae Nisibenae,Mesopotamiae,,,Mesopotamiae,Mesopotamiae,,Dux Mesopotamiae / Dux Mesopotamiae / Sub dispositione viri spectibilis ducis Mesopotamiae,2,148217,Constantina,Constantina,original,0,43.677616,4.630799,unknown,VIENNENSIS,78,,,,1.0,SOFT_MISMATCH,0.091,1.000
OCC000565,Oriens,Dux Arabiae,1100,Speluncis,tail,,Equites promoti indigenae,Arabiae,,,Arabiae,Arabiae,,Dux Arabiae / Dux Arabiae / Sub dispositione viri spectabilis ducis Arabiae,1,433127,Speluncae,Speluncae,original_case,0,41.250289,13.449925,cave,,,CAMPANIA,35,1.15,1.0,SOFT_NEAR_MISMATCH,0.500,1.000
OCC000565,Oriens,Dux Arabiae,1100,Speluncis,tail,,Equites promoti indigenae,Arabiae,,,Arabiae,Arabiae,,Dux Arabiae / Dux Arabiae / Sub dispositione viri spectabilis ducis Arabiae,2,857332,Speluncis,Speluncis,original,0,40.292417,37.752633,unknown,PONTUS POLEMONIACUS,73,,,,1.0,SOFT_MISMATCH,0.167,1.000
OCC000565,Oriens,Dux Arabiae,1100,Speluncis,tail,,Equites promoti indigenae,Arabiae,,,Arabiae,Arabiae,,Dux Arabiae / Dux Arabiae / Sub dispositione viri spectabilis ducis Arabiae,3,682577,Speluncae,Speluncae,original_case,0,,,unknown,,,,,,1.0,SOFT_UNVERIFIED,0.000,1.000
OCC000570,Oriens,Dux Arabiae,1105,Dia - Fenis,tail,,Equites sagittarii indigenae,Arabiae,,,Arabiae,Arabiae,,Dux Arabiae / Dux Arabiae / Sub dispositione viri spectabilis ducis Arabiae,1,599987,Dia,Dia,alias,0,37.853499,27.844222,unknown,LYDIA,32,,,,1.0,SOFT_MISMATCH,0.333,1.000
OCC000570,Oriens,Dux Arabiae,1105,Dia - Fenis,tail,,Equites sagittarii indigenae,Arabiae,,,Arabiae,Arabiae,,Dux Arabiae / Dux Arabiae / Sub dispositione viri spectabilis ducis Arabiae,2,589755,Dia,Dia,alias,0,35.448,25.22,island,,,CRETA,9,12.57,1.0,SOFT_NEAR_MISMATCH,0.333,1.000
OCC000570,Oriens,Dux Arabiae,1105,Dia - Fenis,tail,,Equites sagittarii indigenae,Arabiae,,,Arabiae,Arabiae,,Dux Arabiae / Dux Arabiae / Sub dispositione viri spectabilis ducis Arabiae,3,844907,Dia,Dia,alias,0,41.087499,31.123807,unknown,,,BITHYNIA,54,0.63,1.0,SOFT_NEAR_MISMATCH,0.286,1.000
OCC000570,Oriens,Dux Arabiae,1105,Dia - Fenis,tail,,Equites sagittarii indigenae,Arabiae,,,Arabiae,Arabiae,,Dux Arabiae / Dux Arabiae / Sub dispositione viri spectabilis ducis Arabiae,4,543681,Dia,Dia,alias,0,,,unknown,,,,,,1.0,SOFT_UNVERIFIED,0.000,1.000
OCC000570,Oriens,Dux Arabiae,1105,Dia - Fenis,tail,,Equites sagittarii indigenae,Arabiae,,,Arabiae,Arabiae,,Dux Arabiae / Dux Arabiae / Sub dispositione viri spectabilis ducis Arabiae,5,573184,Dia,Dia,alias,0,,,unknown,,,,,,1.0,SOFT_UNVERIFIED,0.000,1.000
OCC000580,Oriens,Dux Arabiae,1116,in ripa Vade Afaris Fluvii in castris Arnonensibus,tail,,Cohors tertia felix Arabum,Arabiae,,,Arabiae,Arabiae,,Dux Arabiae / Dux Arabiae / Et quae de minore laterculo emittuntur,1,197197,Castra,Castra,first_word,1,44.766562,17.190468,unknown,DALMATIA,72,,,,1.0,SOFT_MISMATCH,0.500,1.000
OCC000580,Oriens,Dux Arabiae,1116,in ripa Vade Afaris Fluvii in castris Arnonensibus,tail,,Cohors tertia felix Arabum,Arabiae,,,Arabiae,Arabiae,,Dux Arabiae / Dux Arabiae / Et quae de minore laterculo emittuntur,2,481782,Castra,Castra,first_word,1,41.083948,21.15558,unknown,MACEDONIA,44,,,,1.0,SOFT_MISMATCH,0.333,1.000
OCC000580,Oriens,Dux Arabiae,1116,in ripa Vade Afaris Fluvii in castris Arnonensibus,tail,,Cohors tertia felix Arabum,Arabiae,,,Arabiae,Arabiae,,Dux Arabiae / Dux Arabiae / Et quae de minore laterculo emittuntur,3,197276,Castra,Castra,first_word,1,45.889335,13.90521,unknown,VENETIA ET HISTRIA,80,,,,1.0,SOFT_MISMATCH,0.286,1.000
OCC000596,Oriens,Dux Armeniae,1157,Arauraca,tail,,Cohors miliaria Bosporiana,Armeniae,,,Armeniae,Armeniae,,Dux Armeniae / Dux Armeniae / Et quae de minore laterculo emittuntur,1,857036,Arauraka,Arauraca,original,0,40.10699,39.094444,unknown,PONTUS POLEMONIACUS,73,,,,0.875,SOFT_MISMATCH,0.333,0.875
OCC000596,Oriens,Dux Armeniae,1157,Arauraca,tail,,Cohors miliaria Bosporiana,Armeniae,,,Armeniae,Armeniae,,Dux Armeniae / Dux Armeniae / Et quae de minore laterculo emittuntur,2,857037,Arauraka,Arauraca,original,0,40.129279,39.141987,unknown,PONTUS POLEMONIACUS,73,,,,0.875,SOFT_MISMATCH,0.333,0.875
OCC000600,Oriens,Dux Armeniae,1161,Valentia,tail,,Cohors prima Theodosiana,Armeniae,,,Armeniae,Armeniae,,Dux Armeniae / Dux Armeniae / Et quae de minore laterculo emittuntur,1,442845,Valentia,Valentia,original,0,40.512187,18.034033,unknown,APULIA ET CALABRIA,39,,,,1.0,SOFT_MISMATCH,0.429,1.000
OCC000600,Oriens,Dux Armeniae,1161,Valentia,tail,,Cohors prima Theodosiana,Armeniae,,,Armeniae,Armeniae,,Dux Armeniae / Dux Armeniae / Et quae de minore laterculo emittuntur,2,266090,Valentia,Valentia,original,0,39.470371,-0.376813,unknown,CARTBAGINIENSIS,48,,,,1.0,SOFT_MISMATCH,0.385,1.000
OCC000600,Oriens,Dux Armeniae,1161,Valentia,tail,,Cohors prima Theodosiana,Armeniae,,,Armeniae,Armeniae,,Dux Armeniae / Dux Armeniae / Et quae de minore laterculo emittuntur,3,857032,Valentia,Valentia,original,0,41.559316,41.573576,unknown,,,PONTUS POLEMONIACUS,73,118.94,1.0,SOFT_UNVERIFIED,0.000,1.000
OCC000602,Oriens,Dux Armeniae,1163,Caene - Parembole,tail,,Cohors prima Lepidiana,Armeniae,,,Armeniae,Armeniae,,Dux Armeniae / Dux Armeniae / Et quae de minore laterculo emittuntur,1,481782,Parembole,Parembole,alias,0,41.083948,21.15558,unknown,MACEDONIA,44,,,,1.0,SOFT_MISMATCH,0.444,1.000
OCC000602,Oriens,Dux Armeniae,1163,Caene - Parembole,tail,,Cohors prima Lepidiana,Armeniae,,,Armeniae,Armeniae,,Dux Armeniae / Dux Armeniae / Et quae de minore laterculo emittuntur,2,736993,Parembole,Parembole,alias,0,29.311376,31.238111,unknown,AEGYPTUS HERCULIA,6,,,,1.0,SOFT_MISMATCH,0.375,1.000
OCC000602,Oriens,Dux Armeniae,1163,Caene - Parembole,tail,,Cohors prima Lepidiana,Armeniae,,,Armeniae,Armeniae,,Dux Armeniae / Dux Armeniae / Et quae de minore laterculo emittuntur,3,795840,Parembole,Parembole,alias,0,23.897543,32.857124,unknown,,,THEBAIS,1,12.15,1.0,SOFT_NEAR_MISMATCH,0.286,1.000
OCC000602,Oriens,Dux Armeniae,1163,Caene - Parembole,tail,,Cohors prima Lepidiana,Armeniae,,,Armeniae,Armeniae,,Dux Armeniae / Dux Armeniae / Et quae de minore laterculo emittuntur,4,465872,Caene,Caene,alias,0,,,unknown,,,,,,1.0,SOFT_UNVERIFIED,0.000,1.000
OCC000602,Oriens,Dux Armeniae,1163,Caene - Parembole,tail,,Cohors prima Lepidiana,Armeniae,,,Armeniae,Armeniae,,Dux Armeniae / Dux Armeniae / Et quae de minore laterculo emittuntur,5,690830,Parembole,Parembole,alias,0,,,unknown,,,,,,1.0,SOFT_UNVERIFIED,0.000,1.000
OCC000603,Oriens,Dux Armeniae,1164,Sebastopolis,tail,,Cohors prima Claudia equitata,Armeniae,,,Armeniae,Armeniae,,Dux Armeniae / Dux Armeniae / Et quae de minore laterculo emittuntur,1,550756,Sebastopolis,Sebastopolis,original,0,38.840097,26.985537,unknown,ASIA,30,,,,1.0,SOFT_MISMATCH,0.429,1.000
OCC000603,Oriens,Dux Armeniae,1164,Sebastopolis,tail,,Cohors prima Claudia equitata,Armeniae,,,Armeniae,Armeniae,,Dux Armeniae / Dux Armeniae / Et quae de minore laterculo emittuntur,2,639096,Sebastopolis,Sebastopolis,original,0,37.504493,29.173649,unknown,PHRYGIA I,36,,,,1.0,SOFT_MISMATCH,0.429,1.000
OCC000603,Oriens,Dux Armeniae,1164,Sebastopolis,tail,,Cohors prima Claudia equitata,Armeniae,,,Armeniae,Armeniae,,Dux Armeniae / Dux Armeniae / Et quae de minore laterculo emittuntur,3,629076,Sebastopolis,Sebastopolis,original,0,39.998866,36.081414,unknown,DIOSPONTUS,68,,,,1.0,SOFT_MISMATCH,0.100,1.000
OCC000603,Oriens,Dux Armeniae,1164,Sebastopolis,tail,,Cohors prima Claudia equitata,Armeniae,,,Armeniae,Armeniae,,Dux Armeniae / Dux Armeniae / Et quae de minore laterculo emittuntur,4,222180,Sebastopolis,Sebastopolis,original,0,,,unknown,,,,,,1.0,SOFT_UNVERIFIED,0.000,1.000
OCC000603,Oriens,Dux Armeniae,1164,Sebastopolis,tail,,Cohors prima Claudia equitata,Armeniae,,,Armeniae,Armeniae,,Dux Armeniae / Dux Armeniae / Et quae de minore laterculo emittuntur,5,857107,Sebastopolis,Sebastopolis,original,0,42.993299,41.003076,unknown,,,PONTUS POLEMONIACUS,73,227.33,1.0,SOFT_UNVERIFIED,0.000,1.000
OCC000606,Oriens,Dux Scythiae,1179,Sacidaua,tail,,Cuneus equitum scutariorum,Scythiae,,,Scythiae,Scythiae,,Dux Scythiae / Dux Scythiae / Sub dispositione viri spectabilis ducis Scythiae,1,216965,Sacidava,Sacidaua,original,0,44.189191,27.754714,unknown,MOESIA INFERIOR,74,,,,1.0,SOFT_MISMATCH,0.333,1.000
OCC000606,Oriens,Dux Scythiae,1179,Sacidaua,tail,,Cuneus equitum scutariorum,Scythiae,,,Scythiae,Scythiae,,Dux Scythiae / Dux Scythiae / Sub dispositione viri spectabilis ducis Scythiae,2,216996,Sucidava,Sacidaua,original,0,43.762418,24.485136,unknown,MOESIA INFERIOR,74,,,,0.875,SOFT_MISMATCH,0.333,0.875
OCC000606,Oriens,Dux Scythiae,1179,Sacidaua,tail,,Cuneus equitum scutariorum,Scythiae,,,Scythiae,Scythiae,,Dux Scythiae / Dux Scythiae / Sub dispositione viri spectabilis ducis Scythiae,3,216997,Sucidava,Sacidaua,original,0,44.165519,27.541283,unknown,MOESIA INFERIOR,74,,,,0.875,SOFT_MISMATCH,0.333,0.875
OCC000606,Oriens,Dux Scythiae,1179,Sacidaua,tail,,Cuneus equitum scutariorum,Scythiae,,,Scythiae,Scythiae,,Dux Scythiae / Dux Scythiae / Sub dispositione viri spectabilis ducis Scythiae,4,207408,Sacidava,Sacidaua,original,0,46.020781,23.794334,unknown,,,DACIA RIPENSIS,71,170.60,1.0,SOFT_UNVERIFIED,0.000,1.000
OCC000633,Oriens,Dux Moesiae secundae,1222,Sucidaua,tail,,Cuneus equitum stablesianorum,moesiae secundae,,,moesiae secundae,moesiae secundae,,Dux Moesiae secundae / Dux Moesiae secundae / Sub dispositione viri spectabilis ducis moesiae secundae,1,216996,Sucidava,Sucidaua,original,0,43.762418,24.485136,unknown,MOESIA INFERIOR,74,,,,1.0,SOFT_MATCH,1.000,1.000
OCC000633,Oriens,Dux Moesiae secundae,1222,Sucidaua,tail,,Cuneus equitum stablesianorum,moesiae secundae,,,moesiae secundae,moesiae secundae,,Dux Moesiae secundae / Dux Moesiae secundae / Sub dispositione viri spectabilis ducis moesiae secundae,2,216997,Sucidava,Sucidaua,original,0,44.165519,27.541283,unknown,MOESIA INFERIOR,74,,,,1.0,SOFT_MATCH,1.000,1.000
OCC000633,Oriens,Dux Moesiae secundae,1222,Sucidaua,tail,,Cuneus equitum stablesianorum,moesiae secundae,,,moesiae secundae,moesiae secundae,,Dux Moesiae secundae / Dux Moesiae secundae / Sub dispositione viri spectabilis ducis moesiae secundae,3,216965,Sacidava,Sucidaua,original,0,44.189191,27.754714,unknown,MOESIA INFERIOR,74,,,,0.875,SOFT_MATCH,1.000,0.875
OCC000633,Oriens,Dux Moesiae secundae,1222,Sucidaua,tail,,Cuneus equitum stablesianorum,moesiae secundae,,,moesiae secundae,moesiae secundae,,Dux Moesiae secundae / Dux Moesiae secundae / Sub dispositione viri spectabilis ducis moesiae secundae,4,207408,Sacidava,Sucidaua,original,0,46.020781,23.794334,unknown,,,DACIA RIPENSIS,71,170.60,0.875,SOFT_UNVERIFIED,0.000,0.875
OCC000642,Oriens,Dux Moesiae secundae,1232,Cimbrianis,tail,,Milites Cimbriani,Moesiae secundae,,,Moesiae secundae,Moesiae secundae,,Dux Moesiae secundae / Dux Moesiae secundae / Auxiliares,1,203114,Cimbrianis,Cimbrianis,original,0,,,unknown,,,,,,1.0,SOFT_UNVERIFIED,0.000,1.000
OCC000642,Oriens,Dux Moesiae secundae,1232,Cimbrianis,tail,,Milites Cimbriani,Moesiae secundae,,,Moesiae secundae,Moesiae secundae,,Dux Moesiae secundae / Dux Moesiae secundae / Auxiliares,2,222034,Cimbrianae,Cimbrianae,original_case,0,,,unknown,,,,,,1.0,SOFT_UNVERIFIED,0.000,1.000
OCC000653,Oriens,Dux Moesiae primae,1260,Pinco,tail,,Cuneus equtum Constantacorum,Moesiae primae,,,Moesiae primae,Moesiae primae,,Dux Moesiae primae / Dux Moesiae primae / Sub dispositione viri spectabilis ducis Moesiae primae,1,207345,Pincus,Pincus,original_case,0,44.760588,21.510941,unknown,MOESIA SUPERIOR,70,,,,1.0,SOFT_MATCH,1.000,1.000
OCC000653,Oriens,Dux Moesiae primae,1260,Pinco,tail,,Cuneus equtum Constantacorum,Moesiae primae,,,Moesiae primae,Moesiae primae,,Dux Moesiae primae / Dux Moesiae primae / Sub dispositione viri spectabilis ducis Moesiae primae,2,207346,Pincus,Pincus,original_case,0,44.5,21.5,unknown,MOESIA SUPERIOR,70,,,,1.0,SOFT_MATCH,1.000,1.000
OCC000659,Oriens,Dux Moesiae primae,1266,Pinco,tail,,Cuneus equtum Dalmatarum,Moesiae primae,,,Moesiae primae,Moesiae primae,,Dux Moesiae primae / Dux Moesiae primae / Sub dispositione viri spectabilis ducis Moesiae primae,1,207345,Pincus,Pincus,original_case,0,44.760588,21.510941,unknown,MOESIA SUPERIOR,70,,,,1.0,SOFT_MATCH,1.000,1.000
OCC000659,Oriens,Dux Moesiae primae,1266,Pinco,tail,,Cuneus equtum Dalmatarum,Moesiae primae,,,Moesiae primae,Moesiae primae,,Dux Moesiae primae / Dux Moesiae primae / Sub dispositione viri spectabilis ducis Moesiae primae,2,207346,Pincus,Pincus,original_case,0,44.5,21.5,unknown,MOESIA SUPERIOR,70,,,,1.0,SOFT_MATCH,1.000,1.000
OCC000661,Oriens,Dux Moesiae primae,1272,Margo,tail,,Auxilium Margense,Moesiae primae,,,Moesiae primae,Moesiae primae,,Dux Moesiae primae / Dux Moesiae primae / Auxiliares,1,207267,Margum,Margum,original_case,0,44.69123,21.061748,unknown,MOESIA SUPERIOR,70,,,,1.0,SOFT_MATCH,1.000,1.000
OCC000661,Oriens,Dux Moesiae primae,1272,Margo,tail,,Auxilium Margense,Moesiae primae,,,Moesiae primae,Moesiae primae,,Dux Moesiae primae / Dux Moesiae primae / Auxiliares,2,207268,Margus,Margus,original_case,0,44.7183621,21.0386919,river,MOESIA SUPERIOR,70,,,,1.0,SOFT_MATCH,1.000,1.000
OCC000661,Oriens,Dux Moesiae primae,1272,Margo,tail,,Auxilium Margense,Moesiae primae,,,Moesiae primae,Moesiae primae,,Dux Moesiae primae / Dux Moesiae primae / Auxiliares,3,961935,Margus,Margus,original_case,0,37.5,62.5,unknown,,,MESOPOTAMIA,45,1893.31,1.0,SOFT_UNVERIFIED,0.000,1.000
OCC000673,Oriens,Dux Moesiae primae,1286,Margo,tail,Praefectus,classis Stradensis et Germensis,Moesiae primae,,,Moesiae primae,Moesiae primae,,Dux Moesiae primae / Dux Moesiae primae / Item legiones,1,207267,Margum,Margum,original_case,0,44.69123,21.061748,unknown,MOESIA SUPERIOR,70,,,,1.0,SOFT_MATCH,1.000,1.000
OCC000673,Oriens,Dux Moesiae primae,1286,Margo,tail,Praefectus,classis Stradensis et Germensis,Moesiae primae,,,Moesiae primae,Moesiae primae,,Dux Moesiae primae / Dux Moesiae primae / Item legiones,2,207268,Margus,Margus,original_case,0,44.7183621,21.0386919,river,MOESIA SUPERIOR,70,,,,1.0,SOFT_MATCH,1.000,1.000
OCC000673,Oriens,Dux Moesiae primae,1286,Margo,tail,Praefectus,classis Stradensis et Germensis,Moesiae primae,,,Moesiae primae,Moesiae primae,,Dux Moesiae primae / Dux Moesiae primae / Item legiones,3,961935,Margus,Margus,original_case,0,37.5,62.5,unknown,,,MESOPOTAMIA,45,1893.31,1.0,SOFT_UNVERIFIED,0.000,1.000
OCC000678,Oriens,Dux Daciae ripensis,1303,Augustae,tail,,Cuneus equitum Dalmatarum,Daciae ripensis,,,Daciae ripensis,Daciae ripensis,,Dux Daciae ripensis / Dux Daciae ripensis / Sub dispositione viri spectabilis ducis Daciae ripensis,1,216719,Augustae,Augustae,original,0,43.728324,23.814316,unknown,DACIA RIPENSIS,71,,,,1.0,SOFT_MATCH,1.000,1.000
OCC000678,Oriens,Dux Daciae ripensis,1303,Augustae,tail,,Cuneus equitum Dalmatarum,Daciae ripensis,,,Daciae ripensis,Daciae ripensis,,Dux Daciae ripensis / Dux Daciae ripensis / Sub dispositione viri spectabilis ducis Daciae ripensis,2,206935,Augusta,Augusta,original_case,0,43.5,23.5,unknown,DACIA RIPENSIS,71,,,,1.0,SOFT_MATCH,1.000,1.000
OCC000678,Oriens,Dux Daciae ripensis,1303,Augustae,tail,,Cuneus equitum Dalmatarum,Daciae ripensis,,,Daciae ripensis,Daciae ripensis,,Dux Daciae ripensis / Dux Daciae ripensis / Sub dispositione viri spectabilis ducis Daciae ripensis,3,79574,Augusta,Augusta,original_case,0,51.513335,-0.088949,unknown,BRITANNIAE I AND II,96,,,,1.0,SOFT_MISMATCH,0.389,1.000
OCC000678,Oriens,Dux Daciae ripensis,1303,Augustae,tail,,Cuneus equitum Dalmatarum,Daciae ripensis,,,Daciae ripensis,Daciae ripensis,,Dux Daciae ripensis / Dux Daciae ripensis / Sub dispositione viri spectabilis ducis Daciae ripensis,4,167658,Augusta,Augusta,original_case,0,44.715501,5.05726,unknown,VIENNENSIS,78,,,,1.0,SOFT_MISMATCH,0.362,1.000
OCC000678,Oriens,Dux Daciae ripensis,1303,Augustae,tail,,Cuneus equitum Dalmatarum,Daciae ripensis,,,Daciae ripensis,Daciae ripensis,,Dux Daciae ripensis / Dux Daciae ripensis / Sub dispositione viri spectabilis ducis Daciae ripensis,5,167659,Augusta,Augusta,original_case,0,45.75,5.75,unknown,VIENNENSIS,78,,,,1.0,SOFT_MISMATCH,0.362,1.000
OCC000680,Oriens,Dux Daciae ripensis,1305,Almo,tail,,Cuneus equitum stablesianorum,Daciae ripensis,,,Daciae ripensis,Daciae ripensis,,Dux Daciae ripensis / Dux Daciae ripensis / Sub dispositione viri spectabilis ducis Daciae ripensis,1,206909,Almus,Almus,original_case,0,43.825619,23.237545,unknown,DACIA RIPENSIS,71,,,,1.0,SOFT_MATCH,1.000,1.000
OCC000680,Oriens,Dux Daciae ripensis,1305,Almo,tail,,Cuneus equitum stablesianorum,Daciae ripensis,,,Daciae ripensis,Daciae ripensis,,Dux Daciae ripensis / Dux Daciae ripensis / Sub dispositione viri spectabilis ducis Daciae ripensis,2,206910,Almus,Almus,original_case,0,43.5,23.5,unknown,DACIA RIPENSIS,71,,,,1.0,SOFT_MATCH,1.000,1.000
OCC000686,Oriens,Dux Daciae ripensis,1312,Oesco,tail,,Auxilium Mariensium,Daciae ripensis,,,Daciae ripensis,Daciae ripensis,,Dux Daciae ripensis / Dux Daciae ripensis / Auxiliares,1,216908,Oescus,Oescus,original_case,0,42.5159742,23.5370147,river,THRACIA,57,,,,1.0,SOFT_MISMATCH,0.396,1.000
OCC000686,Oriens,Dux Daciae ripensis,1312,Oesco,tail,,Auxilium Mariensium,Daciae ripensis,,,Daciae ripensis,Daciae ripensis,,Dux Daciae ripensis / Dux Daciae ripensis / Auxiliares,2,216907,Oescus,Oescus,original_case,0,43.697546,24.482299,unknown,MOESIA INFERIOR,74,,,,1.0,SOFT_MISMATCH,0.388,1.000
OCC000692,Oriens,Dux Daciae ripensis,1319,Oesco,tail,Praefectus,legionis quintae Macedonicae,Daciae ripensis,,,Daciae ripensis,Daciae ripensis,,Dux Daciae ripensis / Dux Daciae ripensis / Item legiones,1,216908,Oescus,Oescus,original_case,0,42.5159742,23.5370147,river,THRACIA,57,,,,1.0,SOFT_MISMATCH,0.396,1.000
OCC000692,Oriens,Dux Daciae ripensis,1319,Oesco,tail,Praefectus,legionis quintae Macedonicae,Daciae ripensis,,,Daciae ripensis,Daciae ripensis,,Dux Daciae ripensis / Dux Daciae ripensis / Item legiones,2,216907,Oescus,Oescus,original_case,0,43.697546,24.482299,unknown,MOESIA INFERIOR,74,,,,1.0,SOFT_MISMATCH,0.388,1.000
OCC000698,Oriens,Dux Daciae ripensis,1325,Sucidaua,tail,Praefectus,legionis quintae Macedonicae,Daciae ripensis,,,Daciae ripensis,Daciae ripensis,,Dux Daciae ripensis / Dux Daciae ripensis / Item legiones,1,216996,Sucidava,Sucidaua,original,0,43.762418,24.485136,unknown,MOESIA INFERIOR,74,,,,1.0,SOFT_MISMATCH,0.388,1.000
OCC000698,Oriens,Dux Daciae ripensis,1325,Sucidaua,tail,Praefectus,legionis quintae Macedonicae,Daciae ripensis,,,Daciae ripensis,Daciae ripensis,,Dux Daciae ripensis / Dux Daciae ripensis / Item legiones,2,216997,Sucidava,Sucidaua,original,0,44.165519,27.541283,unknown,MOESIA INFERIOR,74,,,,1.0,SOFT_MISMATCH,0.388,1.000
OCC000698,Oriens,Dux Daciae ripensis,1325,Sucidaua,tail,Praefectus,legionis quintae Macedonicae,Daciae ripensis,,,Daciae ripensis,Daciae ripensis,,Dux Daciae ripensis / Dux Daciae ripensis / Item legiones,3,216965,Sacidava,Sucidaua,original,0,44.189191,27.754714,unknown,MOESIA INFERIOR,74,,,,0.875,SOFT_MISMATCH,0.388,0.875
OCC000698,Oriens,Dux Daciae ripensis,1325,Sucidaua,tail,Praefectus,legionis quintae Macedonicae,Daciae ripensis,,,Daciae ripensis,Daciae ripensis,,Dux Daciae ripensis / Dux Daciae ripensis / Item legiones,4,207408,Sacidava,Sucidaua,original,0,46.020781,23.794334,unknown,,,DACIA RIPENSIS,71,170.60,0.875,SOFT_UNVERIFIED,0.000,0.875
