{"type":"FeatureCollection","features":[{"type":"Feature","id":1,"geometry":{"type":"Polygon","coordinates":[[[33.9477772712588,26.8188860600366],[33.4106472145733,24.0080643080493],[32.1489244416868,24.0066307653005],[29.3232966297151,27.7344063239331],[29.320208035817,28.0235571192172],[29.3066938238019,28.1964734376246],[31.3810376072173,28.344291231321],[32.6187472699022,28.9840260619766],[32.6886062698364,28.8677750608408],[32.7369382695757,28.8161090608201],[32.7575182702897,28.8013110611067],[32.7886082696719,28.7918030610499],[32.8041652713045,28.7769430609411],[32.8199992702515,28.7480550609002],[32.8294372706637,28.7244410608885],[32.8372192699688,28.7016640606603],[32.8608322696445,28.626388060737],[32.9352762698905,28.5451370606163],[32.9991602703412,28.4844440613651],[33.0158312709608,28.459720061261],[33.0766602700134,28.3677750607729],[33.1261062696383,28.2836090613933],[33.1791612697817,28.2288850607555],[33.2249982706846,28.1822200598018],[33.3344422711303,28.0749970600217],[33.4108272710922,28.0291650606998],[33.4324952708541,28.0186080598657],[33.4694442711656,27.9963870599048],[33.4851382712688,27.9838870607921],[33.5166622710194,27.9444430598172],[33.5588832708327,27.8830530596638],[33.5711062714079,27.8547210601611],[33.5816652713784,27.8163870596717],[33.5797162712666,27.7905520608272],[33.5508272709928,27.8122210602125],[33.5152742705991,27.8309710611455],[33.4947202707228,27.8373580596868],[33.4747202708653,27.8274980602444],[33.4947202707228,27.6438860600605],[33.561104270931,27.5683330596374],[33.6330492712443,27.4899980601787],[33.6680522709188,27.4242340601122],[33.6841622709486,27.3725680592742],[33.6888842706295,27.3405530602511],[33.7041622708061,27.3200000599247],[33.7199932711767,27.3061100597897],[33.7380522713183,27.2938880596245],[33.7708282710467,27.2824970590895],[33.8287462713362,27.255413059758],[33.8373562711949,27.2366640586876],[33.8383292724118,27.1994440597132],[33.8299942711161,27.1611100592467],[33.8356892711154,27.1176360602589],[33.9434702716797,26.9356940586981],[33.9477772712588,26.8188860600366]]]},"properties":{"OBJECTID":1,"DIOCESE":"ORIENS","PERIOD":"ca. AD303-324","PROV_NAME":"THEBAIS","SUBDIVISIO":"","Shape__Area":192172376113.13086,"Shape__Length":1848991.5442566595}},{"type":"Feature","id":2,"geometry":{"type":"Polygon","coordinates":[[[29.3562313806188,30.8848770812549],[29.3613547071444,29.3062666898144],[29.3066938238019,28.1964734376246],[29.320208035817,28.0235571192172],[29.3232966297151,27.7344063239331],[25.4909048835809,28.0391297459586],[25.4588393308681,28.4891338300692],[25.4357369335999,30.0242284673443],[25.4598008004116,31.5141500153287],[25.4811092629557,31.5186080638766],[25.56722026321,31.5413860643807],[25.6844442642093,31.5774990637481],[25.8111072627509,31.610832062997],[25.8480532626894,31.617222063897],[25.8811072640488,31.6199990640107],[25.9472202640953,31.617775063943],[25.9855532637308,31.6141660643347],[26.0086102637378,31.6105540643342],[26.0930522642627,31.5913890636554],[26.1733322640751,31.5630530628451],[26.3091662639636,31.52749606279],[26.3511082641177,31.5177760637621],[26.3730542637139,31.5136110630124],[26.5044442637558,31.4986080639997],[26.6447222652875,31.4841650642377],[26.7744412641537,31.4605520638707],[26.8930552643248,31.4338870637397],[27.0627742647026,31.3991660627552],[27.1651362645536,31.3793030642576],[27.2483332647735,31.3752750640789],[27.2798592650722,31.3779140637607],[27.3231922651212,31.3761080629054],[27.3454152647268,31.368887064176],[27.3591652647411,31.3288880638915],[27.3681922652497,31.2956920638017],[27.3774962648693,31.2715260633361],[27.3952752646284,31.2497210628624],[27.4122202648845,31.2361110629883],[27.4388882650599,31.2227740626766],[27.4588852654427,31.2172200627599],[27.5711102649551,31.1886100643556],[27.6550672659564,31.1729140632244],[27.8007622649582,31.2131920631043],[27.8441642664008,31.2437500630378],[27.8645802661849,31.229998062708],[27.8836102651986,31.1813890630847],[27.8933292658182,31.1397210632694],[27.902635265986,31.1097200629285],[27.9213862653404,31.0980530626745],[28.187774266118,31.0727770637173],[28.2730522657958,31.0688860632636],[28.3566662657672,31.0736080632745],[28.4034712660674,31.0838870632055],[28.429722265593,31.0788880628334],[28.5599972668228,31.0322190637768],[28.7183302656031,30.9880520628584],[28.7552752657167,30.9749980643196],[28.8150672666733,30.9477060629797],[28.8270812661128,30.9208320627934],[28.895344267011,30.8735410630375],[28.9813882673181,30.8391650626355],[29.0350002669551,30.8241650631523],[29.069442266938,30.8216630628553],[29.1213872673938,30.8213880631482],[29.1477772668365,30.8238870628243],[29.1799962670713,30.8302760626183],[29.2249982668496,30.8422200633584],[29.2524982668782,30.8502770628747],[29.3372212667122,30.8769420629119],[29.3562313806188,30.8848770812549]]]},"properties":{"OBJECTID":2,"DIOCESE":"ORIENS","PERIOD":"ca. AD303-324","PROV_NAME":"LIBYA INFERIOR","SUBDIVISIO":"","Shape__Area":187582684232.44629,"Shape__Length":1756288.6035516078}},{"type":"Feature","id":3,"geometry":{"type":"Polygon","coordinates":[[[23.2471962605884,32.2162250636895],[23.2799992609793,32.2072220643122],[23.450275261749,32.1866610643327],[23.4905552609481,32.1822200648454],[23.5644412618756,32.1816630636496],[23.638469262195,32.1833270638899],[23.7200682619324,32.1751330636738],[23.7999992617653,32.1552730638215],[23.9520812617759,32.1126330638263],[23.9897192609272,32.092216063955],[23.9697212634145,32.0693020639674],[23.9904152621346,32.0486070651475],[24.0638882617119,32.0116650641343],[24.08763726183,32.0026360641394],[24.1174962629476,32.0000000636522],[24.5430522627318,31.9852750636897],[24.5680542626526,31.9891660640601],[24.6123602630201,31.9997200643756],[24.6534002630007,32.0238150640434],[24.7345812622633,32.0254100642748],[24.7824972629744,32.004581063965],[24.8422202634357,31.9924960637069],[24.913608263357,31.9799990636895],[24.9826372630878,31.9665260641281],[25.0086102627791,31.9491650637237],[25.0329842630612,31.9269430638425],[25.0291652633786,31.8952770642313],[25.023332263287,31.8551370640562],[25.0688852627111,31.7905540640174],[25.0894432627854,31.7666660637582],[25.1204142632403,31.7288870637871],[25.1506922628609,31.6696510637094],[25.1516642633545,31.64694206265],[25.1522202630232,31.6351370640597],[25.1738872629602,31.5407600637096],[25.314441263778,31.5014550639351],[25.4002762629494,31.5016650642438],[25.4598008004116,31.5141500153287],[25.4357369335999,30.0242284673443],[25.4588393308681,28.4891338300692],[25.4909048835809,28.0391297459586],[18.394240318639,27.5046192110735],[18.1937967346719,30.7738090448448],[18.2206232560539,30.7588860633227],[18.2473582561765,30.7286110631934],[18.2988852570559,30.6741640631406],[18.3588872571764,30.627498063197],[18.3855552573518,30.6088870630127],[18.5975002566675,30.4638860629025],[18.7130542572143,30.3969420619085],[18.7888872568072,30.3666650631763],[18.8015252583824,30.3536090620887],[18.9052772583035,30.2988850616334],[18.9263882576734,30.2888870632254],[18.9574982571472,30.2763860630606],[19.0013882566898,30.2669410629099],[19.0252762576235,30.2649990622311],[19.1630552583241,30.2638850632663],[19.2183302569443,30.2669410629099],[19.316108258105,30.2863880629535],[19.3449972565822,30.2941670622987],[19.6177752578433,30.4172210632464],[19.7461092575607,30.5038830631196],[19.7649972580808,30.5188830631504],[19.8713872578517,30.6316600632796],[20.02735925769,30.8097190628865],[20.0576382589321,30.8508300633308],[20.1088862592539,30.9433330626988],[20.122497259351,30.971109063184],[20.1349982588623,31.0077740629213],[20.1488872587938,31.0549960631703],[20.1534712583824,31.0768050626473],[20.1555522587386,31.1499980641275],[20.1483002582646,31.1868740629608],[20.1433292581634,31.2102780642026],[20.1055522590949,31.2974970633536],[20.0922202577588,31.3194430639851],[20.0712472575828,31.3426360643655],[20.0490262576269,31.3539560626461],[20.0305522582819,31.3777770632102],[20.0197222590481,31.4013860636743],[19.9827762591096,31.4824900638194],[19.9655532581209,31.5236020637822],[19.9530522577113,31.5680450642816],[19.9244422588935,31.7049940640602],[19.9208302580018,31.7272150639926],[19.9195802576739,31.7481900643061],[19.9241642581608,31.8233260636919],[19.9419442577448,31.9577750642285],[19.9490262592378,31.9770810640392],[20.0091632581793,32.0791620649112],[20.0593722589587,32.1552730638215],[20.0844422577533,32.1847150638573],[20.337219259332,32.40916406478],[20.5533332590329,32.5533290647973],[20.5676272590204,32.5609130646605],[20.7041662594388,32.6113810647528],[20.8711092598745,32.684715065157],[20.8891642589198,32.697495064803],[20.9086072592837,32.708054064653],[20.9413872601083,32.7245830646704],[20.9694442596305,32.7374950649406],[21.0699962592869,32.7745090649325],[21.1236072599973,32.777496065181],[21.1794432592074,32.7727740648713],[21.2330552588444,32.7711100653693],[21.2852742589366,32.7702710647336],[21.3266642596199,32.7733310646923],[21.3724972603249,32.7783280650098],[21.38916425895,32.7833330651173],[21.4277762591431,32.7966610649412],[21.4716642599341,32.8162460647103],[21.4972192600489,32.8319400640053],[21.5137462598303,32.8493000653469],[21.5347192600063,32.8699950651819],[21.6277752596895,32.9347190647912],[21.7138862599438,32.944443064729],[21.7396562601437,32.9310650647243],[21.7833312596012,32.9166600649526],[21.8547212600707,32.902496065184],[21.8841632596401,32.9022220649221],[21.9474982600947,32.904999065183],[21.980831260215,32.9086070648305],[22.0039782597353,32.9142760648018],[22.0680542598066,32.9108280647502],[22.1969412597179,32.8844370650278],[22.3177752601624,32.881103065332],[22.3483312596173,32.878052064748],[22.375137259885,32.868050065202],[22.4241632611819,32.8358310650101],[22.5133322614106,32.7855530653254],[22.53611026086,32.7825660651799],[22.5724982596833,32.7838860648482],[22.804996260847,32.7255550651695],[22.8373582611969,32.7094380648386],[22.8688892606202,32.6933290652291],[22.9044422610139,32.6799930647684],[22.9338852613065,32.67179906418],[22.9611092611506,32.6691660651835],[22.9951362610318,32.6735340647953],[23.11916326117,32.6197510648412],[23.1033322607994,32.584023064984],[23.0851002622021,32.3321110637019],[23.130832260828,32.3102720638221],[23.1687492614352,32.3012470638811],[23.2125662620812,32.2703440653433],[23.2471962605884,32.2162250636895]]]},"properties":{"OBJECTID":3,"DIOCESE":"ORIENS","PERIOD":"ca. AD303-324","PROV_NAME":"LIBYA SUPERIOR","SUBDIVISIO":"","Shape__Area":425798347411.64307,"Shape__Length":2850169.4741957062}},{"type":"Feature","id":4,"geometry":{"type":"MultiPolygon","coordinates":[[[[9.11825478329743,33.7363793971933],[9.6451839408241,33.7105241161854],[9.80883530025974,33.722443718027],[9.90158080624821,33.7408416109275],[10.0544634531119,33.7728091612558],[10.1957247307906,33.8054032929047],[10.2663882493169,33.7486040661908],[10.314443249945,33.7127760662654],[10.3319442489715,33.7002720658106],[10.3561092490163,33.6861040660911],[10.3902762486396,33.6730500647041],[10.4572052486458,33.6507420649548],[10.4783312489827,33.6386760657585],[10.5302772501618,33.6494370657188],[10.6055542500859,33.6713870650582],[10.6313882498599,33.6838840659907],[10.6590952486795,33.7016600657305],[10.6947212497664,33.7124940648974],[10.7159712499519,33.7041630659283],[10.7247222493775,33.6795810657704],[10.7172222501047,33.6055530649375],[10.7059012488046,33.5786060648833],[10.67277724982,33.5483280656508],[10.691526250423,33.4918020658951],[10.7516662497375,33.4737430662711],[10.909791249902,33.5362430646578],[10.929998250347,33.5670810659186],[10.9207622496011,33.5934680649834],[10.9019432495763,33.6136740652861],[10.9336112501652,33.6299970663651],[10.9796522503843,33.6367300657798],[11.0258332503454,33.6255490661573],[11.0558332501317,33.6126360662556],[11.0788882495905,33.5941620658216],[11.0916662500095,33.5770800651425],[11.1073612499377,33.5497210662824],[11.1144442503573,33.5222170650601],[11.1137492498731,33.4924960662813],[11.103655250233,33.4604450662945],[11.1011102502696,33.4297180646385],[11.1211102501271,33.2858310652279],[11.1743042501876,33.2100640652263],[11.3427772504354,33.1827770649593],[11.3650002500411,33.1816630652683],[11.4315962508597,33.189163064764],[11.4819432499347,33.1877750646265],[11.5260812500728,33.1711350652566],[11.6069432503914,33.1170810648843],[11.6380552504134,33.1016620652148],[11.740833250191,33.0855480651606],[11.7924982511627,33.0831180652051],[11.8776382507482,33.0649950652861],[11.9080542495627,33.0502780649625],[11.9922222513496,33.0038830652285],[12.0255542507466,32.983604064901],[12.0777762512119,32.9516600652021],[12.1738872513949,32.9005510649261],[12.2761092506055,32.8480530650982],[12.3012482507937,32.8377760649327],[12.3439422513333,32.828400064925],[12.3661102506874,32.8255540652699],[12.5172212509276,32.8072200649988],[12.5594442521873,32.80082706478],[12.7411102520575,32.7947160648874],[12.7718712506535,32.7966310646869],[12.8138882511506,32.7994380649601],[12.8538872510407,32.8055500646522],[12.9090272517383,32.8156930646489],[13.0008312523421,32.8427730653241],[13.015424251182,32.8484570646509],[13.0919442517614,32.871941065192],[13.1223602523725,32.8836060648173],[13.1406932521505,32.8987460651637],[13.1601382512659,32.9095800647938],[13.206110251888,32.9172210648791],[13.2511102520165,32.9188880650713],[13.3349992523474,32.9044420650366],[13.3624992523761,32.8962480650244],[13.467498252252,32.8483270652981],[13.5197222523671,32.8222200647707],[13.5438882522368,32.8080520646376],[13.5790262516305,32.795551064648],[13.6127772522255,32.788746064906],[13.6427752532602,32.788055064681],[13.7227762534133,32.7913820650229],[13.748332253353,32.7965240637729],[13.7758322533817,32.7997210648935],[13.8927752532753,32.7783280650098],[13.9127772527826,32.7733310646923],[13.9299852519061,32.7660290646744],[13.9522212528289,32.7542990651891],[13.9933322529546,32.7366640648141],[14.0180552523179,32.7294390648492],[14.0388872529269,32.7258300649293],[14.0794432523105,32.7238850647775],[14.1499992523787,32.7177730650682],[14.1708322528126,32.7141610647365],[14.2002772527551,32.703888065108],[14.3172202526487,32.6324960643009],[14.4148602528189,32.5569380646884],[14.4385912533937,32.5330510637424],[14.4486102526907,32.525619065364],[14.4866652533901,32.5105510636516],[14.545555253275,32.5030520639226],[14.624582254183,32.4911040653588],[14.6541652542177,32.4811100651431],[14.7250352541053,32.4493030647704],[14.79055425395,32.4461060651137],[14.9349992544204,32.4372180646449],[15.1286102532349,32.4097210652541],[15.1658332540811,32.398605064785],[15.1893042543649,32.3872180640221],[15.2746512536396,32.3190270639826],[15.3693732535775,32.1545100641857],[15.3599982538127,32.038055063962],[15.3549482540687,32.0218390641659],[15.354721254288,32.0211100641783],[15.3519442536227,31.9958310643698],[15.3599982538127,31.9602760637799],[15.3783322543139,31.9029140642302],[15.3986112538307,31.8569410642792],[15.4880552544189,31.6598590641785],[15.6199992535814,31.4901370631862],[15.688749253653,31.4305530629327],[15.7543052542059,31.389721064358],[15.863887254744,31.3388860631835],[15.8963872551861,31.3247180640894],[15.9768042552659,31.2912480630278],[16.0808292549984,31.2619440627743],[16.1157802547943,31.2558290630542],[16.1827772545727,31.2413860632798],[16.2247202545516,31.2338870640087],[16.2548602549783,31.2306920628026],[16.5002742548566,31.2186090636828],[16.523609254698,31.2177770639327],[16.564720255722,31.2213860632438],[16.598053254944,31.2255550626975],[16.6561092553258,31.2272190631407],[16.7058292563837,31.2280540639422],[16.7322192549281,31.2244410642295],[16.7597202547816,31.2191660643543],[16.9295802556247,31.1834700633262],[16.9924962557796,31.1658320631611],[17.0222202553813,31.1555520643549],[17.0588872556606,31.141109064102],[17.1133312560491,31.1266630639609],[17.1330532551739,31.121944062916],[17.2699962558234,31.0947190633009],[17.367220256067,31.0822200627067],[17.4026372560182,31.0666650631699],[17.4247212557067,31.0509720628663],[17.4434702563096,31.0359710630375],[17.4698582561025,31.0233310640783],[17.500000256179,31.0166660629065],[17.571110256266,31.0049970642066],[17.6041642558287,30.996944063369],[17.8083302571106,30.9230540632525],[17.8941632557339,30.8670810626396],[17.9231932555746,30.8515260633048],[18.0572202574381,30.8147200632116],[18.1791652573952,30.7819420633355],[18.1937967346719,30.7738090448448],[18.394240318639,27.5046192110735],[8.4719860779042,32.5335003713002],[8.52293952693258,32.7498924480477],[8.55063734496991,33.0524523356446],[8.55084309510261,33.3823210066696],[8.49927661326644,33.8190571583186],[8.68053211539115,33.7809596857523],[8.90782927440338,33.7499301401888],[9.11825478329743,33.7363793971933]]],[[[10.9936102499127,33.7500000648011],[10.9377762503525,33.7233280661381],[10.8827762502953,33.6730500647041],[10.8722212487261,33.6541590650041],[10.864999250186,33.6386110651059],[10.8613882500176,33.6841620650081],[10.856388249604,33.6966630663008],[10.850277249678,33.7049940647986],[10.8391662493385,33.7163850657812],[10.8224982499902,33.7297210658423],[10.8069432498041,33.7341610661654],[10.7955552503535,33.7338870658587],[10.7780552493553,33.7280500660099],[10.7665962497595,33.7156910650589],[10.7599982488635,33.7061080660854],[10.7404152487575,33.7065240660285],[10.7302772496348,33.7112460658178],[10.7191662501936,33.7308270647615],[10.7141652490569,33.7436100663266],[10.7144432488912,33.7602770660136],[10.7273602501257,33.8831900661301],[10.7351382501312,33.8904150663256],[10.7652762500097,33.8955540662955],[10.7963882491333,33.8961100663075],[10.9122222500626,33.8780520657028],[10.9683322498074,33.8574980663327],[11.0430542498878,33.8166660662875],[11.052637250065,33.8076320662972],[11.0549982499054,33.793606065202],[11.0491652498137,33.785271065888],[11.0077772496786,33.7549970661983],[10.9936102499127,33.7500000648011]]]]},"properties":{"OBJECTID":4,"DIOCESE":"AFRICA","PERIOD":"ca. AD303-324","PROV_NAME":"TRIPOLITANA","SUBDIVISIO":"","Shape__Area":353535744712.74707,"Shape__Length":3316437.2382891094}},{"type":"Feature","id":5,"geometry":{"type":"Polygon","coordinates":[[[31.3496402690235,31.5295680643816],[31.4336092688221,31.4847220639668],[31.5209692686811,31.4486080641612],[31.5569422691993,31.4422190630399],[31.5710982690945,31.4419440630496],[31.5984702690766,31.4433310637087],[31.640394667641,31.4509911548594],[31.4004192589355,31.239083791698],[31.234146259768,31.0404907119449],[31.1620316027318,30.9442473560402],[31.1087999857187,30.8313954357169],[31.0754690283674,30.7439231917669],[31.0513066603864,30.5814846861877],[31.0262864273603,30.4241249378064],[31.0006100037652,30.2180173313119],[30.992191610065,30.1781544383555],[30.9825570977944,30.1503006787516],[30.8992880904181,30.0646000958535],[30.8115375174466,29.9964053870991],[30.6230713310628,29.9145381868166],[30.0683437352037,29.6577161319311],[29.4740570992466,29.366711357187],[29.3613547071444,29.3062666898144],[29.3562313806188,30.8848770812549],[29.483330266889,30.9377750633543],[29.5249972666835,30.9613880626274],[29.5752752679581,30.9936100627708],[29.5980532674076,31.0086100641295],[29.600555266815,31.0111080633501],[29.6347202667885,31.034443063179],[29.6883312666006,31.068054062927],[29.7452772681932,31.1036110627422],[29.8038862669723,31.1355550642773],[29.9994432673221,31.273609062997],[30.045829268221,31.3072200632583],[30.0644412676583,31.320274063339],[30.0960082670666,31.2783770629737],[30.1431922683818,31.221943062917],[30.2130522681409,31.2129150633218],[30.2897182683101,31.2373580627524],[30.3002782681055,31.2688860639107],[30.301941267987,31.3352770641009],[30.3544422672132,31.4483300626865],[30.3894332680905,31.4418890643343],[30.3754142675643,31.4555550627317],[30.355449267867,31.5028440636302],[30.3919432678938,31.493608064305],[30.411665267917,31.474998062618],[30.4452742682217,31.4611090631454],[30.4793032677528,31.452221064144],[30.4999982680944,31.4523580633055],[30.5744442679903,31.4669420626999],[30.5972212676148,31.472221064261],[30.6913872678839,31.4991650642741],[30.7255532676823,31.5095810642378],[30.7705532687091,31.5249980639489],[30.8070482676626,31.5385590633278],[30.8458332690063,31.5488850638212],[30.9561102682319,31.5756930639967],[30.7036092677359,31.4658320640055],[30.5677752678474,31.4235730629357],[30.544166269268,31.3931920630581],[30.593885267806,31.3802760630129],[30.7436102681741,31.4086080630766],[30.902496268945,31.4202770633105],[30.9641642684219,31.4477770629543],[31.0072212682864,31.4802740640775],[31.0999962677622,31.4902760636267],[31.1264552685986,31.4966640637449],[31.1072192688222,31.5451350640902],[31.0655522681295,31.5652770630553],[31.033886268987,31.5708310626541],[30.977844268116,31.5835400638805],[31.0122202679767,31.5970120637133],[31.0983312682309,31.6016650628016],[31.1333312684306,31.5977740643147],[31.1883312675895,31.5849990637606],[31.2258302686203,31.5744440642972],[31.2679162678161,31.5608310640451],[31.338608269225,31.5341640642763],[31.3496402690235,31.5295680643816]]]},"properties":{"OBJECTID":5,"DIOCESE":"ORIENS","PERIOD":"ca. AD303-324","PROV_NAME":"AEGYPTUS IOVIA","SUBDIVISIO":"","Shape__Area":40605930082.22168,"Shape__Length":1069332.3931380787}},{"type":"Feature","id":6,"geometry":{"type":"Polygon","coordinates":[[[32.6280051059978,29.8063886220341],[32.6079142702954,29.8236100623344],[32.5766602699832,29.9199980620914],[32.5777742698688,29.951385062923],[32.5756182700677,30.0027060621113],[32.5632512695525,29.9568400618507],[32.477634269941,29.9368020618861],[32.459026268905,29.897497061812],[32.4819412704185,29.8693030618105],[32.4469372700207,29.7952770619654],[32.4091642702519,29.7555540617127],[32.360832268716,29.6830540619757],[32.3408282695589,29.5948600616856],[32.3682552688942,29.544512062135],[32.4011082704121,29.5119440608014],[32.4378162698009,29.492165061664],[32.5672192700963,29.3824980619243],[32.5963822700064,29.3405530617012],[32.6308292700122,29.2365260617557],[32.646942270415,29.1736110607253],[32.6575922697238,29.1194610622241],[32.6622162703937,29.1138880619058],[32.66263626962,29.0936770610057],[32.6342312699432,29.0612470608586],[32.6187472699022,28.9840260619766],[31.3810376072173,28.344291231321],[29.3066938238019,28.1964734376246],[29.3613547071444,29.3062666898144],[29.4740570992466,29.366711357187],[30.0683437352037,29.6577161319311],[30.6230713310628,29.9145381868166],[30.8115375174466,29.9964053870991],[30.8992880904181,30.0646000958535],[30.9825570977944,30.1503006787516],[30.992191610065,30.1781544383555],[31.0006100037652,30.2180173313119],[31.0262864273603,30.4241249378064],[31.0513066603864,30.5814846861877],[31.0754690283674,30.7439231917669],[31.1087999857187,30.8313954357169],[31.1620316027318,30.9442473560402],[31.234146259768,31.0404907119449],[31.4004192589355,31.239083791698],[31.640394667641,31.4509911548594],[31.6669422693138,31.4558300641522],[31.7555542691505,31.4791640641305],[31.8091662696858,31.5036090639197],[31.8402742686115,31.520554064374],[31.8717042686507,31.5349180637458],[31.8935162701493,31.5391120632242],[31.9214802697851,31.5298840633219],[31.9505482701589,31.50516106374],[31.9631922697853,31.4756930633648],[31.9849962690913,31.4458310640301],[32.0091632696842,31.416386064203],[32.0413822690206,31.3822210639912],[32.061802269901,31.3702750629613],[32.0866242689984,31.3607560633233],[32.1034662693224,31.3540270631351],[32.202491270438,31.2909330641027],[32.1672212690032,31.3005540628279],[32.112636269946,31.32749906362],[32.0899962687922,31.3436090636979],[32.0780412698022,31.3563880641003],[32.0642322693384,31.3563170638597],[32.0172192686257,31.3805540629973],[31.9923592689951,31.4026370642026],[31.9779142702932,31.4331930641784],[31.9333322688429,31.5134700639846],[31.9096502686719,31.5275670636266],[31.8605532690265,31.5145110630044],[31.7774622691119,31.2773930632518],[31.7982252692256,31.2846950627172],[31.8369402693508,31.2461090630032],[31.927288268864,31.1820100627309],[31.9552062702657,31.2018030632498],[32.0061032700599,31.2174990642679],[32.0279162686885,31.2156920626545],[32.0430522685748,31.1936070627175],[32.0356792686253,31.1748660627635],[32.0360792695567,31.1432020636829],[32.0519412698894,31.1288800633271],[32.0780482703732,31.0824970630355],[32.1430662699025,31.0741650632221],[32.1462442704259,31.0786090631631],[32.1415562701819,31.0873220626216],[32.1374972702999,31.0933300631354],[32.1920092686638,31.1248590631964],[32.2300412688987,31.1032640632483],[32.2530132703135,31.1074790642159],[32.2797892686474,31.1243040630179],[32.2881092689761,31.1689720641731],[32.2911072686761,31.1694410632767],[32.2986072697456,31.2091640631884],[32.2743722702789,31.266735064134],[32.2564242686688,31.2697220630578],[32.2474972704143,31.271110063225],[32.2147522697498,31.2824270626723],[32.2562792689038,31.2817150627868],[32.2761082699554,31.2786100631422],[32.3295782702005,31.2693020630786],[32.4022212695744,31.2147220642297],[32.4624942698566,31.1605530642326],[32.4811092696669,31.1424980633491],[32.4997862702998,31.1159700641752],[32.552215269556,31.07145506328],[32.5993422700715,31.0601460638011],[32.6697162696665,31.0516660637973],[32.7117992702858,31.0335390631279],[32.7811092702241,31.0461100626236],[33.0286102712048,31.1538890642939],[33.1156192696378,31.1924970626332],[33.1497192711106,31.1016650632604],[33.1436082702863,31.0583300630179],[33.206108271413,31.068054062927],[33.2513882710256,31.0894430641785],[33.3103642711242,31.11437606338],[33.4124982713696,31.1548600629503],[33.4543722708533,31.1417330641735],[33.4844432707846,31.1274990626815],[33.5295792713555,31.1174980632131],[33.5841592712882,31.114441063038],[33.6041642711686,31.1136090631312],[33.6366652714356,31.1155550631676],[33.6730502707842,31.1199990628795],[33.7438882708847,31.1333310629563],[33.8066632705743,31.1488870631194],[33.8713832710761,31.1652750628754],[33.931938272289,31.1822200633344],[33.9852752715664,31.2013850640383],[34.0125364850194,31.2121388472884],[33.9798810859146,31.149364509248],[33.8868825478668,30.986689817253],[33.8080664677942,30.8722502939757],[33.6848853536669,30.7283041823133],[33.2094511379438,30.323179042129],[32.6280051059978,29.8063886220341]]]},"properties":{"OBJECTID":6,"DIOCESE":"ORIENS","PERIOD":"ca. AD303-324","PROV_NAME":"AEGYPTUS HERCULIA","SUBDIVISIO":"","Shape__Area":106285614190.26855,"Shape__Length":1869118.0198712391}},{"type":"Feature","id":7,"geometry":{"type":"MultiPolygon","coordinates":[[[[11.1394432499051,34.6769410669772],[11.1288872503076,34.6686100673384],[11.1172212501243,34.6745760659321],[11.1222212496395,34.7004130656931],[11.1305542503871,34.7108310663639],[11.2379842504238,34.8228420673241],[11.2697222504346,34.8180540667711],[11.2877772503782,34.8119430672151],[11.3022212501535,34.8033290670525],[11.2823602502132,34.7427750668992],[11.257221250025,34.7319410673493],[11.2219432508892,34.7205510670018],[11.1924992498734,34.711105066993],[11.1772212496968,34.703606067075],[11.1394432499051,34.6769410669772]]],[[[9.80883530025974,33.722443718027],[9.6451839408241,33.7105241161854],[9.11825478329743,33.7363793971933],[8.90782927440338,33.7499301401888],[8.68053211539115,33.7809596857523],[8.49927661326644,33.8190571583186],[8.42439070568104,34.2768647019701],[8.37649711973301,34.5185260477362],[8.32640609829314,34.7260195309216],[8.26975659464323,34.8601684218408],[8.23454790681984,34.9213879807887],[8.38417765971668,34.9999951031356],[8.49112207273154,35.0707546189421],[8.60249904734439,35.2011739146952],[8.67076483571485,35.2757378740582],[8.73118622780055,35.3317739716481],[8.81435511075198,35.3788975562839],[8.93374100180571,35.4493860611144],[9.00861122929783,35.5077429707042],[9.06974056569262,35.5544046072542],[9.2709781471832,35.6667236707208],[9.5492739000584,35.7767570189241],[9.76653621528868,35.8397624351306],[10.0182341416835,35.8884295890832],[10.2106561187098,35.8789687742798],[10.3888519886212,35.8668482246371],[10.5779447499157,35.8197588673003],[10.6887722493238,35.7870410678488],[10.7397212498949,35.7716600680832],[10.8148592499019,35.724441066677],[10.8270812497539,35.7058980677104],[10.8713882499463,35.6820790668764],[10.9072212489259,35.6733320668266],[10.9297222501625,35.670830066985],[10.9730552502115,35.6641620668905],[11.0013872500933,35.6563870678466],[11.0270822499502,35.6373560672146],[11.013714248629,35.5627210680858],[11.0299992503576,35.5216600669052],[11.0544902499173,35.5017360671287],[11.0195822497791,35.3890950678635],[11.0259712504377,35.3386080670394],[11.0508332497181,35.3051340666685],[11.0847202498573,35.2749940669211],[11.1008322504353,35.263054067279],[11.1266652503844,35.2419430670503],[11.0724982500053,35.1706240672518],[11.0488182503824,35.1580510669814],[11.0195132501821,35.1240230672263],[11.0142922498356,35.0926740666346],[11.0148592502733,35.0621490671382],[10.9094432497474,34.8886110672089],[10.8230552503821,34.7936100669981],[10.7313882500457,34.6702770671992],[10.7087492496151,34.6513820670376],[10.6802772499911,34.6447220656421],[10.6588882498886,34.6424940671975],[10.6327762502802,34.6318020657218],[10.5753102490039,34.5457950669573],[10.4965262486684,34.5226330672784],[10.4303452488498,34.4962460668439],[10.395277248878,34.4602740670143],[10.3749982493613,34.4358290667338],[10.3361112497069,34.4074940659576],[10.1522212493653,34.3247830658743],[10.1160402493329,34.3142320673172],[10.036943249003,34.2180480662451],[10.0213872480937,34.1911090660839],[10.0124702489867,34.1711350668107],[10.0070832489589,34.1686060657815],[10.0141662493785,34.1097180659115],[10.0191652490688,34.0802760661811],[10.030832249077,34.0363850659127],[10.0393042488435,34.0095790660334],[10.0688872488781,33.953049064847],[10.0797212492082,33.9352720656809],[10.0963882487317,33.9144440663452],[10.1661112491217,33.8291620663708],[10.1957247307906,33.8054032929047],[10.0544634531119,33.7728091612558],[9.90158080624821,33.7408416109275],[9.80883530025974,33.722443718027]]]]},"properties":{"OBJECTID":7,"DIOCESE":"AFRICA","PERIOD":"ca. AD303-324","PROV_NAME":"BYZACENA","SUBDIVISIO":"","Shape__Area":64088581784.3916,"Shape__Length":1086590.8718153476}},{"type":"Feature","id":8,"geometry":{"type":"Polygon","coordinates":[[[7.66068340793676,35.3120466222916],[7.69836938520907,35.1728836482105],[7.75277981016554,35.0663672979805],[7.90305672286781,34.9232257373289],[7.99915339312536,34.8818997159225],[8.06883413586613,34.8788827189299],[8.1186762197677,34.8868529360624],[8.23454790681984,34.9213879807887],[8.26975659464323,34.8601684218408],[8.32640609829314,34.7260195309216],[8.37649711973301,34.5185260477362],[8.42439070568104,34.2768647019701],[8.49927661326644,33.8190571583186],[8.55084309510261,33.3823210066696],[8.55063734496991,33.0524523356446],[8.52293952693258,32.7498924480477],[8.4719860779042,32.5335003713002],[5.46512008602145,33.4431797733179],[5.40740391292172,33.7003790876896],[5.33932100717008,33.9436062456438],[5.29703585237411,34.0625794629733],[5.28126004090134,34.1578716230763],[5.27989107129042,34.2448321851875],[5.27370766535589,34.2880244866392],[5.21268560577231,34.4290786468413],[5.21562485205945,34.4957480121358],[5.23994238514111,34.6072117287273],[5.29457925382116,34.6882276068556],[5.45537699977241,34.9471254946763],[5.48329429869151,35.056609395116],[5.52929245016985,35.2245716968209],[5.55750564785537,35.3710033871308],[5.57582600923563,35.6506726648179],[5.58323073318939,35.8147644808114],[5.64350882332601,35.8039250568684],[5.72669923619988,35.7503454017312],[5.84981587823924,35.6893797351691],[6.03097999924166,35.6424292850684],[6.5557176187164,35.549388160052],[7.17069460264037,35.4125717879907],[7.66068340793676,35.3120466222916]]]},"properties":{"OBJECTID":8,"DIOCESE":"AFRICA","PERIOD":"ca. AD303-324","PROV_NAME":"NUMIDIA\nMILITIANA","SUBDIVISIO":"","Shape__Area":109944201705.62451,"Shape__Length":1354554.0939334428}},{"type":"Feature","id":9,"geometry":{"type":"Polygon","coordinates":[[[23.6819422610878,35.2244420668304],[23.5942342610743,35.2322200669217],[23.5205532610845,35.2949980682169],[23.5691642622797,35.5266650668978],[23.5831912623035,35.571106067144],[23.5938872607447,35.5922160668081],[23.6085392618307,35.6087450667658],[23.6099972607745,35.5674970680952],[23.6154132620129,35.5230520667113],[23.6554852616979,35.4979820676409],[23.7189562607983,35.5088840668254],[23.7319412618049,35.5461040667769],[23.7286092621941,35.5689350667918],[23.7113872619286,35.6041640673202],[23.7107622608662,35.6524960683251],[23.7418732619616,35.6863170671794],[23.7717682621658,35.6612090678974],[23.7722202611791,35.6133270673381],[23.7819442618216,35.5644380682167],[23.7910402619271,35.54659306689],[23.8485392619171,35.5229830669981],[23.9713862620475,35.5147170680565],[23.9955522619171,35.515549067346],[24.0407752616284,35.5296320681068],[24.0705682617254,35.5493010680481],[24.0804842619885,35.5765570668704],[24.1243722618813,35.600483067905],[24.1763882615839,35.588886067131],[24.2049292617031,35.5398560666369],[24.1855542620096,35.5091630673139],[24.1656912624195,35.5015260670966],[24.1346642627864,35.5003550669608],[24.1070652621253,35.4922140670036],[24.1790252616089,35.4523580676629],[24.2722892626029,35.363884067118],[24.3270812622477,35.3513830668244],[24.357080262209,35.3523560677134],[24.4647212630312,35.361938066951],[24.4904152630631,35.3656880670654],[24.5964562628546,35.382980068073],[24.6237492622957,35.3959690667232],[24.7888872625596,35.4088820668904],[24.9633332617428,35.4044420671021],[25.04569226316,35.3792300671633],[25.0543732631638,35.3502730670941],[25.2013852633389,35.3344420666991],[25.2805522630907,35.3338850671203],[25.3024982635853,35.335548067263],[25.3795112631858,35.3338810672699],[25.4008312627932,35.3115270669979],[25.4299962641498,35.2944410682089],[25.4543042634113,35.2920800669947],[25.4911082630596,35.2986070672076],[25.5644412637931,35.3186030668994],[25.6180532643284,35.3333280666341],[25.6604152628104,35.3424990667171],[25.7657262628559,35.3299600678338],[25.734304264111,35.2999270667839],[25.7286432626501,35.2616270678009],[25.7503032638127,35.270222067073],[25.7393072639992,35.2318690672292],[25.7177752637815,35.216942067356],[25.7105542632696,35.1727710676531],[25.7174982628737,35.1591640678478],[25.7280542642678,35.1419370673331],[25.7566642639839,35.1263890668083],[25.7840272637452,35.1138880669751],[25.8123572639772,35.1115230667141],[25.8669432628593,35.1522220670333],[25.8961102638657,35.1769410673663],[26.0309692637859,35.2249260677366],[26.0930522642627,35.2166590667171],[26.1119422644326,35.2052760669792],[26.2177772643598,35.2405550670302],[26.3011092642989,35.2830500673234],[26.290554263628,35.13110406729],[26.2749972637922,35.0874940667216],[26.2397212643062,35.0366630663606],[26.2055552636095,35.0216600672001],[26.1358322641178,34.9972880669335],[26.1004142643416,35.0037800667311],[25.9874992643678,35.0330500671042],[25.5913872629045,35.0077740669364],[25.5578462632701,34.994022066857],[25.5088882644403,34.9816630666864],[25.3352772636866,34.9849930671681],[25.1880532629011,34.9522170670573],[25.0169412620802,34.9308320671542],[24.928055262607,34.9305500669259],[24.8211092631674,34.9374920666924],[24.7543052619363,34.9462430667367],[24.7627752629512,35.0158310669847],[24.7576352627956,35.0398560669296],[24.7420802617112,35.0737460667678],[24.7230532630706,35.0905530671339],[24.6887472617335,35.0956880667146],[24.638611263444,35.0952760670167],[24.5886082634272,35.0969390668364],[24.5631922632296,35.1006930669539],[24.5477752622376,35.1194380673214],[24.5311092634373,35.1391600670961],[24.3924982619852,35.1888850670294],[24.1944412618778,35.2002710667082],[24.139721262203,35.1997150671894],[24.1008302623507,35.1977770671],[24.0619432617981,35.190411067068],[24.0356902617244,35.1928410670292],[23.9466632617859,35.2211070673205],[23.8902742623819,35.2338870670768],[23.8218042608962,35.2465250671351],[23.6983322623984,35.2323570668579],[23.6819422610878,35.2244420668304]]]},"properties":{"OBJECTID":9,"DIOCESE":"MOESIAE","PERIOD":"ca. AD303-324","PROV_NAME":"CRETA","SUBDIVISIO":"","Shape__Area":12297693845.212891,"Shape__Length":860351.37452195457}},{"type":"Feature","id":10,"geometry":{"type":"Polygon","coordinates":[[[5.43650024526134,36.6653210680446],[5.462638244809,36.6637460693407],[5.53138824488052,36.6941640677943],[5.54777724456962,36.7136080687334],[5.56374924540551,36.7386090687297],[5.58833224502666,36.7657580687871],[5.70458224408597,36.8219410682415],[5.74249924469316,36.8327750687624],[5.77493024464,36.8305850687635],[5.81569424533444,36.8130530691256],[5.83901911756926,36.8145723012601],[5.95912163425097,36.6459994809423],[6.00843049167465,36.5556733432065],[6.02936095033373,36.4594737780576],[6.03456157958451,36.3834130598802],[6.00353940929437,36.2941992963488],[5.96549379688797,36.2254735181874],[5.88974775780788,36.1272936482844],[5.84981541920016,36.0884833986937],[5.78410498208016,36.0530518736754],[5.71479741388146,36.0289412420823],[5.66819377544375,36.0058921050282],[5.63114727738118,35.9694426019013],[5.60274586557563,35.8941818789373],[5.58323073318939,35.8147644808114],[5.57582600923563,35.6506726648179],[5.55750564785537,35.3710033871308],[5.52929245016985,35.2245716968209],[5.48329429869151,35.056609395116],[5.45537699977241,34.9471254946763],[5.29457925382116,34.6882276068556],[5.23994238514111,34.6072117287273],[5.21562485205945,34.4957480121358],[5.21268560577231,34.4290786468413],[5.27370766535589,34.2880244866392],[5.27989107129042,34.2448321851875],[5.28126004090134,34.1578716230763],[5.29703585237411,34.0625794629733],[5.33932100717008,33.9436062456438],[5.40740391292172,33.7003790876896],[5.46512008602145,33.4431797733179],[4.15871877782587,33.4918775538051],[4.14839161955549,33.7381188752753],[4.05597818389664,34.2839367142893],[4.03796980202464,34.5466964778239],[4.00637767314462,34.9422919129829],[3.99187173273391,35.2498985798437],[4.00275779223132,35.363601927689],[4.03633105216424,35.5042821772072],[4.09461991473232,35.6259163117579],[4.22192035600291,35.768285667787],[4.36484189190487,35.9022760088181],[4.44404998598764,35.9650655173327],[4.5465562417986,36.0847068609603],[4.60847721404597,36.2156794572931],[4.69186854591288,36.4590497642841],[4.71148575386487,36.6524444041954],[4.68712089843234,36.8861636131536],[4.69916624368542,36.8861080688357],[4.72444424379075,36.8862460687937],[4.74944424496007,36.8906900690785],[4.78874924419086,36.8938860692122],[4.9233332437514,36.8469390676949],[5.10048524525148,36.7713130682299],[5.07967024436091,36.7326200689706],[5.09131824500088,36.7106210682859],[5.16194424538926,36.6723560682557],[5.19499924477686,36.6608280688506],[5.24263824458012,36.646732068801],[5.29944424463398,36.6402740678037],[5.32805524507339,36.6402740678037],[5.42444424419239,36.653053069261],[5.43650024526134,36.6653210680446]]]},"properties":{"OBJECTID":10,"DIOCESE":"AFRICA","PERIOD":"ca. AD303-324","PROV_NAME":"MAURETANIA\nSITIFENSIS","SUBDIVISIO":"","Shape__Area":66172272068.441772,"Shape__Length":1280838.4768719983}},{"type":"Feature","id":11,"geometry":{"type":"Polygon","coordinates":[[[36.0491986893142,30.8013870628228],[35.4055623800801,30.1651284340824],[35.1336705803215,29.7402349312902],[35.0450103059197,29.6188375849988],[34.9799802725588,29.5457530618124],[34.9658282728616,29.5491640617687],[34.9625622715764,29.551460061684],[34.9380492722754,29.5233310622183],[34.9038012715629,29.4867060619594],[34.8829112721259,29.4845120623642],[34.8587452731546,29.472219062241],[34.7613832719204,29.3347210607218],[34.744163272203,29.2913860621916],[34.689995271999,29.1355550609625],[34.6655502715718,29.039165060919],[34.6224942724306,28.8393040608633],[34.6224972719053,28.7594410607171],[34.6274302723717,28.7354140610827],[34.6052742718148,28.6916640613167],[34.5855482715938,28.6622200606768],[34.5486072716782,28.6049990607544],[34.5247192716429,28.5619430607987],[34.4566652718804,28.4352760611906],[34.4091602719715,28.3187480607666],[34.4141612713116,28.2304150597483],[34.4300992709139,28.2008990600539],[34.451660271444,28.174166059769],[34.4461062710116,28.0211100596929],[34.4419402709994,27.9969440600338],[34.4311062715676,27.9744410602942],[34.3272172722775,27.8688890603765],[34.2941662712913,27.8544420603572],[34.2722162705988,27.8180540601612],[34.2588882712572,27.7902750600497],[34.2558292723561,27.7647210599057],[34.254440272111,27.7286110600403],[34.2163852723099,27.7652740597975],[34.1879352724273,27.7871420600352],[34.1341632711601,27.7958300599629],[33.9730532708161,27.8877750599224],[33.8255542705692,27.9749980611496],[33.8055492706888,27.9888880602936],[33.7633282708755,28.0219420602403],[33.7124942708305,28.0816650609378],[33.6269382713183,28.193333059932],[33.5991592707322,28.239441060763],[33.5633962711745,28.2947220597847],[33.5204812707019,28.3132610607529],[33.4338832712743,28.3608320596139],[33.4113842705858,28.3799970600124],[33.3061062710505,28.4849970613675],[33.2869412714193,28.5049970612211],[33.2427752707938,28.5544430611943],[33.221107271032,28.6080550606584],[33.199581270662,28.6622890606516],[33.167770269958,28.8611110613317],[33.1658322706152,28.9533310611101],[33.1672172706623,28.9743040609648],[33.1725612701341,28.9950670617913],[32.9487452696974,29.2068040606502],[32.9288862703053,29.2098580609179],[32.8908312696058,29.2331900623233],[32.7413862696202,29.4547190622783],[32.722221269989,29.5108300608179],[32.689720269722,29.6163860622837],[32.6831212698993,29.6693040622488],[32.6943662701331,29.7234710616272],[32.674720270278,29.7583310622665],[32.6490252713194,29.7883570623494],[32.6280051059978,29.8063886220341],[33.2094511379438,30.323179042129],[33.6848853536669,30.7283041823133],[33.8080664677942,30.8722502939757],[33.8868825478668,30.986689817253],[33.9798810859146,31.149364509248],[34.0125364850194,31.2121388472884],[34.0469402715684,31.2256930629095],[34.1080552717496,31.2527770629669],[34.2097202705684,31.3165260643658],[34.2166592719463,31.323330062812],[34.2480542709271,31.3497200641783],[34.2761082718729,31.3738860638534],[34.4011072716063,31.4891660628451],[34.4558262705579,31.5497210638193],[34.4826352720969,31.5830540632451],[34.4905472710984,31.596096062636],[34.4952772720735,31.6033330630928],[34.5111082706474,31.6263880638003],[34.5538862717509,31.6838870639583],[34.5861052719857,31.7269440639532],[34.6699982716163,31.8749960642084],[34.708328271777,31.9476370638626],[34.7308312717652,32.0036090639893],[34.7327732722043,32.0144420640239],[34.7788852716701,32.1255490639467],[34.7977752718401,32.1780550639109],[34.8028032718426,32.1923670639078],[34.834160272087,32.290832063732],[34.8683322717331,32.4074930639679],[34.8724972719204,32.4197200642318],[34.8955532721025,32.5102770646461],[34.9283023079993,32.6628713370338],[35.054194688571,32.6940730440289],[35.1160953921306,32.7184826022536],[35.1769296139883,32.760105680742],[35.26855072838,32.8526327992631],[35.4309060766771,33.0273266620317],[35.5136489488765,33.0912065069944],[35.586852842839,33.1265308926577],[35.6819906863966,33.1525139022328],[35.8442979541648,33.1669336027652],[35.8245985090418,33.0323228437326],[35.8056364882406,32.9703698398834],[35.7370345170532,32.7835354649402],[35.6716246050233,32.6225694767486],[35.6266475272059,32.4360079757805],[35.610741274964,32.3153719959048],[35.6027853690064,32.160933743103],[35.6204159922334,31.974404974982],[35.6360886780098,31.6609963338097],[35.6295030388304,31.5812550103727],[35.6049858866179,31.5313263049117],[35.581141532129,31.4763935942617],[35.5042273499046,31.4023193902956],[35.4719565429291,31.340510993328],[35.4332387229923,31.237579867256],[35.4035580176957,31.1294645232487],[35.3923033102669,31.0707068207531],[35.3979697249756,31.0449402811797],[35.4068661149334,31.0397174989557],[35.4264622277476,31.0334889948977],[35.4731601201198,31.0449950882369],[35.5010037526941,31.0385157458676],[35.7223581653347,30.9579489347817],[36.0491986893142,30.8013870628228]]]},"properties":{"OBJECTID":11,"DIOCESE":"ORIENS","PERIOD":"ca. AD303-324","PROV_NAME":"PALAESTINA","SUBDIVISIO":"","Shape__Area":108646927073.8252,"Shape__Length":1760506.7423922603}},{"type":"Feature","id":12,"geometry":{"type":"Polygon","coordinates":[[[3.99749824427772,36.8947220680988],[4.0761112431123,36.8855510678702],[4.10611024397194,36.8841630689534],[4.24527724419448,36.903328069246],[4.2949992431055,36.9044420691522],[4.38944424393222,36.8952710687122],[4.55749924370526,36.8844410688128],[4.60335724362624,36.8879090691304],[4.6355552439446,36.8863830690729],[4.68712089843234,36.8861636131536],[4.71148575386487,36.6524444041954],[4.69186854591288,36.4590497642841],[4.60847721404597,36.2156794572931],[4.5465562417986,36.0847068609603],[4.44404998598764,35.9650655173327],[4.36484189190487,35.9022760088181],[4.22192035600291,35.768285667787],[4.09461991473232,35.6259163117579],[4.03633105216424,35.5042821772072],[4.00275779223132,35.363601927689],[3.99187173273391,35.2498985798437],[4.00637767314462,34.9422919129829],[4.03796980202464,34.5466964778239],[4.05597818389664,34.2839367142893],[4.14839161955549,33.7381188752753],[4.15871877782587,33.4918775538051],[-3.23490182297672,33.7702908983404],[-3.48182918317318,33.7862190990265],[-3.44489227059213,33.9189064668149],[-3.38894483806599,33.9672040517029],[-3.36575119082956,34.0126602782909],[-3.36324216659661,34.0386121208578],[-3.37221558259843,34.0906592011374],[-3.36329252884638,34.1129757979737],[-3.34254688508225,34.1324908742574],[-3.34491782298467,34.1553686976694],[-3.32668549740059,34.18611324768],[-3.28138929128189,34.2210620276428],[-3.26379027258319,34.2423943556759],[-3.24613101825142,34.3009443906369],[-3.22509267013008,34.3321078869493],[-3.17400349644207,34.379524239695],[-3.10232533798896,34.4230753928904],[-3.01231867133426,34.5112195199921],[-2.96734283768354,34.5622328051952],[-2.94681491769652,34.6095461898118],[-2.94211918475457,34.6521519679317],[-2.91806790333995,34.6837022593117],[-2.81776323772902,34.7405979089281],[-2.73269422211891,34.7904585408232],[-2.71766489088433,34.8252742359535],[-2.69420617596037,34.8473574496431],[-2.63628114904863,34.8931170091173],[-2.57649604984837,34.9437629009379],[-2.50354328980492,34.9729796976591],[-2.44761461230527,35.015983088247],[-2.40845205982743,35.0448998681867],[-2.37116030013272,35.0828461870615],[-2.35442358774999,35.1223460623071],[-2.34305576266398,35.123604066842],[-2.25805576282054,35.0969390668364],[-2.21694476179649,35.0858310668739],[-2.20944476162535,35.0858310668739],[-2.16027776165977,35.0974240673642],[-2.1179167621044,35.0883290671574],[-2.09805576216409,35.0794410671019],[-2.06555576262026,35.0719370668347],[-2.02999976185351,35.0719370668347],[-1.97972276220039,35.073326066833],[-1.94055576216355,35.0791630669161],[-1.89666676244586,35.0874940667216],[-1.78055576240543,35.1172180671405],[-1.74611176187436,35.1339530669879],[-1.69888876199769,35.173607067296],[-1.5561117614317,35.2616610668173],[-1.52416676173164,35.2794420672487],[-1.47138876159767,35.3065260672433],[-1.44291676197377,35.3079150683077],[-1.41638876243878,35.303604066857],[-1.39555576200486,35.305138067208],[-1.36930576230422,35.3129160672256],[-1.36074776142575,35.3177870673447],[-1.35222276105755,35.3224940673147],[-1.29777776174243,35.3599930682358],[-1.27458376056975,35.3818020666638],[-1.25916676227259,35.4066620668166],[-1.24916676234386,35.436386067115],[-1.23999976119493,35.4672160682788],[-1.22402776125737,35.5026360678381],[-1.19694476098028,35.5511090679759],[-1.16888876128297,35.5774990672403],[-1.12611176090267,35.6066660670805],[-1.03582976061337,35.6769410678074],[-1.00624976095172,35.6812440671826],[-0.902777761413108,35.7113880671265],[-0.791666760887873,35.7649990668605],[-0.697222760784415,35.7197190678307],[-0.646110760905,35.7126350678063],[-0.61805576103263,35.7183300678207],[-0.52986076094739,35.7697180679297],[-0.511388761252214,35.7901340676591],[-0.493888761152344,35.8200000681738],[-0.477846760894595,35.8537440679387],[-0.373124761028023,35.9027750680014],[-0.340138761237376,35.898888067828],[-0.300694761191113,35.8641280669379],[-0.296666761271219,35.8341600668917],[-0.244444760805928,35.8108290680441],[-0.144166759887581,35.7880550669756],[-0.120833759696054,35.7836070679785],[-0.114293760322951,35.7836990678757],[-0.106666759930224,35.7840230666975],[-0.0522217597167688,35.8061060671333],[0.0176392389689092,35.847771068126],[0.0416672387462889,35.8706890679487],[0.0844442391266264,35.9424970682924],[0.117639239154605,36.0116650676584],[0.127153239734878,36.0449260683165],[0.204166239335454,36.1033330680571],[0.330000240193526,36.1674960679908],[0.537777239847183,36.2694400678255],[0.615833240086486,36.3058320676443],[0.6775002397384,36.3280490678246],[0.729980239946534,36.332603068153],[0.73694423964215,36.3322220682769],[0.762777239591292,36.336247067714],[0.839722241216443,36.3658290688974],[0.866944239614059,36.376663067751],[0.91493024064529,36.4045100680987],[0.928194240412772,36.4291650688535],[0.947500239610977,36.4488830676806],[1.0250002401816,36.4738840681571],[1.18250024108047,36.5122150681246],[1.40638824058887,36.5297160689937],[1.49666624068016,36.5236090693196],[1.56750024058271,36.5313870679264],[1.61388924095631,36.5372160678236],[1.649583240917,36.5468030677129],[1.69166624063806,36.5488820682836],[1.72221924061824,36.5472180680644],[1.74277724069253,36.5534670682059],[1.84250024086881,36.5674970688671],[1.90597224159079,36.5702740683054],[1.9502772421334,36.5613860680754],[1.97250024084072,36.5608290680078],[2.04430524231026,36.566662068052],[2.15069424225632,36.5873560682745],[2.17694424105867,36.5995830688353],[2.22111124240734,36.6116640686541],[2.30903324178277,36.6295850677198],[2.33916624163838,36.6352770693125],[2.36305524239691,36.6320800690487],[2.39402724177843,36.6183280677562],[2.40263824236035,36.5980490676968],[2.43444424214323,36.5902710691057],[2.47416624202382,36.5863880678108],[2.50000024179786,36.5843010692405],[2.57250024195496,36.5891610678208],[2.59763824231822,36.5940250690674],[2.62611124266539,36.603332068189],[2.77944424282882,36.6772160680736],[2.81625024302523,36.7026330691612],[2.83625024288268,36.722080068689],[2.90020824205485,36.7947850682032],[2.93416624233909,36.8024980686895],[2.9636102415583,36.802215068778],[2.99125024222731,36.8083270688777],[3.03048624186111,36.8057590682945],[3.06249924312985,36.7851330678746],[3.08916624258202,36.7500000691495],[3.10638824194924,36.7419430691926],[3.1306942433576,36.7388840680552],[3.17222224323485,36.7413860678084],[3.18555324294951,36.7427750691958],[3.2280552429702,36.7786100693126],[3.30722224272199,36.7830500690025],[3.38347224206633,36.7712440692497],[3.47916624339611,36.7680510679083],[3.54416624338206,36.7855530680019],[3.6249992433884,36.8105540677194],[3.65229124300457,36.8239520683157],[3.69270824336934,36.8490940688728],[3.71625024379826,36.87499606909],[3.74791624294073,36.889160068841],[3.81583324333413,36.9033280678093],[3.90166624375399,36.9147190693477],[3.92840224280316,36.8943710680632],[3.95888824283619,36.888607069063],[3.99749824427772,36.8947220680988]]]},"properties":{"OBJECTID":12,"DIOCESE":"AFRICA","PERIOD":"ca. AD303-324","PROV_NAME":"MAURETANIA CAESARIENSIS","SUBDIVISIO":"","Shape__Area":270151286629.85144,"Shape__Length":2483084.5052670441}},{"type":"Feature","id":13,"geometry":{"type":"Polygon","coordinates":[[[6.89527960584582,36.8917494410466],[6.86845791470508,36.7126527108347],[6.87009363364974,36.5762588473303],[6.89605659556596,36.4662147013199],[6.93222644930235,36.3773602028511],[7.00245396601384,36.2896852860303],[7.06776834760316,36.2387660626679],[7.19978994323993,36.1599456797471],[7.3355555525892,36.053400421097],[7.45393872705478,35.9439086232889],[7.5016993991717,35.8876518731931],[7.5543091709041,35.7808413692373],[7.60813192878148,35.5705100339228],[7.66068340793676,35.3120466222916],[7.17069460264037,35.4125717879907],[6.5557176187164,35.549388160052],[6.03097999924166,35.6424292850684],[5.84981587823924,35.6893797351691],[5.72669923619988,35.7503454017312],[5.64350882332601,35.8039250568684],[5.58323073318939,35.8147644808114],[5.60274586557563,35.8941818789373],[5.63114727738118,35.9694426019013],[5.66819377544375,36.0058921050282],[5.71479741388146,36.0289412420823],[5.78410498208016,36.0530518736754],[5.84981541920016,36.0884833986937],[5.88974775780788,36.1272936482844],[5.96549379688797,36.2254735181874],[6.00353940929437,36.2941992963488],[6.03456157958451,36.3834130598802],[6.02936095033373,36.4594737780576],[6.00843049167465,36.5556733432065],[5.95912163425097,36.6459994809423],[5.83901911756926,36.8145723012601],[5.8669442453061,36.8163830687878],[6.0000002447043,36.8377760690481],[6.02430524538946,36.843468069226],[6.16444424520727,36.8922190687543],[6.23333224537107,36.9136050686768],[6.24222224471392,36.9204100691801],[6.26388824482599,36.9487460681775],[6.25374924587839,36.97451406931],[6.27055524621731,37.0202750688303],[6.36694424533631,37.0818020676711],[6.39833224464443,37.0863880688852],[6.47166624610118,37.0898590688775],[6.50388824491236,37.0783270687012],[6.52236124533073,37.0658300686517],[6.54194324471349,37.0449980688487],[6.57236024604783,37.0054130688436],[6.58215224556412,36.9838140691554],[6.89527960584582,36.8917494410466]]]},"properties":{"OBJECTID":13,"DIOCESE":"AFRICA","PERIOD":"ca. AD303-324","PROV_NAME":"NUMIDIA\nCIRTENSIS","SUBDIVISIO":"","Shape__Area":29259172267.345459,"Shape__Length":797422.71809196263}},{"type":"Feature","id":14,"geometry":{"type":"Polygon","coordinates":[[[-5.39555776459132,35.9163360672027],[-5.36027776490742,35.9162440682824],[-5.30764976635791,35.8857920669919],[-5.34583376603047,35.8416590680664],[-5.34500076635234,35.8299940683506],[-5.3388887648048,35.7905500671939],[-5.32972276527743,35.7374950683381],[-5.32027776609077,35.700275067102],[-5.24895876576635,35.5743710670371],[-5.21069476482952,35.5505520673403],[-4.96638976481381,35.3669430682825],[-4.91680676492164,35.3184700667836],[-4.79166676472285,35.2508320667884],[-4.73000076399754,35.2208290678195],[-4.69583376527256,35.2088850667087],[-4.60194476501284,35.1922150671366],[-4.51900876401061,35.1799770669312],[-4.42041676523492,35.1512450671899],[-4.35791776483148,35.1461100671019],[-4.31749976374345,35.1568680672786],[-4.26500076416707,35.1866650667579],[-4.21555576526547,35.1897200669563],[-4.11930576426702,35.2026330670451],[-4.09291676375087,35.2145800671049],[-4.06999976528257,35.2301370669107],[-4.0208337642436,35.2452770670416],[-3.91493076364606,35.256107067349],[-3.90208376363008,35.2236750670479],[-3.86437476523198,35.20298006722],[-3.82069476395503,35.1997180672775],[-3.80166676369285,35.2030490671797],[-3.7555557640519,35.2416610670314],[-3.65472276418804,35.269581066984],[-3.58479176428385,35.2295070670056],[-3.41055576426461,35.1950000667412],[-3.38638876277342,35.1930540668123],[-3.33625076303745,35.1913830668174],[-3.30638876424181,35.1952740672389],[-3.16833376335665,35.2469400668737],[-3.07076376440501,35.2877040668028],[-3.02361176287681,35.346107068097],[-2.98611076399288,35.4180530669524],[-2.96083376371245,35.361938066951],[-2.94694476288264,35.3291620667458],[-2.93055576319355,35.2955550673244],[-2.91472276317317,35.273605067025],[-2.90138876308546,35.2591630671543],[-2.9027777633306,35.220550067104],[-2.91208376260008,35.1983300680005],[-2.90555576292257,35.1697200668955],[-2.87694476338146,35.1418040667127],[-2.8348617627621,35.1251330670162],[-2.78379876328653,35.1223790667551],[-2.79416676256298,35.1472170671426],[-2.82333376267106,35.1658320670029],[-2.85749976336778,35.1994400672022],[-2.88368076257313,35.2345770669562],[-2.8077777626601,35.184441066884],[-2.77638876262875,35.1583330673407],[-2.74888876260016,35.1397480670739],[-2.67638976316629,35.1108320672839],[-2.62722276320072,35.0984690671824],[-2.54972276263009,35.0938870673422],[-2.52611176260421,35.096386066682],[-2.48138876338349,35.1081920673198],[-2.35442358774999,35.1223460623071],[-2.37116030013272,35.0828461870615],[-2.40845205982743,35.0448998681867],[-2.44761461230527,35.015983088247],[-2.50354328980492,34.9729796976591],[-2.57649604984837,34.9437629009379],[-2.63628114904863,34.8931170091173],[-2.69420617596037,34.8473574496431],[-2.71766489088433,34.8252742359535],[-2.73269422211891,34.7904585408232],[-2.81776323772902,34.7405979089281],[-2.91806790333995,34.6837022593117],[-2.94211918475457,34.6521519679317],[-2.94681491769652,34.6095461898118],[-2.96734283768354,34.5622328051952],[-3.01231867133426,34.5112195199921],[-3.10232533798896,34.4230753928904],[-3.17400349644207,34.379524239695],[-3.22509267013008,34.3321078869493],[-3.24613101825142,34.3009443906369],[-3.26379027258319,34.2423943556759],[-3.28138929128189,34.2210620276428],[-3.32668549740059,34.18611324768],[-3.34491782298467,34.1553686976694],[-3.34254688508225,34.1324908742574],[-3.36329252884638,34.1129757979737],[-3.37221558259843,34.0906592011374],[-3.36324216659661,34.0386121208578],[-3.36575119082956,34.0126602782909],[-3.38894483806599,33.9672040517029],[-3.44489227059213,33.9189064668149],[-3.48182918317318,33.7862190990265],[-6.94339927708962,33.9345117842425],[-6.93333376662047,33.9416660663105],[-6.84305576742747,34.0186080658448],[-6.7975007665569,34.0620760659086],[-6.71638976581788,34.1961060656794],[-6.65500076600032,34.2955550658101],[-6.63972276672201,34.31832906715],[-6.59777876601983,34.3761060669008],[-6.58250076584322,34.3911060659653],[-6.48833376574915,34.5408320661495],[-6.37916776693438,34.7213820668111],[-6.35861176561159,34.7555540669205],[-6.33416776590758,34.8002780666406],[-6.31527776663597,34.8349990659188],[-6.27944476585981,34.9069440667214],[-6.24250076557113,35.0083310667478],[-6.21166676718021,35.0930480672425],[-6.1713897656592,35.1838840669706],[-6.10472276559375,35.3330540672111],[-6.05222176636754,35.4502720679612],[-5.9966667655682,35.5794370669119],[-5.96611076611331,35.6647190668279],[-5.93749976477557,35.7594370676697],[-5.9187437653983,35.7906490681969],[-5.8483337658183,35.7966610683142],[-5.74444476562985,35.8055500676587],[-5.59583376514726,35.8219370681568],[-5.54375076639581,35.8424950677128],[-5.50902776530719,35.8715250679846],[-5.48833376479042,35.8972170673314],[-5.45555576541227,35.914440068278],[-5.4077777647935,35.9191660677406],[-5.39555776459132,35.9163360672027]]]},"properties":{"OBJECTID":14,"DIOCESE":"HISPANIAE","PERIOD":"ca. AD303-324","PROV_NAME":"MAURETANIA\nTINGITANA","SUBDIVISIO":"","Shape__Area":80385782372.354,"Shape__Length":1450314.1503844832}},{"type":"Feature","id":15,"geometry":{"type":"Polygon","coordinates":[[[10.2117672493763,37.1280750693493],[10.1694432487325,37.0640220688282],[10.1723592493151,37.0395770679835],[10.2006242492498,36.9868700691488],[10.3326722490676,36.8893280687259],[10.3442352502171,36.8771480688286],[10.2861792498353,36.8152730689349],[10.2755892490043,36.8385010691797],[10.2027772486777,36.8309670683145],[10.1927762498224,36.8108290687126],[10.1967352501453,36.7901340683387],[10.2438892486284,36.7858280688424],[10.2561512486633,36.7867890686699],[10.3190272486353,36.7445790692448],[10.3369432495601,36.7351380693331],[10.374860249269,36.7245790692794],[10.4072212488956,36.7227710688865],[10.4153152501669,36.7240370681307],[10.4361092493445,36.7297210687904],[10.4586102487845,36.7386090680099],[10.4841652497976,36.7522200679956],[10.5244432493469,36.775620068196],[10.5472222504178,36.8177720687519],[10.566388249874,36.8573570690949],[10.5991652503256,36.8783260690129],[10.6227762503514,36.8763880683161],[10.6549992498858,36.87693806811],[10.6774992503992,36.87888306879],[10.7131942492865,36.8868030689999],[10.8191662485827,36.9508290686488],[10.8683322487234,36.9963840691103],[10.8938872488382,37.039371067733],[11.0393732502975,37.0859680680127],[11.0677772501493,37.0513840689268],[11.1022202499572,36.9044420691522],[11.0356932496338,36.8113860677317],[10.980833250217,36.7602770676865],[10.9674992492309,36.7436070680979],[10.8972202491722,36.6480480693387],[10.864721248555,36.591942067936],[10.8368042496732,36.5426330691228],[10.8219432501464,36.5030520676776],[10.8127762498958,36.482773068273],[10.7963872493084,36.4653430679335],[10.7408332492323,36.4533310678973],[10.6736112493231,36.4341660689455],[10.5722212490673,36.3977740681644],[10.5474982497041,36.3841630680812],[10.5302772492635,36.3708270678643],[10.5224472502777,36.3628540679972],[10.5127772500619,36.3511050683286],[10.4977772497196,36.328190068083],[10.4802762497949,36.2874980677873],[10.4690272502614,36.2551350682756],[10.4559702501831,36.1791650677562],[10.4561782496973,36.1173550678648],[10.4716662490378,36.0566640680877],[10.5199962500256,35.9722210676601],[10.6048602494266,35.8623580672384],[10.6249982493764,35.8408280682814],[10.6858332491751,35.7886050678513],[10.6887722493238,35.7870410678488],[10.5779447499157,35.8197588673003],[10.3888519886212,35.8668482246371],[10.2106561187098,35.8789687742798],[10.0182341416835,35.8884295890832],[9.76653621528868,35.8397624351306],[9.5492739000584,35.7767570189241],[9.2709781471832,35.6667236707208],[9.06974056569262,35.5544046072542],[9.00861122929783,35.5077429707042],[8.93374100180571,35.4493860611144],[8.81435511075198,35.3788975562839],[8.73118622780055,35.3317739716481],[8.67076483571485,35.2757378740582],[8.60249904734439,35.2011739146952],[8.49112207273154,35.0707546189421],[8.38417765971668,34.9999951031356],[8.23454790681984,34.9213879807887],[8.1186762197677,34.8868529360624],[8.06883413586613,34.8788827189299],[7.99915339312536,34.8818997159225],[7.90305672286781,34.9232257373289],[7.75277981016554,35.0663672979805],[7.69836938520907,35.1728836482105],[7.66068340793676,35.3120466222916],[7.60813192878148,35.5705100339228],[7.5543091709041,35.7808413692373],[7.5016993991717,35.8876518731931],[7.45393872705478,35.9439086232889],[7.3355555525892,36.053400421097],[7.19978994323993,36.1599456797471],[7.06776834760316,36.2387660626679],[7.00245396601384,36.2896852860303],[6.93222644930235,36.3773602028511],[6.89605659556596,36.4662147013199],[6.87009363364974,36.5762588473303],[6.86845791470508,36.7126527108347],[6.89527960584582,36.8917494410466],[6.92041624615974,36.8843000679406],[6.95638824595479,36.8841630689534],[7.14138824598392,36.9116630693545],[7.17055524699034,36.9199980687263],[7.22513824729604,36.9576340691865],[7.25041624560474,36.9844400683052],[7.25805524659136,37.006523069336],[7.24888824634076,37.0274960691549],[7.22041624671686,37.0419420687388],[7.20305524563584,37.0547180676658],[7.18965224595118,37.0788150691742],[7.22972224598634,37.0863880688852],[7.25375024576372,37.07666006924],[7.26999424568786,37.0677760692638],[7.29249924712243,37.0772210682044],[7.46361024722009,37.0424960688953],[7.55388824731141,37.0049970688809],[7.5733332464268,36.9933320689364],[7.59361124611861,36.9824980692226],[7.61472124566367,36.9756930691786],[7.72972224601652,36.966385068761],[7.76138824695565,36.9659690692115],[7.77249924639686,36.9277720691653],[7.77305324731403,36.879719068142],[7.78472224697208,36.8722190687288],[7.81638824701285,36.8602710688597],[7.87666624731796,36.8474960677078],[7.93222124721896,36.8444440678543],[7.95472224665896,36.8466600687082],[8.05138724686078,36.874718069339],[8.16027624656446,36.9219440678418],[8.22562424670495,36.952774068183],[8.39027624762039,36.9188840690359],[8.54583224843032,36.9213870691639],[8.62203024789615,36.9413680676938],[8.66722124782034,36.9538880679241],[8.76617924809054,36.962425067726],[8.82694324774411,36.9795800691393],[8.85805524776604,36.9952770688487],[8.87777724778917,37.0069430688437],[8.8962882478424,37.0186230690098],[8.91555424775594,37.0308300693244],[8.94055324820206,37.0516660679656],[8.95944424819687,37.070274067702],[8.97333124758021,37.0863880688852],[8.98555324833052,37.1105500688124],[9.04333324762953,37.1522220691512],[9.06611024815235,37.1608280687888],[9.08092724819653,37.162323068653],[9.15833224833258,37.1877750691571],[9.32777624835078,37.2280500686764],[9.56027624916433,37.3013840686761],[9.65923524925944,37.3352050688049],[9.73874824861763,37.3404120693372],[9.85868024799043,37.3283350693192],[9.8695822489909,37.281387069296],[9.84992624909001,37.2545740689029],[9.80846624898482,37.2355380692438],[9.77742424928311,37.223660068841],[9.78443324828623,37.1788560692458],[9.80831324792561,37.1507720692808],[9.83844424813142,37.1407430689806],[9.8603872491512,37.1403160688445],[9.8809442494006,37.1474070693222],[9.90205824824528,37.1608960691041],[9.92599524868438,37.2060090689502],[9.85860424782246,37.2288660689095],[9.92693924869059,37.2480470691654],[10.0483322491769,37.2615240687545],[10.1943042490864,37.2115250691976],[10.2548602492258,37.1795810692036],[10.2120822490206,37.1633610691219],[10.1463872494488,37.1679120691932],[10.1320122492705,37.1455150688806],[10.1913872486789,37.1274950687782],[10.2117672493763,37.1280750693493]]]},"properties":{"OBJECTID":15,"DIOCESE":"AFRICA","PERIOD":"ca. AD303-324","PROV_NAME":"AFRICA\nPROCONSULARIS","SUBDIVISIO":"","Shape__Area":83942426835.646729,"Shape__Length":1602513.9194060562}},{"type":"Feature","id":16,"geometry":{"type":"Polygon","coordinates":[[[36.0491986893142,30.8013870628228],[35.7223581653347,30.9579489347817],[35.5010037526941,31.0385157458676],[35.4731601201198,31.0449950882369],[35.4264622277476,31.0334889948977],[35.4068661149334,31.0397174989557],[35.3979697249756,31.0449402811797],[35.3923033102669,31.0707068207531],[35.4035580176957,31.1294645232487],[35.4332387229923,31.237579867256],[35.4719565429291,31.340510993328],[35.5042273499046,31.4023193902956],[35.581141532129,31.4763935942617],[35.6049858866179,31.5313263049117],[35.6295030388304,31.5812550103727],[35.6360886780098,31.6609963338097],[35.6204159922334,31.974404974982],[35.6027853690064,32.160933743103],[35.610741274964,32.3153719959048],[35.6266475272059,32.4360079757805],[35.6716246050233,32.6225694767486],[35.7370345170532,32.7835354649402],[35.8056364882406,32.9703698398834],[35.8245985090418,33.0323228437326],[35.8442979541648,33.1669336027652],[35.8911385358351,33.1715470753081],[35.946271505419,33.1978130732653],[36.0137632882727,33.2128345697373],[36.1388604379341,33.2142759878182],[36.2189211553924,33.205658463174],[36.3168090681231,33.2106995247337],[36.688632405663,33.2557824073733],[36.8079085971492,33.2435259748211],[36.8734298769181,33.2219518482752],[37.1560980608611,33.1428273557821],[36.0491986893142,30.8013870628228]]]},"properties":{"OBJECTID":16,"DIOCESE":"ORIENS","PERIOD":"ca. AD303-324","PROV_NAME":"ARABIA","SUBDIVISIO":"","Shape__Area":34244932795.183594,"Shape__Length":850475.86661268759}},{"type":"Feature","id":17,"geometry":{"type":"MultiPolygon","coordinates":[[[[27.1598582652041,35.4484710681153],[27.1422192642887,35.3997190671004],[27.1216662651356,35.4286040667297],[27.0669422643646,35.5945780679493],[27.0669422652629,35.6066630682223],[27.1202772648905,35.6669390676875],[27.1617352653458,35.7253420678414],[27.1586072650512,35.7469410668918],[27.1586072650512,35.7694400681952],[27.1600002636977,35.795830067338],[27.2152762648377,35.8262480680353],[27.2297212653362,35.8254130676555],[27.2308312650238,35.8111040680835],[27.2140252646849,35.7213820667996],[27.177498265046,35.6011050669394],[27.2022212653076,35.4780500681063],[27.1598582652041,35.4484710681153]]],[[[24.4136082624285,36.6602710681016],[24.3308292617851,36.6499940678254],[24.3258302629931,36.6519390687001],[24.3229162629588,36.6636080681849],[24.3422202616088,36.7369420681849],[24.350969262283,36.7469400683063],[24.513332263328,36.7674940682339],[24.5313872632717,36.7661060677285],[24.5487482616578,36.7579120686751],[24.549442262317,36.6961100679371],[24.5394422632866,36.6775630678414],[24.4769442627081,36.6627730691558],[24.4136082624285,36.6602710681016]]],[[[25.3881892628166,36.6543010691556],[25.3577762625785,36.6449970677586],[25.3412472631473,36.6529120688898],[25.2586102627941,36.7288820688002],[25.2630542626407,36.7645800689089],[25.2774942631163,36.7823560680917],[25.3055512626385,36.7887420691743],[25.326110263436,36.7758250686541],[25.4077762631205,36.7165180688177],[25.3881892628166,36.6543010691556]]],[[[26.3422162642267,36.5063860681234],[26.3152712640418,36.504852068093],[26.3008292639164,36.5094340692142],[26.2877752642112,36.5195770688721],[26.2705532639456,36.5561060680539],[26.263326263586,36.5895730680437],[26.3829132649739,36.6404070680303],[26.4077762649776,36.6330450682726],[26.4594382646779,36.5994380682619],[26.4711032650363,36.5783310678723],[26.4666592642914,36.5763780680841],[26.4058262641426,36.5652690677857],[26.355409263849,36.511795067749],[26.3422162642267,36.5063860681234]]],[[[27.7997212648676,35.8933260682165],[27.7840252651146,35.8904110681876],[27.7686082659191,35.8936080683315],[27.7312492664271,35.9130510679835],[27.7222212651953,35.9297180677676],[27.7202762661798,35.9451330677224],[27.730831265054,35.9788820679972],[27.7408292662312,36.1044390667038],[27.7197192657879,36.1660990679719],[27.7888832652379,36.2516560680872],[27.8044432663451,36.2694400678255],[27.8761062657278,36.3197100679298],[27.8958282648526,36.3322220682769],[27.9091602661888,36.3397220689283],[28.0683322662917,36.4049990683482],[28.1074942663056,36.4186090676894],[28.2072222656065,36.4424900680503],[28.2146152647492,36.4541550682071],[28.2338862655839,36.4413760682433],[28.2380482662964,36.4311070681838],[28.2069432659472,36.3435970678224],[28.1869392658918,36.2999880677115],[28.1413882661174,36.2105410679482],[28.1227722646856,36.1858210676853],[28.0636062664129,36.1119310677735],[28.0091632649509,36.0688860678705],[27.9566612658998,36.0449910682849],[27.9458272646714,36.0347140681248],[27.9316632652786,36.0186000677722],[27.9061092649887,35.9880520676963],[27.8988872646519,35.9755550679735],[27.8927762656243,35.9608310679757],[27.8655552652549,35.9322200670661],[27.841110265726,35.9126320670436],[27.7997212648676,35.8933260682165]]],[[[25.2502742625719,37.0083240687015],[25.1913832628621,36.9738840678475],[25.1658322629452,36.9794390683347],[25.1524922630098,36.983887069168],[25.1218032625871,36.995415069257],[25.105270262958,37.0116580688129],[25.0988142632505,37.0285340687237],[25.1099972626617,37.0572130686784],[25.1327702629866,37.0933230690515],[25.1513822633222,37.1119310688711],[25.1633262633398,37.1216660686864],[25.2236102625944,37.140831069291],[25.2686042628751,37.138611069074],[25.2844432627433,37.1283190687848],[25.2683292634138,37.0527730691558],[25.2641642632265,37.0391620689093],[25.2502742625719,37.0083240687015]]],[[[25.4527702634012,36.9183200692913],[25.4351352635821,36.9211010691656],[25.3419402630834,37.0734670686795],[25.3481882632767,37.0874980682802],[25.5032592627665,37.1896480688463],[25.5418722636827,37.1976320691611],[25.5655522642039,37.1808320692559],[25.5766642625717,37.1680530693124],[25.5830532641287,37.1599880692397],[25.5958332641975,37.1358180693214],[25.6005512627821,37.1170810687717],[25.5994412630945,37.1069340691893],[25.5902742637422,37.0572130679615],[25.5872152639429,37.0441660691622],[25.5802722632654,37.0155490688914],[25.5532592642068,36.9545710690143],[25.4863812633558,36.927772067729],[25.4613872629326,36.9194340678843],[25.4527702634012,36.9183200692913]]],[[[26.9713862649237,36.6722110676767],[26.9666592643216,36.6724930687951],[26.9497182642635,36.6772160680736],[26.9202742650443,36.7117960689911],[26.9198572652928,36.7581860689756],[27.0624962648683,36.8380430680734],[27.1524922649272,36.881386069221],[27.1727752646419,36.8880460678625],[27.2844432646608,36.9005510691406],[27.3436052654305,36.8831900686597],[27.3547172646966,36.863811068157],[27.3441662651221,36.8494410688972],[27.3294372649415,36.8427660680214],[27.3024982646044,36.8374940687748],[27.2794422653206,36.834160067697],[27.2433322654334,36.8269350691851],[27.2183262653146,36.8197100686626],[27.0320792644322,36.7648580681718],[26.9922222648324,36.7513880681854],[26.9743002649581,36.7415920682408],[26.9663882650583,36.7036060679486],[26.965832263593,36.6816630677597],[26.9713862649237,36.6722110676767]]],[[[26.9697192648442,36.9244310686507],[26.9463842641046,36.9280550690325],[26.9355542648707,36.9322130687274],[26.9191662641082,36.9466630688979],[26.8875652643648,37.0737380691258],[26.960548265294,37.0561060691709],[26.9858282650491,37.0441660691622],[27.0491622647805,36.9920810692487],[27.0477732654337,36.9458920690843],[26.975551265111,36.9244310679326],[26.9697192648442,36.9244310686507]]],[[[25.0538822628941,37.6758190698924],[25.0787482632708,37.6508220692411],[25.1372142628331,37.644722069255],[25.1877742641401,37.6415180692024],[25.2141642635829,37.6322100701974],[25.238888262771,37.6219410692552],[25.2488862630499,37.6131860686513],[25.2552732631605,37.5867960690351],[25.2299992632531,37.5354080692872],[25.2058292631855,37.5272220691707],[25.1958272627086,37.5274890693214],[25.16832726268,37.5327760687692],[25.1138872615911,37.5511020688702],[24.9949992626819,37.6399990691952],[24.9788852615558,37.6624980691177],[24.9763872632447,37.6740260691158],[25.0105512633932,37.677498068799],[25.042217263434,37.6766590689455],[25.0538822628941,37.6758190698924]]],[[[26.0208282642902,37.5144350701617],[25.9841612640109,37.5069430702496],[25.9788852643112,37.5119360686858],[25.9749242643384,37.5270730689087],[25.9830492637752,37.5455550687779],[26.0469432642716,37.6163790698008],[26.0662462639951,37.6309660698927],[26.0808292636875,37.6355440691886],[26.3124922637266,37.6799930697897],[26.3586772638858,37.6839480702367],[26.3569372640113,37.6724930697221],[26.3233302642547,37.6347200686541],[26.3054142642282,37.6166650688288],[26.267494263248,37.5911030687301],[26.2149922641969,37.5588840690858],[26.0208282642902,37.5144350701617]]],[[[24.9627762631475,37.8724970688028],[24.9979822623133,37.7629130702896],[24.9858322633296,37.7336040688897],[24.9602772632148,37.6855540698803],[24.9474982620726,37.6930540688695],[24.9155542630958,37.7168010697505],[24.8730542618266,37.766388070285],[24.8305552630773,37.814438070337],[24.7670802628806,37.8723560697267],[24.7527772626723,37.8783260703474],[24.7369422630021,37.881103070142],[24.7151372620745,37.8730510689819],[24.6936072624049,37.9269410700966],[24.6904142627113,37.9534680692107],[24.6945802627235,37.9626350700599],[24.7033312630475,37.9697190689649],[24.7438892629793,37.9905550697432],[24.7780532631278,37.996941070249],[24.791664263225,37.9983290700663],[24.9627762631475,37.8724970688028]]],[[[26.026388263672,38.1786080696679],[26.0147212627655,38.1494370702335],[25.9961052640286,38.1552660697998],[25.9681912637232,38.1655500698923],[25.9249952639415,38.1947100692105],[25.8633292632162,38.2398490696933],[25.8634682640317,38.2499880702851],[25.8715232640466,38.2666590697194],[25.9063832636059,38.2902760702123],[25.918052263264,38.2947160702068],[25.9395792643572,38.2972110697607],[25.9916652625834,38.3438800700045],[25.9887432639497,38.3835370698018],[25.9426342639586,38.4573520701506],[25.9122182642457,38.4694370701536],[25.8858982633266,38.4752730701052],[25.8608282636337,38.493889069848],[25.8519442632403,38.500832069659],[25.8458332633143,38.5094370708572],[25.8256912640649,38.5406910712563],[25.8436092637412,38.5705410697102],[25.8511082631891,38.5780490702982],[25.8658312644203,38.584999069976],[25.8847202638669,38.5888750701528],[26.001388263401,38.6013790701854],[26.138611264433,38.5649950699919],[26.150829264087,38.5561060698184],[26.159580264411,38.542072069753],[26.1388812638714,38.4316630702781],[26.1334682639043,38.4129140697291],[26.1461102638808,38.3636020698541],[26.1622182642609,38.3276370703125],[26.1606922637484,38.303329070153],[26.1022182637901,38.2469400698356],[26.0355532642728,38.1919330698277],[26.026388263672,38.1786080696679]]]]},"properties":{"OBJECTID":17,"DIOCESE":"ASIANA","PERIOD":"ca. AD303-324","PROV_NAME":"INSULAE","SUBDIVISIO":"","Shape__Area":8153181085.9980469,"Shape__Length":1383561.3107368136}},{"type":"Feature","id":18,"geometry":{"type":"MultiPolygon","coordinates":[[[[14.5645832526389,35.8235360679262],[14.5197222533259,35.7999950682761],[14.4238872542258,35.8186030670713],[14.377359253935,35.84597006768],[14.3669432531813,35.8547210679636],[14.3472212531582,35.87249806728],[14.3379152529904,35.88180106822],[14.3330542533923,35.8949970671599],[14.3290962528943,35.9784660671775],[14.3649992530924,35.9919400680192],[14.3749982531962,35.9908290679407],[14.4433322533411,35.9602740682712],[14.510276253416,35.925278067645],[14.548332253042,35.8922200668861],[14.563888253053,35.8777770680198],[14.5699992538773,35.8694380683603],[14.5645832526389,35.8235360679262]]],[[[15.528888253812,38.1369400691362],[15.5036092538818,38.0786060697897],[15.4277762542889,38.0008310703291],[15.3690252543212,37.9438860701228],[15.2352772530152,37.7852710703526],[15.2197202540777,37.7644420693256],[15.2177762539888,37.7091640697354],[15.2008322535576,37.6513820700394],[15.1680542541794,37.561939069754],[15.1499982544109,37.5427740693346],[15.1186102533061,37.5194400688781],[15.0924992544209,37.4902720689574],[15.0858322539279,37.4630510687729],[15.0927062532119,37.3483240691476],[15.1869432527278,37.1838840689126],[15.2038882538822,37.1574930688329],[15.2306932543249,37.1248550688738],[15.259998253627,37.1097870686605],[15.299929253745,37.1031230687162],[15.3161102530216,37.043053067889],[15.3166652537637,37.008888069228],[15.2622202544486,36.9816670692219],[15.2141662536453,36.9552760681854],[15.180277252958,36.9352720687312],[15.1506942538216,36.9133260689422],[15.1102772525585,36.8399960691679],[15.0957622526382,36.7856900688919],[15.1141652527363,36.7435340677999],[15.133957253978,36.6740910680994],[15.0915272539273,36.6518020683289],[15.0813882540814,36.6491620692516],[15.0437492533086,36.6869430678798],[15.0236102544322,36.698608068678],[14.8958332533102,36.7258300690934],[14.8631932531259,36.7280540682046],[14.8138882530681,36.7149960690859],[14.7791652537761,36.7044370688689],[14.7213882539519,36.7186050687568],[14.5536102541883,36.7802730678462],[14.4591652533615,36.834160069135],[14.4411102534179,36.8733290686605],[14.4141642534081,36.9140200692694],[14.3938882533661,36.9424970681944],[14.3736092529511,36.966385068761],[14.3471202519775,36.9892920687148],[14.2763882530806,37.0424960688953],[14.2458322527273,37.0622180688837],[14.1449992528635,37.0990220693096],[14.1018042529067,37.1098590693291],[13.9980552533587,37.1102750693047],[13.9557552530044,37.1003490686717],[13.9323602528886,37.0947190692399],[13.8876382525944,37.0994380693382],[13.7383322534243,37.1577760691832],[13.6650672515645,37.1968000687614],[13.6476382516098,37.2161060686814],[13.5668042517785,37.2758290687669],[13.543333252393,37.2833330687458],[13.5052772518687,37.2872160693261],[13.4127772518541,37.3241650692348],[13.3300002517588,37.361107068788],[13.2724292517989,37.3985370691705],[13.2566662520987,37.4219440687163],[13.21833225174,37.4552760690395],[13.1559712523271,37.4912450700623],[13.0858322520105,37.4930500692668],[12.9849992521466,37.5415230688826],[12.9622212517989,37.5573580699565],[12.9229162516698,37.5730510693556],[12.7927772517807,37.5790210696903],[12.7561092516765,37.5730510700675],[12.7287492522884,37.5661050690434],[12.6813882514211,37.5551340691099],[12.6561102513157,37.5597840688848],[12.5141662522245,37.65888206999],[12.4683322516947,37.6991650698123],[12.4307972506789,37.8032570690006],[12.4416652513442,37.8061060696712],[12.4584712507848,37.8179780698645],[12.4778462513766,37.8727720700819],[12.4663892514307,37.9161070698685],[12.5101382523046,38.0151370697843],[12.558194250961,38.0605510703421],[12.7336102518864,38.1397170699919],[12.821664250608,38.0688860700782],[12.8928462506651,38.0252720701644],[12.923611252154,38.0248600686639],[12.9555552520291,38.0327760703416],[13.0191652510467,38.0588840699061],[13.0694782515831,38.0901680701915],[13.0561092522337,38.133781070002],[13.100345252281,38.1845090702343],[13.31861025176,38.2174950696697],[13.357916251714,38.1869430702692],[13.372013252058,38.1527750687075],[13.3671512517367,38.1207580697693],[13.3825002520584,38.1074980698942],[13.7113872523412,37.9766620702211],[13.7606932531222,37.9709660697473],[13.7911112515866,37.9722210691492],[13.8209862516993,37.978737068663],[13.8866652522759,37.9980550690488],[13.916526252145,38.010342069725],[13.9443042529062,38.0295790698502],[14.0138872526559,38.0358270700439],[14.1327762531866,38.0227740686571],[14.242777253126,38.0122150698194],[14.3119432531241,38.0122150691116],[14.3679162526015,38.0183290699542],[14.5194442525932,38.0427700696898],[14.6434702529065,38.0772860691443],[14.7847212538583,38.1544420698547],[14.874443254281,38.1705550703134],[14.9694432531548,38.1572190699303],[15.0887492534371,38.1224970701716],[15.1508332537388,38.1455540692729],[15.3016662541447,38.2072220699857],[15.5154162536321,38.2929120702048],[15.5458312544183,38.2969400700592],[15.6479372541763,38.2645760703303],[15.6081942543793,38.2506940702633],[15.576248253956,38.2367320698632],[15.559999254009,38.2102740701992],[15.528888253812,38.1369400691362]]]]},"properties":{"OBJECTID":18,"DIOCESE":"ITALIA","PERIOD":"ca. AD303-324","PROV_NAME":"SICILIA","SUBDIVISIO":"","Shape__Area":41018618871.646973,"Shape__Length":1156908.1184101042}},{"type":"Feature","id":19,"geometry":{"type":"Polygon","coordinates":[[[36.2783536433857,34.6037949201911],[36.3285734392199,34.4947141059519],[36.3298088931284,34.4526550531976],[36.2991734933822,34.386432182738],[36.2176712826252,34.2800764132983],[35.7985390743523,33.8942909119498],[35.7079948154073,33.822683824696],[35.6805812575636,33.7679259039058],[35.6564671551645,33.6878280028289],[35.6620033303267,33.6350113866653],[35.676745606709,33.5963554459579],[35.7147406161171,33.5382621382894],[35.8060850251468,33.4244710271055],[35.8251308515775,33.389292414817],[35.8393679810209,33.324019805138],[35.8442979541648,33.1669336027652],[35.6819906863966,33.1525139022328],[35.586852842839,33.1265308926577],[35.5136489488765,33.0912065069944],[35.4309060766771,33.0273266620317],[35.26855072838,32.8526327992631],[35.1769296139883,32.760105680742],[35.1160953921306,32.7184826022536],[35.054194688571,32.6940730440289],[34.9283023079993,32.6628713370338],[34.9391632721609,32.7133330646652],[34.9455492724465,32.7670780653318],[34.9531892732581,32.8233990646352],[34.9890212724127,32.8347890646375],[35.0149952719288,32.815414064778],[35.03416027156,32.8231930648657],[35.0616642717866,32.8491630653455],[35.073192272776,32.872772063861],[35.0776752729806,32.8925780647539],[35.0720782719921,32.9544370646243],[35.078888271702,32.9869380649974],[35.0880512717546,33.0180510647114],[35.1024282715827,33.0759010646351],[35.1008302719985,33.0936050652438],[35.1416622733634,33.1308290647298],[35.1883312732211,33.1827770649593],[35.2045782717217,33.2170790648971],[35.2094422725911,33.2494430651083],[35.2202762729212,33.3052750658804],[35.2630542722281,33.4255520661611],[35.2733302723414,33.454162064745],[35.3004112729686,33.4720110658358],[35.3297192726437,33.4958270657529],[35.3562432719807,33.5268020647048],[35.3823392725939,33.5878290658295],[35.3949962717408,33.6344370659411],[35.4169382729357,33.6883320657135],[35.4416652715986,33.741661064809],[35.4670832723443,33.7787470657428],[35.4787482727027,33.8009680663229],[35.4834712731068,33.8262440659388],[35.4836082733742,33.8581890649538],[35.4824982727883,33.8652880663211],[35.4753072724136,33.9017980658367],[35.5236052727161,33.9072190651314],[35.5480882727781,33.9016650661405],[35.5743022733921,33.9120830663161],[35.6344372726837,34.0127720659562],[35.6470792726603,34.1056940660678],[35.6341252734125,34.1414910656845],[35.6299242732402,34.2022170658204],[35.6462702732716,34.2171860659851],[35.648884272832,34.2811050670818],[35.6694412730814,34.3124920672913],[35.8191602727034,34.4313890670584],[35.9005502731017,34.4719390658724],[35.9836082743027,34.5274960661485],[35.9915922732742,34.557011066732],[35.9872172730246,34.6118010673015],[35.9727702737746,34.6474990659777],[35.9497142726942,34.6944430671774],[35.9313892742105,34.7386090668823],[35.8833312732092,34.8744430672199],[35.8749922726139,34.9120790673279],[35.8777772727768,34.9863810673603],[35.8786392943269,34.9999555206504],[35.9543641664039,34.9971950927078],[36.026092875753,34.9846784072826],[36.0772168340054,34.9662695361155],[36.1298100947029,34.9252777502751],[36.1739009557464,34.8402957067419],[36.2783536433857,34.6037949201911]]]},"properties":{"OBJECTID":19,"DIOCESE":"ORIENS","PERIOD":"ca. AD303-324","PROV_NAME":"PHOENICE","SUBDIVISIO":"","Shape__Area":12614904406.012695,"Shape__Length":799281.66591273714}},{"type":"Feature","id":20,"geometry":{"type":"Polygon","coordinates":[[[38.5618493689641,34.2862336687118],[37.1560980608611,33.1428273557821],[36.8734298769181,33.2219518482752],[36.8079085971492,33.2435259748211],[36.688632405663,33.2557824073733],[36.3168090681231,33.2106995247337],[36.2189211553924,33.205658463174],[36.1388604379341,33.2142759878182],[36.0137632882727,33.2128345697373],[35.946271505419,33.1978130732653],[35.8911385358351,33.1715470753081],[35.8442979541648,33.1669336027652],[35.8393679810209,33.324019805138],[35.8251308515775,33.389292414817],[35.8060850251468,33.4244710271055],[35.7147406161171,33.5382621382894],[35.676745606709,33.5963554459579],[35.6620033303267,33.6350113866653],[35.6564671551645,33.6878280028289],[35.6805812575636,33.7679259039058],[35.7079948154073,33.822683824696],[35.7985390743523,33.8942909119498],[36.2176712826252,34.2800764132983],[36.2991734933822,34.386432182738],[36.3298088931284,34.4526550531976],[36.3285734392199,34.4947141059519],[36.2783536433857,34.6037949201911],[36.4503508467825,34.6227564933616],[36.8477483616719,34.6523307522545],[37.0263709340382,34.6459496512128],[37.1730636612833,34.6348906229681],[37.7384364720239,34.5457684757716],[38.1833596229209,34.4368151359983],[38.3286947262771,34.3868646281389],[38.5618493689641,34.2862336687118]]]},"properties":{"OBJECTID":20,"DIOCESE":"ORIENS","PERIOD":"ca. AD303-324","PROV_NAME":"AUGUSTA\nLIBANENSIS","SUBDIVISIO":"","Shape__Area":41977139663.066406,"Shape__Length":856793.60968062736}},{"type":"Feature","id":21,"geometry":{"type":"Polygon","coordinates":[[[33.899162270764,34.9597170672554],[33.896385270997,34.9555510668499],[33.8837472712184,34.9451330673142],[33.8647882705531,34.9372180670079],[33.8483272708941,34.9424970669094],[33.8324962714218,34.9568020671992],[33.8144382711051,34.9658280671315],[33.7902752716085,34.9702760670157],[33.7630542712391,34.9727710668612],[33.7076382712553,34.9738850673259],[33.6813852711816,34.9668010669457],[33.6647182707599,34.9579120669168],[33.647915270794,34.9388850662838],[33.6395802712949,34.9168010667574],[33.6361082710437,34.8999940666718],[33.6327742708847,34.8738860659791],[33.6374242705956,34.8621480673378],[33.6033322713153,34.8184700672109],[33.516388271383,34.7836070656632],[33.3690222712055,34.7265240661291],[33.3218002702554,34.7154160669713],[33.2722932696329,34.7095490673546],[33.2172162713794,34.6994400663477],[33.1530532712696,34.70249906729],[33.1336062707077,34.7016600670477],[33.1169432713822,34.6986080668885],[33.1049962700932,34.6952740671041],[33.0631902703816,34.6806910662874],[33.0299982707267,34.6577760660291],[32.8594432702977,34.6661070668253],[32.8311082700428,34.6674960660011],[32.7651362695633,34.6558300667937],[32.7516632695584,34.6488880659327],[32.7422182703717,34.6454120667009],[32.713882270292,34.6402740670486],[32.6983262693827,34.6422190656801],[32.6547162702226,34.6536100668058],[32.641662269619,34.6572190668149],[32.491943269997,34.7022170657802],[32.4711072700884,34.7130510671153],[32.405826269895,34.7498590672354],[32.3413852690525,34.8633270663652],[32.3233262698092,34.9094390669108],[32.2752722699042,35.0404130666467],[32.2702712687674,35.0624920672467],[32.2698592699371,35.0788840667186],[32.2786102702611,35.0954130670367],[32.2951352703927,35.0945820670006],[32.3047182687733,35.0841600668506],[32.3124922685808,35.0769420668214],[32.3266602699681,35.0655520668771],[32.3413852699508,35.0544430668768],[32.3541642701947,35.0463870667036],[32.372635270065,35.0389520669706],[32.3977732704282,35.0394440670106],[32.4240262696036,35.0441630669232],[32.438606268923,35.0502780670006],[32.4602732697583,35.0644380668106],[32.4938852704361,35.0969390668364],[32.5019382699029,35.1091610666463],[32.5158312700323,35.1358260669111],[32.5222162695947,35.1444400670817],[32.5513842686294,35.173470067347],[32.5655522700168,35.1688840669401],[32.6222152699555,35.1841660673208],[32.6559672703754,35.1897200669563],[32.7219392699567,35.1808320669557],[32.7697222697,35.163887067256],[32.8086092702527,35.1483310667957],[32.8205492700723,35.1438830671382],[32.8351362699627,35.1429140672721],[32.8583302702371,35.1505510671831],[32.8827742699411,35.1622160668507],[32.8958282696463,35.1697160670145],[32.9044422706013,35.1768040671615],[32.9127732708007,35.1886060666676],[32.9169382700896,35.1999970669167],[32.9320982702655,35.2636260671926],[32.9391632702434,35.3274990671285],[33.0027772703573,35.3655550667842],[33.2719422700036,35.3397220668685],[33.3544382707898,35.330276067066],[33.3694382702338,35.3286060670859],[33.3852762711754,35.3283310666487],[33.4274982708136,35.3280490668651],[33.4726332706613,35.3286060678188],[33.6316602709992,35.3502730670941],[33.6526182711066,35.3541030672693],[33.7130502713975,35.3819430673389],[33.7530512709373,35.3984680670536],[33.7749942710588,35.4022220670214],[33.8072202709662,35.4002760673128],[33.8536072707917,35.403053066862],[33.8711092714397,35.4063870671257],[33.9697192706571,35.4361040678458],[34.2922212722757,35.566666067145],[34.314163271674,35.5755540671385],[34.3366622723625,35.5894390676519],[34.3424992708555,35.5991590668766],[34.3499982721,35.6069410668661],[34.3602752720382,35.6119380678515],[34.389442271248,35.6238860671391],[34.553188271792,35.6820790668764],[34.5860362723887,35.6886060678816],[34.5697172712232,35.6436080671369],[34.3866652723792,35.535271067689],[34.2808302715537,35.4769440671998],[34.2594372712532,35.4674990676871],[34.2252732720029,35.4555510678298],[34.1199952715693,35.4008330673381],[33.9580532713721,35.3127750669635],[33.9483262712548,35.3072200671282],[33.9405512707241,35.2994380670322],[33.9213872709178,35.2727740667652],[33.9105532723843,35.2530520673497],[33.9058302710819,35.2422180668581],[33.9019392723277,35.2158280668487],[33.9002762706495,35.1980510670397],[33.9020802709964,35.1630510668205],[33.9738842717427,35.0880510671226],[34.0330502709137,35.0438840669698],[34.0544432712143,35.0205530672177],[34.0672152708872,35.0038830671427],[34.0781902716826,34.9884680666957],[34.0852742719272,34.9616620667167],[34.0649952724104,34.960968067328],[34.0347212720895,34.9719390661538],[34.0238832715614,34.9793010669671],[33.9769442713669,34.9813840668946],[33.955826271426,34.9780500671293],[33.9294432707576,34.9736100667331],[33.9133302721514,34.969444066731],[33.9030532713149,34.9641650668805],[33.899162270764,34.9597170672554]]]},"properties":{"OBJECTID":21,"DIOCESE":"ORIENS","PERIOD":"ca. AD303-324","PROV_NAME":"CYPRUS","SUBDIVISIO":"","Shape__Area":13663256727.255859,"Shape__Length":712130.39309151692}},{"type":"Feature","id":22,"geometry":{"type":"MultiPolygon","coordinates":[[[[23.04409426076,36.1362460682878],[22.9972192610379,36.141937068067],[22.9880522607873,36.1461100683482],[22.9299962613037,36.1780550680647],[22.9227752607919,36.1858290677327],[22.9116652611756,36.2011070682175],[22.9063872609277,36.2258300682076],[22.8955532605976,36.322079069172],[22.9277762610303,36.3784670690768],[22.9570102610856,36.3813170680047],[22.9569432611384,36.3774950681135],[22.9699972608436,36.3541640681279],[22.9888882608384,36.3236080681606],[23.0076372614414,36.3066630688226],[23.02027526122,36.3038860680695],[23.0855522621137,36.2594370679944],[23.1043032605698,36.2462460676418],[23.1083292608399,36.2369380676903],[23.0572202613335,36.1449970680989],[23.04409426076,36.1362460682878]]],[[[20.9924962587163,37.7252730688925],[20.9986072586423,37.7138820693291],[20.9944422602517,37.6986080700847],[20.9433322591238,37.7197190697877],[20.9197202601713,37.7301370686682],[20.8958322592377,37.7311100691478],[20.8706222589044,37.7256890692169],[20.8404162592539,37.6852720697276],[20.8361092596747,37.6463850700125],[20.8311082594363,37.6463850693012],[20.8104152587444,37.6526370689511],[20.7136072593258,37.7227710691553],[20.7033312592125,37.7327730691798],[20.6286082584089,37.8131900696757],[20.6199992592734,37.8474960688211],[20.6219442591873,37.860832069966],[20.6286082593072,37.875549068668],[20.6433292590919,37.8983310700712],[20.6783332585913,37.9205550700199],[20.7012462586583,37.9291650698773],[20.7941662587974,37.8488850698683],[20.8633312589707,37.8291630702062],[20.8863872591527,37.814438070337],[20.8980522586128,37.8052750688199],[20.9924962587163,37.7252730688925]]],[[[24.4016642624109,37.3141630693431],[24.3770122622944,37.3063850690433],[24.3670802621377,37.3112450688775],[24.3699992630933,37.4295080702052],[24.3986092619112,37.4591600689455],[24.4102742622696,37.468330068768],[24.4415952634272,37.4782600699676],[24.4408302617245,37.4708330698541],[24.4319422629298,37.4409680689715],[24.4452742633676,37.4313890689758],[24.467638261642,37.4272190686528],[24.4829142621687,37.4073560688054],[24.4824982631404,37.3959660691391],[24.4461092617973,37.3513870692005],[24.4163852630939,37.3255540687033],[24.4016642624109,37.3141630693431]]],[[[24.2986102624487,37.5263820703007],[24.2852742618129,37.5247190702072],[24.2768042616962,37.5289530688342],[24.2694432623406,37.5909650698042],[24.2748582628558,37.6127740690525],[24.283748263097,37.6312480686542],[24.2995812622191,37.6563870696611],[24.3308312632316,37.6793020703544],[24.3508302623658,37.6822200687108],[24.3687492618671,37.6822200687108],[24.3941652620647,37.6733320690448],[24.4113882621551,37.6531910690403],[24.3951382623832,37.6158290703297],[24.3813852619958,37.5969390686583],[24.3686102619499,37.5830500690421],[24.311804261896,37.5338860688056],[24.2986102624487,37.5263820703007]]],[[[23.4621502612714,37.8790930688598],[23.4480552623739,37.8794400688491],[23.4073582616266,37.8942980693275],[23.4036102611909,37.9069440696479],[23.4102742613108,37.9291610693174],[23.4374962606068,37.9858320698501],[23.4893032618687,38.0001370701269],[23.5011102607207,37.9991610687583],[23.5061072607611,37.9980550690488],[23.521942262228,37.9943010701924],[23.5397202612639,37.9843020697883],[23.5466652615912,37.930828070149],[23.5387482616686,37.9193040698157],[23.4621502612714,37.8790930688598]]],[[[22.5558302612333,38.8333280698541],[22.5819432606666,38.8254130711701],[22.6129832598202,38.8257600699224],[22.6685542614113,38.8304400698315],[22.7133332598102,38.8230510698216],[22.7643032611961,38.7837480699175],[22.9536092609794,38.7516630712011],[23.0662482607686,38.6879120710403],[23.092220260635,38.6483310709312],[23.1113852611645,38.62902407001],[23.1336102613183,38.6327740702603],[23.1884692618085,38.6556200700099],[23.2841642611665,38.6537440708346],[23.3174972612868,38.6440240700079],[23.3367332610631,38.6083980701572],[23.3055532612692,38.5674970706602],[23.3369422613005,38.5370830710904],[23.399441261704,38.5077740698944],[23.4658312608616,38.4988860699915],[23.5347212615736,38.4994430700547],[23.5929142622228,38.4547200702965],[23.601944262206,38.4311060700414],[23.6570792619825,38.3602710702002],[23.6755522606042,38.3486100698578],[23.7991642606407,38.3238830698495],[23.8511082621699,38.3130490700312],[23.9266662623015,38.2949980702636],[23.9605522617174,38.2816620701194],[24.0740262617329,38.1949960700716],[24.0647202615651,38.1511080697237],[24.005554262394,38.0677720687696],[24.0108302620937,37.9713820699954],[24.0305522621169,37.8724970688028],[24.0566632619004,37.8452760697075],[24.0865252615943,37.798191069723],[24.0899982616704,37.7766650699897],[24.0658322618008,37.6831890703127],[24.0339562616977,37.6528430691563],[23.9476372619294,37.6719400690445],[23.9244422618301,37.7202760700331],[23.9077762621316,37.7611080698682],[23.8874972617165,37.7827760692698],[23.8544422623289,37.808189070329],[23.8194412623042,37.8236080686636],[23.7744412612774,37.8344420697277],[23.5628452619413,37.9805140701175],[23.5902762623729,38.0036050702059],[23.5947892609181,38.028469069683],[23.5751362613902,38.0429110702603],[23.5116632608434,38.0393030701488],[23.4586102612481,38.0205530689748],[23.4270822612996,38.0024950701666],[23.4155542612085,37.9859690699519],[23.3316652617759,37.9780500699444],[23.2368052617458,37.9754100698627],[23.1766682610077,37.9519420689093],[23.1490272614121,37.9294430699912],[23.1302752613344,37.9194410693213],[23.1091652608911,37.9152760702472],[23.0638882607531,37.9127730702521],[23.0188862609748,37.9197160688982],[22.991804261421,37.8823590696591],[23.0102572608496,37.846783069058],[23.0630532614252,37.8394390692603],[23.0836102607763,37.838608069759],[23.103611261357,37.8416590702776],[23.1486092618356,37.758049069979],[23.1659012606247,37.6149940700322],[23.1958312609891,37.5952760689811],[23.2774962608486,37.5533290686453],[23.3311782608058,37.5328410702279],[23.3625662610123,37.5515250692446],[23.3466642613949,37.586388069835],[23.3279132620405,37.6055530702859],[23.405830260566,37.588333068751],[23.4218002608537,37.527229068712],[23.4455532620682,37.5047150692277],[23.4983332609536,37.4769440690779],[23.5213872623842,37.4599950690534],[23.5170822615565,37.432705069183],[23.4991642618802,37.4233320692156],[23.4176392617627,37.4097180692897],[23.3866632612849,37.4122200690872],[23.3544422622987,37.4161070688312],[23.2705532610694,37.4008330688921],[23.2306942609215,37.3788870686574],[23.2007612610824,37.3029140693147],[23.1797202620327,37.2904130692707],[23.1518042611791,37.2967990688328],[23.0683302609498,37.3558270688441],[23.0718022612011,37.3947180691153],[23.0963862606471,37.3912430687039],[23.1365262619008,37.427635068861],[23.1288872609142,37.4480510688055],[22.9791642610942,37.5158310690283],[22.9297202611192,37.5349960687052],[22.7773592596528,37.5901340691288],[22.7529142610222,37.5854110687018],[22.7255512603626,37.5634000686622],[22.7280542613916,37.4855540699302],[22.7586102608465,37.4080500686667],[22.8091662610572,37.3455510693379],[22.9044072608538,37.1780470692147],[22.895693261238,37.1362460687945],[22.9074272611934,37.1136050692822],[22.9199982610248,37.110832067781],[22.9366622610735,37.1195110688893],[22.9572222607977,37.1161040689692],[23.0063862612885,37.0247190690336],[23.0091632610555,36.990555068087],[23.0145812610455,36.9361080693352],[23.0527762605887,36.8686070679539],[23.0908312612882,36.8224940680403],[23.1138172611501,36.7705500686601],[23.0869412623588,36.7483290692253],[23.0586792610005,36.7405510688986],[23.0289552613989,36.723675068283],[23.0286102607191,36.6566620682327],[23.0351352618201,36.6299930687496],[23.0788882610954,36.5766600679856],[23.1099962609194,36.5624920680643],[23.2014542619167,36.4402010688827],[23.1377752606072,36.4262470680368],[23.0899962610619,36.4399950681624],[22.9693722606796,36.5218010688234],[22.954719260667,36.5480500683218],[22.8880542611497,36.647217068149],[22.7820812611302,36.7993010680387],[22.730552260601,36.8058320690599],[22.6324982610524,36.803608068914],[22.5924972597159,36.7906910689729],[22.5727762613143,36.7738880692495],[22.5127752601203,36.6677700692558],[22.4809702610607,36.5994410691271],[22.4855542606493,36.5204120680016],[22.5036432600298,36.4892160677338],[22.5077762613283,36.453884068853],[22.488887260085,36.3861080677927],[22.4766652611313,36.4027710692201],[22.3974992603061,36.4738840688795],[22.3774982597254,36.5355530687894],[22.3561092614194,36.6994400693265],[22.29694326135,36.8149950691517],[22.2436102613723,36.8733290679418],[22.1855542609905,36.892776069206],[22.1463852604055,36.9508290686488],[22.1524642596461,37.0185360693157],[22.1208302602907,37.0266650689085],[22.0590262603715,37.0299950687538],[22.0291632599543,37.0247190683164],[21.9794422599698,37.0072170686757],[21.9455532601809,36.9926380691291],[21.9297202601605,36.9740220683132],[21.9242322598503,36.8566630688961],[21.9379822598646,36.813328068334],[21.9616662596854,36.7980500691116],[21.9380532600097,36.7622150687242],[21.8751352611033,36.7235370688069],[21.8463862596733,36.7594380677496],[21.8240242601505,36.7970770681285],[21.7670102596841,36.797218068778],[21.7641642594218,36.7905500692584],[21.7036072603558,36.8166660688328],[21.6913872601536,36.8433300689083],[21.6872882600886,36.8838160692335],[21.7070812593585,36.9224930679259],[21.7102732601256,36.9446490692802],[21.6374972597839,37.0094370689148],[21.6122202586052,37.0269390693522],[21.5811102591314,37.0638850689764],[21.5653442599565,37.1550630690906],[21.5830532602937,37.2027050693175],[21.6049992589916,37.2241590693366],[21.6302752594472,37.2344440687164],[21.6723592598914,37.2709650691734],[21.6958312591018,37.3166620687771],[21.6813892598747,37.376389069317],[21.6597212601128,37.4238810688371],[21.6497192596359,37.4419400701006],[21.6047212591573,37.5047150692277],[21.5763872596256,37.5344430693257],[21.5577772589399,37.5497210689096],[21.5324972591847,37.5669400697534],[21.401108259866,37.6516650702514],[21.2852762585865,37.7838860687712],[21.2179142598335,37.8154110698581],[21.1741642591346,37.8261110696475],[21.1469422598387,37.829719069854],[21.1107612598063,37.8440930693324],[21.1109712589702,37.885689070283],[21.1310382596732,37.9370800700819],[21.1520122587758,37.9314540700666],[21.1841642590634,37.9290240702053],[21.2118052595573,37.9427760699293],[21.2836072588571,37.9941630697578],[21.3158302592899,38.0288850700752],[21.3672222586534,38.1141660699941],[21.3733312598279,38.1543010702849],[21.3844412594442,38.2113880699342],[21.4449992601318,38.2008280697166],[21.4781932603349,38.1865230702156],[21.5347192600063,38.1605490697534],[21.6038872596542,38.1505550699304],[21.6416662601692,38.1588820697619],[21.673469259579,38.1721500701332],[21.7190262600994,38.2216610701615],[21.7324982602793,38.2488860691208],[21.7415252598896,38.2751350701265],[21.7768042597486,38.305969070079],[21.853609259835,38.3395810699743],[21.9586102602591,38.3294370701387],[22.0252052603546,38.2979770698712],[22.0422212598574,38.2738880701011],[22.173193260323,38.202633069711],[22.2199972599,38.1836050699765],[22.3783302595787,38.146385068986],[22.455555260688,38.1333310697464],[22.53694125999,38.1133270701019],[22.6522212609004,38.0761110700189],[22.7214562613939,38.0428430698484],[22.761108260056,38.0063860688294],[22.799442261313,37.9713820699954],[22.862776260146,37.9395790703026],[22.9080542610072,37.9380490690911],[22.9556232613886,37.9490200690264],[22.9763852607791,37.9799270698229],[22.9491652611329,38.0016630696588],[22.899164260766,38.0261080697443],[22.8600332607142,38.0330850699603],[22.8813852610069,38.0499950692445],[22.9554842605731,38.0804790702321],[23.0023592611935,38.0698580699734],[23.0213872605574,38.0605510703421],[23.0523602606621,38.0579110690597],[23.100136261631,38.0587460701139],[23.1141332606192,38.0607720699785],[23.1247212618003,38.0624920690658],[23.1688882613524,38.0744400701047],[23.2157612614247,38.1003420699237],[23.224649262016,38.1533960687303],[23.1183302623902,38.2104110701548],[23.0252762605601,38.217499070017],[22.9669422612422,38.2136080700652],[22.9430542612069,38.2080540700152],[22.9444422607288,38.1869430702692],[22.9233322611838,38.1950000702435],[22.8352772608406,38.226387069924],[22.7734702614467,38.2388840700081],[22.6897202610329,38.3236080702837],[22.5877762598599,38.3305510700938],[22.5338862612869,38.3449930701017],[22.5102772609108,38.3752750700554],[22.4623582607251,38.4259680700927],[22.4086092599224,38.4460370697771],[22.3777062601379,38.3873560699195],[22.3937472596724,38.3518710700651],[22.3743042602069,38.3345760700695],[22.1938862610148,38.3372190698796],[22.1683312600017,38.3469390699534],[22.1255532606948,38.3713840700228],[22.0427742600514,38.3980480700047],[21.9755552596169,38.4066620700807],[21.9477772606523,38.4094390698684],[21.7130542600906,38.3530500701989],[21.6602742603068,38.35472106999],[21.6366652599307,38.3541640698828],[21.5958332585659,38.3436050702278],[21.539999259904,38.315967069709],[21.4638862599287,38.3666610699341],[21.3580552601995,38.4329150699612],[21.3372212590423,38.3918040698168],[21.2669412591586,38.3391650700181],[21.2383312603408,38.3216630703394],[21.1641652590308,38.3000640699078],[21.1087472593971,38.3555530698733],[21.1187472593259,38.3747180703459],[21.1385402585958,38.3933980701067],[21.1098592596329,38.4311450698315],[21.1027752593883,38.4294430701482],[21.1029163083627,38.429687201823],[21.1282486268983,38.4456098732874],[21.1474355310494,38.4668069017851],[21.1533823117549,38.4966981271755],[21.1496374554227,38.5230737300777],[21.1528425311687,38.5391715498557],[21.1594376700323,38.5572118182799],[21.1644826526853,38.5825122780286],[21.172923779152,38.6097550986985],[21.1921833641962,38.6309555966893],[21.1935646497096,38.6378570062103],[21.2023207335998,38.6815699019352],[21.2234647325817,38.7119727363286],[21.2529838623998,38.738984363325],[21.2576230086653,38.7619948798464],[21.2528247752545,38.7979689749964],[21.259482380268,38.8160191128053],[21.3087396690044,38.8358716800154],[21.3916971577083,38.8727396738767],[21.4189062958243,38.9023837902804],[21.4256294257512,38.9204274520286],[21.4144413059428,38.9690471457029],[21.5140275115659,38.9825199492588],[21.6800751027674,38.9661479100435],[22.465573197278,38.9165157326813],[22.5981473313747,38.9013075041777],[22.523851261198,38.8660700713071],[22.5558302612333,38.8333280698541]]],[[[23.516109261238,38.811386070888],[23.5919422608308,38.7647170701259],[23.7652742619252,38.7066650700037],[23.8466642623234,38.6822200707906],[23.9488872622573,38.6630520697813],[24.0074992623078,38.6730500703442],[24.1538882628672,38.6466600710896],[24.1536102621345,38.5733260713474],[24.1872212620891,38.3924940698817],[24.2582602620311,38.217285070183],[24.2991632617443,38.1899950697994],[24.3368032623421,38.1594390699928],[24.4277762629176,38.1441650700089],[24.4656902631517,38.1385380701806],[24.5612472633158,38.144302069969],[24.5906922632582,38.0622180688747],[24.5877762626757,38.0366630701625],[24.5758322626581,38.0041660703171],[24.564163263,37.9872210700131],[24.512914261955,37.9549250690202],[24.4805542621532,37.9562450688901],[24.3872182629858,37.9936070697884],[24.3261112632005,38.0447160697785],[24.2086102621917,38.1566620689879],[24.1486092618961,38.2152710697767],[24.1108322619293,38.2883300697778],[24.0499992626787,38.3658290702223],[24.055345260902,38.3815570698351],[23.9973602615636,38.4018020700227],[23.9743042622798,38.3909680698883],[23.9383312617616,38.3866650702484],[23.9052772621989,38.3849940699563],[23.805832261857,38.3891600699006],[23.773330261765,38.3922190702981],[23.6733322621274,38.4099960696704],[23.6422192613823,38.4188840700405],[23.6206932610123,38.468399070091],[23.6358322621701,38.5096470700939],[23.6247192621807,38.543053070329],[23.5970822618848,38.5712470701944],[23.4922222619259,38.6322170711492],[23.3313862621166,38.7424930696952],[23.1980532609123,38.8317990698262],[23.1500662609545,38.8493690701529],[23.12638626223,38.8488160707912],[23.0980532607266,38.8394390702921],[22.8328432612053,38.8291240707144],[22.846943261024,38.8620800699873],[22.9299962613037,38.8916630701388],[23.0966642613798,38.9836040711564],[23.1297182618408,39.0033260709245],[23.2794422605874,39.0366590708345],[23.3044432606833,39.0372850713391],[23.3735042610994,38.9991300711313],[23.4463882613961,38.8724970697094],[23.4666632616132,38.8479160703394],[23.516109261238,38.811386070888]]],[[[24.6822202627792,38.7783280708894],[24.6591642616988,38.7674940701533],[24.6469422627451,38.7641600700861],[24.6234702617381,38.7658310697689],[24.6147212619622,38.7709650706619],[24.5970822628435,38.7887420707025],[24.5679852630556,38.7735370710359],[24.5688862616075,38.7608260711355],[24.5533332628679,38.7683260702549],[24.534721261634,38.7836070700699],[24.456665262293,38.8808290701505],[24.4502752618094,38.8969420707942],[24.4515252621374,38.9513170708227],[24.4595812628755,38.9641650712158],[24.4831922620031,38.9773560697835],[24.5043032622714,38.9718020697365],[24.5774992618392,38.9261090713077],[24.6655542621824,38.8241650707262],[24.6816632632856,38.8020780707566],[24.6822202627792,38.7783280708894]]]]},"properties":{"OBJECTID":22,"DIOCESE":"MOESIAE","PERIOD":"ca. AD303-324","PROV_NAME":"ACHAIA","SUBDIVISIO":"","Shape__Area":66904893286.397461,"Shape__Length":3364555.129284082}},{"type":"Feature","id":23,"geometry":{"type":"Polygon","coordinates":[[[29.282133071857,37.3491346048947],[29.2484921660883,37.3300785961161],[29.223497886289,37.2923101327438],[29.185805342332,37.226108908],[29.1692848337769,37.2129129859377],[29.1273846070802,37.1956534911193],[29.0555475689927,37.1872885251917],[29.012710995936,37.1581968438068],[28.9765549448139,37.1132641188028],[28.9582454916762,37.0500914857799],[28.9562946598995,37.0265414852452],[28.9662378728276,37.0028149367846],[28.9602202428939,36.9849447459622],[28.9426290871489,36.9504115720107],[28.9121159436212,36.9306593449284],[28.8580821121948,36.9207680859235],[28.7836496517069,36.9032591152683],[28.7393073594019,36.8864384062638],[28.7298487058229,36.8669225892205],[28.7287384186745,36.845620194225],[28.7168860279512,36.8098709279975],[28.6569402659607,36.7102740693333],[28.6197162661878,36.7699970679163],[28.6086042660234,36.8033220679609],[28.4563862655704,36.8808290690176],[28.3943022670653,36.8627660689261],[28.3857232662704,36.8397450689698],[28.4201352661161,36.8239520690348],[28.3873562660147,36.7828060681049],[28.3108332659606,36.8258290679382],[28.2843032658774,36.8459660677199],[28.2619402656314,36.845127067899],[28.246107265611,36.8302730679974],[28.2354812656934,36.8028370687597],[28.247497265681,36.7661060691678],[28.2726362658692,36.7369350693068],[28.2308272657846,36.6986010677471],[28.0663832661799,36.5897220678962],[27.983887266292,36.552772068331],[27.9672162656723,36.5738750681316],[27.9596482648308,36.5974160680341],[27.9824942658489,36.6024860678098],[28.0173592663295,36.5964510677977],[28.0508312663669,36.5977710692809],[28.07055326639,36.6188890677248],[28.0856192650579,36.6392940681214],[28.0611072646835,36.673607068049],[28.0335372661314,36.679749068358],[28.0136112658937,36.6680530687543],[27.9891622661669,36.6710970676655],[27.9699252656673,36.6847460683015],[28.002773266264,36.6991580683235],[28.0386082657917,36.7072220691224],[28.0878432664276,36.7037390682248],[28.1229112663994,36.7209620689842],[28.1201362662822,36.7970770681285],[28.092357265696,36.8006860678643],[28.0736042657934,36.7861100681246],[28.0369412657122,36.7691570690116],[28.0080532661617,36.7580410676488],[27.9841612659284,36.7522120678881],[27.9155882654089,36.7451320682679],[27.8087482653761,36.7573550687692],[27.7323572646681,36.7566570689673],[27.7084002650359,36.7438740679753],[27.6883312655814,36.7155450678916],[27.6761052646331,36.6916660681605],[27.503746265654,36.670132068199],[27.4811092648732,36.6547090690161],[27.4752772646065,36.6499940678254],[27.3747192651023,36.6840250688559],[27.3589512653792,36.7043000690506],[27.4726372660051,36.7497180687542],[27.4961052650175,36.7458270690714],[27.7374952651739,36.7777710692118],[27.9188842650347,36.7941660687584],[28.0258292646495,36.8227770677817],[28.0663832661799,36.9349980689961],[28.1999972657949,36.9758220691294],[28.3247872661894,37.0381850691478],[28.2730482655979,37.0436100692492],[28.2102772661062,37.0394440688987],[28.0344432656044,37.0247120692279],[27.8486102649988,37.0172200691645],[27.6763872646654,37.0019380688666],[27.5149952660858,36.9927750691161],[27.4238872648927,37.0277670688539],[27.3361072649092,37.0042950690726],[27.316942265278,36.9763760691579],[27.2962452652865,36.9637450689459],[27.2722202649839,36.9558260678996],[27.2549992654416,36.9649960687456],[27.2270812640399,37.0436060690236],[27.2329142650299,37.0702740691356],[27.3243022657071,37.1530460690716],[27.3683322649917,37.1505510686882],[27.4072192646461,37.127212068994],[27.4397162647152,37.1047130688783],[27.5499952662855,37.1316530692647],[27.5952762648248,37.2324910689922],[27.5638882646183,37.2735980691479],[27.5213812645747,37.2616580691137],[27.4858282659777,37.2674870691668],[27.4087432646104,37.3055500686928],[27.3872872645607,37.3361010689446],[27.4210812648134,37.4079050692331],[27.408888266172,37.410831069185],[27.3737452649588,37.4006880690505],[27.358747266063,37.3731840690243],[27.3324962647408,37.3530420689585],[27.3136062645709,37.3422090689729],[27.2413842651465,37.3363840692836],[27.194925265351,37.3523480690014],[27.2183262653146,37.4113850688001],[27.2241592654062,37.473328069262],[27.2142576525607,37.5625904147689],[27.2278268738105,37.5634796979282],[27.2603397471107,37.561924481168],[27.2687724590582,37.5698305739447],[27.2750142500963,37.5901047549409],[27.2713200713225,37.6170956029943],[27.2882060280099,37.6329100876453],[27.3581469273485,37.6550750839225],[27.3772025490091,37.6680685592442],[27.399731439342,37.7018877653168],[27.4228634262173,37.7762372670688],[27.4348036964299,37.8145453921671],[27.4595871488186,37.835985472332],[27.5760187324311,37.8417334821539],[27.6881940218706,37.8338216718543],[27.7662856043784,37.8325933567928],[27.8103038950216,37.8333512801608],[27.8721556089572,37.8520568887405],[27.9360240272309,37.8439651367102],[27.9901096420419,37.8617737232083],[28.0194143269336,37.8869888776501],[28.0486699054202,37.9026219788219],[28.0728375312406,37.9025010091972],[28.1017845824446,37.8798193852818],[28.1365574067938,37.8751186221893],[28.1801199973649,37.8973833759474],[28.2130992508077,37.9242072179271],[28.2558837826633,37.9346145769099],[28.2984515726005,37.9258514448048],[28.3397713268252,37.9317246608185],[28.3854224034138,37.9414848949049],[28.4888646067327,37.9608231810535],[28.5387416018612,37.9648331340163],[28.5765283817865,37.9689451868856],[28.6252560400011,37.9875700259472],[28.7128299790349,37.8778203698856],[28.9864644619357,37.5864070600175],[29.282133071857,37.3491346048947]]]},"properties":{"OBJECTID":23,"DIOCESE":"ASIANA","PERIOD":"ca. AD303-324","PROV_NAME":"CARIA","SUBDIVISIO":"","Shape__Area":26009096868.836914,"Shape__Length":1155499.5488670482}},{"type":"Feature","id":24,"geometry":{"type":"Polygon","coordinates":[[[31.9463459674295,36.5591865722137],[31.8230512694193,36.5897220678962],[31.7402762689739,36.6355480693102],[31.5827712689505,36.696381069183],[31.3787462690322,36.7868040688524],[31.3513852689208,36.8016590683159],[31.2898582690109,36.8161050687209],[31.0466612681347,36.8491510691755],[30.9930492675994,36.8541560683184],[30.9708322687398,36.8555530690609],[30.8880542688196,36.8535990679495],[30.8186092682639,36.8455470689422],[30.7633282688976,36.8441620691635],[30.7355532694077,36.8556900690494],[30.6943702684136,36.8815880689566],[30.650621268438,36.8700600691591],[30.6165252680615,36.8436050693056],[30.6013832683273,36.825272068314],[30.5738142678034,36.7874910683093],[30.5608332678931,36.7261050688337],[30.5536082680816,36.615822068179],[30.5283322676261,36.4944300683153],[30.4813842681091,36.4269410682048],[30.4744412683299,36.3891600691504],[30.4858282679556,36.3633190677931],[30.504438267743,36.3431890679182],[30.5038832678992,36.3205410688466],[30.4286082676249,36.2277750680337],[30.404857267857,36.2049220683447],[30.3908312676581,36.2352680678515],[30.365829266839,36.261375068329],[30.2811052680784,36.2984660683508],[30.2598572684411,36.3038750677758],[30.2086082682943,36.3038750677758],[30.1788822681445,36.2988810681098],[30.1446472678508,36.2855490677276],[30.1408972677653,36.2566600677219],[30.0922162680465,36.2352680678515],[29.9758262683468,36.2116550683309],[29.7730502671349,36.1522180679764],[29.72499626723,36.1608960677513],[29.6874922670747,36.1380540679973],[29.6772152671365,36.1183320681095],[29.6286082670376,36.170547067695],[29.5702702666234,36.1994320676764],[29.5044402673324,36.2055430679814],[29.349716267274,36.2311100682157],[29.3152732665679,36.2472080677378],[29.2836032672274,36.2719350681202],[29.2588732672932,36.2958300676535],[29.1836052666915,36.3283310680862],[29.148050266648,36.3483280679381],[29.1172222672066,36.3833240682914],[29.0977762655713,36.4742960681973],[29.1247212666545,36.5263750687322],[29.1247182671797,36.5378340690908],[29.1069372659741,36.5535970682932],[29.0783292668061,36.5587420676918],[29.0480502673606,36.5448190676625],[29.0184302666177,36.5421870692432],[29.0238872669657,36.5833210677781],[29.0343012671712,36.6126290689515],[29.0872152668493,36.626656068945],[29.0524982656085,36.6811060679571],[28.93152626597,36.7441600676466],[28.8656902659328,36.6876330679617],[28.8511062664155,36.6574860680395],[28.7927702674478,36.6710970691066],[28.6569402659607,36.7102740693333],[28.7168860279512,36.8098709279975],[28.7287384186745,36.845620194225],[28.7298487058229,36.8669225892205],[28.7393073594019,36.8864384062638],[28.7836496517069,36.9032591152683],[28.8580821121948,36.9207680859235],[28.9121159436212,36.9306593449284],[28.9426290871489,36.9504115720107],[28.9602202428939,36.9849447459622],[28.9662378728276,37.0028149367846],[28.9562946598995,37.0265414852452],[28.9582454916762,37.0500914857799],[28.9765549448139,37.1132641188028],[29.012710995936,37.1581968438068],[29.0555475689927,37.1872885251917],[29.1273846070802,37.1956534911193],[29.1692848337769,37.2129129859377],[29.185805342332,37.226108908],[29.223497886289,37.2923101327438],[29.2484921660883,37.3300785961161],[29.282133071857,37.3491346048947],[29.3321023275584,37.3718038897811],[29.3917008331995,37.4308088087321],[29.4571894690893,37.4716703679148],[29.5768225100339,37.5028894769112],[29.6643732410923,37.5026251032437],[29.7490450648028,37.5197846837974],[29.8021516623795,37.5415782716563],[29.8325031792246,37.5588427497916],[29.9340622442135,37.6226981091231],[30.0443773787195,37.554218435993],[30.2101753900873,37.4848752369204],[30.3989349392934,37.4460324840337],[30.6095878998208,37.4257587483389],[30.8008346900126,37.4264996466783],[31.2853893319322,37.4553056459045],[31.5279277365512,37.4493025812129],[31.6441349362771,37.2944296551075],[31.7136030172474,37.1922512796982],[31.7843708445511,37.0629988100607],[31.8972880480923,36.7800240058008],[31.9463459674295,36.5591865722137]]]},"properties":{"OBJECTID":24,"DIOCESE":"ASIANA","PERIOD":"ca. AD303-324","PROV_NAME":"LYCIA ET\nPAMPHYLIA","SUBDIVISIO":"","Shape__Area":41735061553.228516,"Shape__Length":1071148.898272956}},{"type":"Feature","id":25,"geometry":{"type":"Polygon","coordinates":[[[-5.51845792791858,38.8475532547629],[-5.39133473144006,38.8072548508759],[-5.29835134437785,38.801569865156],[-5.11228170596686,38.7446818358692],[-4.96455085234179,38.6930549093394],[-4.69253574443733,38.5830596902221],[-4.46041928831751,38.4589624141713],[-4.21833687931651,38.3740299021869],[-4.05846363094665,38.3374453297916],[-3.95263155862896,38.2993729293086],[-3.86896942961963,38.2530531928587],[-3.80681237921732,38.2081260559283],[-3.67043666287312,38.0182915120326],[-3.59300026931284,37.9330809112966],[-3.56840298827527,37.8682437352627],[-3.54235222861643,37.7847390199592],[-3.49203063389767,37.5372876710731],[-3.48175545574287,37.4444446941575],[-3.47175830976179,37.3775436561955],[-3.44907094134139,37.2819300561894],[-3.41299378475919,37.2166634882163],[-3.37061173408343,37.1617853638435],[-3.2683391956549,37.0640850172386],[-3.20205264468868,37.0316052859547],[-3.12270560818092,37.0057327249136],[-3.02101538556733,36.9972033243492],[-2.91884001520814,36.9862831078238],[-2.84456892717958,36.9688614640359],[-2.78736469228215,36.9489247449508],[-2.73028958661357,36.9030917587898],[-2.64509528566577,36.8354281310562],[-2.56647915260911,36.8044491057593],[-2.5843057630783,36.7865260678705],[-2.59833376292695,36.7586060677725],[-2.61111176244765,36.7295800692639],[-2.64486176321777,36.6977770688406],[-2.69249976229779,36.6852720687856],[-2.72250076280724,36.6816630692005],[-2.76888876335594,36.6783290688428],[-2.87347276313024,36.7065930688526],[-2.89208376274259,36.7291600692625],[-2.92347276277394,36.747356068262],[-3.12499976438107,36.7502750686874],[-3.23083376268669,36.7480540677514],[-3.25916676329175,36.7469400683063],[-3.3369447627984,36.737217069163],[-3.35993076266029,36.7195090682214],[-3.42555576370857,36.6936070677695],[-3.46000076406454,36.6919400679278],[-3.48319476433888,36.6955530690454],[-3.52944476389701,36.7158280680324],[-3.60152776430258,36.7463840691769],[-3.63972276384579,36.7405550677606],[-3.67249976429737,36.7320780691391],[-3.69444476317036,36.7283320680645],[-3.72555576426569,36.7286070689248],[-3.78555576383811,36.7424930681633],[-3.81638876420075,36.7500000691495],[-3.84888976356952,36.7524950689335],[-4.02472276424635,36.7413860692481],[-4.17048776356829,36.7198640692686],[-4.2397227640617,36.7133330681761],[-4.32472276390514,36.7105480690307],[-4.35972276500321,36.7174990683476],[-4.39986176373703,36.7214550682212],[-4.43555576369772,36.6970790689394],[-4.46194476511217,36.6558300681976],[-4.49013976382832,36.6152720691605],[-4.63972176497961,36.5083270682306],[-4.71152876520067,36.4881930681103],[-4.75777876475879,36.4856910679888],[-4.78791676463728,36.488747067683],[-4.82291776466192,36.4976350682151],[-4.85250076469664,36.5008310679713],[-4.87805576481143,36.5008310679713],[-4.9138887646893,36.4988860692559],[-4.94000076519599,36.4916610681958],[-5.0801387651889,36.4465220678775],[-5.17263976502839,36.4118730683523],[-5.21916676459597,36.3705520691734],[-5.31250076501188,36.231106068332],[-5.32611176510904,36.1974940677358],[-5.33333376544583,36.1719440681999],[-5.33450876632901,36.1625590678208],[-5.33748176591465,36.1489490677165],[-5.33582876518053,36.1390270679366],[-5.33830876484667,36.112072067675],[-5.34508876531757,36.1127360679258],[-5.35616876569497,36.1264610676915],[-5.35517676510986,36.1453130678549],[-5.3444277651686,36.1502720677136],[-5.35579876579911,36.1633070667108],[-5.38833376460472,36.1788860678063],[-5.42548676513074,36.1737480681402],[-5.44458376588821,36.1387440677842],[-5.42604176497454,36.0753440679508],[-5.44888976474416,36.0522160682164],[-5.61361176597978,36.0061030680903],[-5.80222276617735,36.0772170681612],[-5.8166667659526,36.0916630677851],[-5.83277876563224,36.1120790679518],[-5.84722276630581,36.1279100681662],[-5.88180576585573,36.1623570676607],[-5.91486176596656,36.1801340677777],[-6.02555576584197,36.1844410683046],[-6.03267476624659,36.1811560678248],[-6.04416676635262,36.1861080683315],[-6.15833376630414,36.3052750680112],[-6.2269447655602,36.4047160682655],[-6.26222276739092,36.4758300681571],[-6.23722176639667,36.4638140678762],[-6.21763976611562,36.4688870679678],[-6.17472276599324,36.5144390688498],[-6.23444476573131,36.5781900678555],[-6.29750076562835,36.6138840682798],[-6.3372227664073,36.6205520688041],[-6.36513976618743,36.6166650691749],[-6.39520876736723,36.6296500682317],[-6.43250076691212,36.6923560676429],[-6.44361076563013,36.7188870682484],[-6.43944476561793,36.7415240690398],[-6.3555567669085,36.860832067818],[-6.57888876584992,37.0194400691416],[-6.72583376697623,37.0919420686517],[-6.90472276707939,37.1655500690589],[-6.95992376607973,37.2218360689825],[-6.97872176618817,37.2126080693275],[-6.97222776684583,37.1777460693195],[-6.99683576568304,37.1910740688673],[-7.05333476738688,37.2130510690235],[-7.08027876684847,37.217499068977],[-7.12722276706588,37.220550069314],[-7.17333376670683,37.2172170692399],[-7.25861176728292,37.208054069212],[-7.28472176724152,37.2049940692448],[-7.28880682455498,37.2036305807202],[-7.33770947818022,37.2580051466887],[-7.37046348715042,37.3255236426804],[-7.38992601958352,37.3885202179533],[-7.38549068129297,37.4419133408928],[-7.36335893614714,37.505956701738],[-7.32818678370467,37.6251029298049],[-7.32273959385786,37.7241262642532],[-7.33306639370043,37.7866412338616],[-7.40100696858185,38.0245078793122],[-7.40798335335029,38.066225198931],[-7.39427562984989,38.1095940533158],[-7.33753267985084,38.1900601317483],[-7.31068073973956,38.2694902662493],[-7.28105254366628,38.3207196432195],[-7.22196404125645,38.3752141958366],[-7.16415935535514,38.434203184244],[-7.13299497816225,38.4712977239264],[-7.082314379825,38.5935339518221],[-7.04126698940455,38.6684061472887],[-7.0063048864317,38.7037720927757],[-6.96284325841379,38.7215556057206],[-6.92606600969635,38.7212892632479],[-6.78599546599475,38.6828528093141],[-6.59204826909198,38.6470133177619],[-6.41972380943716,38.6212154423188],[-6.31827544384078,38.6181481939772],[-6.04397315695099,38.6697995318085],[-5.81433579679209,38.7294469932818],[-5.65137392308315,38.7888558541032],[-5.51845792791858,38.8475532547629]]]},"properties":{"OBJECTID":25,"DIOCESE":"HISPANIAE","PERIOD":"ca. AD303-324","PROV_NAME":"BAETICA","SUBDIVISIO":"","Shape__Area":120535209992.70483,"Shape__Length":1619275.8423788068}},{"type":"Feature","id":26,"geometry":{"type":"Polygon","coordinates":[[[40.3268271612616,35.1294780362842],[40.2669900603862,35.0534419506666],[38.5618493689641,34.2862336687118],[38.3286947262771,34.3868646281389],[38.1833596229209,34.4368151359983],[37.7384364720239,34.5457684757716],[37.1730636612833,34.6348906229681],[37.0263709340382,34.6459496512128],[36.8477483616719,34.6523307522545],[36.4503508467825,34.6227564933616],[36.2783536433857,34.6037949201911],[36.1739009557464,34.8402957067419],[36.1298100947029,34.9252777502751],[36.0772168340054,34.9662695361155],[36.026092875753,34.9846784072826],[35.9543641664039,34.9971950927078],[35.8786392943269,34.9999555206504],[35.8827742728173,35.0649950672736],[35.8861082729763,35.1034700670032],[35.9238812727451,35.1536100671434],[35.9572872726603,35.1961060673516],[35.9508282743764,35.2258300666526],[35.9416652734254,35.2447200669504],[35.9291462725742,35.2620620666523],[35.9190252731699,35.4226340670152],[35.8570782731355,35.4780540666612],[35.7707142731613,35.4995540666375],[35.7338872730485,35.581665067361],[35.7824932733225,35.6380540678557],[35.8269422729069,35.7086100683078],[35.8437462726977,35.7383270669146],[35.8791652731971,35.8638840678114],[35.9224392727965,35.9269940676521],[35.9784392729364,36.0026090671537],[35.9549862730943,36.0663760679829],[35.9419322733891,36.0952760683105],[35.8523725886569,36.216044769325],[35.8619240417979,36.2252689656494],[36.3553203608846,36.4957614950175],[36.5639316349257,36.4258186080862],[36.6642047301444,36.3794980568679],[36.8279379305939,36.3253291396414],[37.0357189879377,36.2864623549122],[37.1718408808068,36.2452882041064],[37.253329244932,36.2115788819985],[37.4523036468284,36.0625814817595],[37.5179893209893,35.9914450619361],[37.7203369300152,35.6863857182445],[37.8244072201094,35.602149871071],[37.961539908116,35.51162012208],[38.0556224036912,35.4750519547492],[38.1294353688912,35.4526568442065],[38.2403277212729,35.4375171612341],[38.5375153904245,35.4058300959563],[38.6947536105715,35.3741137500732],[39.0569361063114,35.3029503503505],[39.4018004227615,35.2511836020997],[39.9130684387614,35.1903578470104],[40.3268271612616,35.1294780362842]]]},"properties":{"OBJECTID":26,"DIOCESE":"ORIENS","PERIOD":"ca. AD303-324","PROV_NAME":"SYRIA COELE","SUBDIVISIO":"","Shape__Area":72794670989.120117,"Shape__Length":1329957.9374739865}},{"type":"Feature","id":27,"geometry":{"type":"Polygon","coordinates":[[[33.4075187408665,37.0953050308958],[33.7350167085647,36.8690524847693],[34.0720858213734,36.6628845099634],[34.1387116453611,36.6343850982932],[34.2716557613873,36.57740956498],[34.2613792716922,36.5692980682714],[34.2399942717876,36.5463790678977],[34.2208972719285,36.5166550676977],[34.1524882714405,36.4610980692269],[34.1286082718011,36.4486010678945],[34.0766562716725,36.399647067909],[34.0740932712674,36.3676950680038],[34.0316622713918,36.303055067705],[33.9886012722277,36.2777710677067],[33.9296452713223,36.287697068038],[33.8668362712974,36.3097110677663],[33.8161082706593,36.2608180678616],[33.7452702696605,36.2063830678685],[33.705269271019,36.1794360681882],[33.6497192702425,36.1885990680157],[33.6083222707848,36.1816600680545],[33.540832271087,36.139709068196],[33.3627772713852,36.137772067675],[33.287208271383,36.1244350677867],[33.0452722707053,36.091103067994],[32.9395102696748,36.0967940681221],[32.8644412701631,36.0683290680998],[32.8156892711975,36.0315210683607],[32.7716602699411,36.0288850680219],[32.6697162696665,36.0391620682835],[32.5795742700176,36.0812450679606],[32.5666272704425,36.092712067786],[32.5245742699604,36.0931890677622],[32.5010982696538,36.0994380676745],[32.3680422702555,36.1751330678841],[32.2758252700982,36.2683260678635],[32.2023582703687,36.3465160679492],[32.1885982703086,36.3669360680982],[32.1754112687374,36.3962400691407],[32.149154269364,36.429436067818],[32.106933270449,36.4730530689832],[32.0647122697374,36.5163880678072],[32.0028422696959,36.5451280681179],[31.9463459674295,36.5591865722137],[31.8972880480923,36.7800240058008],[31.7843708445511,37.0629988100607],[31.7136030172474,37.1922512796982],[31.6441349362771,37.2944296551075],[31.5279277365512,37.4493025812129],[31.7895216307783,37.549630702657],[31.9794069136643,37.5896534451104],[32.1693114609215,37.6439532219974],[32.6100441857155,37.7774387457574],[32.7058801927254,37.8234489562159],[32.7830967146367,37.7569767468931],[32.8184485220512,37.7160052971172],[32.8984828407182,37.5680522241153],[33.003830542333,37.4230857160421],[33.1782948931992,37.2546263480937],[33.4075187408665,37.0953050308958]]]},"properties":{"OBJECTID":27,"DIOCESE":"ORIENS","PERIOD":"ca. AD303-324","PROV_NAME":"ISAURIA","SUBDIVISIO":"","Shape__Area":41019018826.251953,"Shape__Length":852711.34586224577}},{"type":"Feature","id":28,"geometry":{"type":"MultiPolygon","coordinates":[[[[20.6124992591023,38.3941650700824],[20.6805532588648,38.2774960697027],[20.812637259566,38.1149250700315],[20.7934702593866,38.06325907035],[20.7349972592533,38.0608290687459],[20.5577772579811,38.0905530698224],[20.5149972581261,38.1031870692222],[20.3777772592638,38.1566620696943],[20.3425672581035,38.1779100699093],[20.3415262589112,38.1988830703284],[20.3561092577053,38.2319410700226],[20.3986092589745,38.3255540702002],[20.4418032591064,38.3265230699628],[20.4807622587307,38.3088150702268],[20.5038872594081,38.3191600702275],[20.5163882580211,38.3277740703454],[20.5363882587768,38.3447190700682],[20.5459002588089,38.3602030697134],[20.5491632588228,38.3909680698883],[20.5397182587378,38.4094390698684],[20.5341642592037,38.4347190700504],[20.541872258889,38.4705510697299],[20.5622212578277,38.4711070699894],[20.5711102582439,38.4680480702182],[20.6124992591023,38.3941650700824]]],[[[20.7355542587469,38.3099980698824],[20.7197192581784,38.3052750701662],[20.7109722589506,38.308193069678],[20.6994442588596,38.317497070048],[20.6708302589455,38.3530500701989],[20.6447222586367,38.3980480700047],[20.6143032594492,38.4697190706997],[20.6527762579284,38.5006900698734],[20.6711082587798,38.4933320697293],[20.7072202583169,38.4433290700243],[20.7433322587524,38.372498070002],[20.7606922591102,38.3234670699762],[20.7355542587469,38.3099980698824]]],[[[20.6436082587512,38.5811080700784],[20.5431922577406,38.5661050701987],[20.5422212588685,38.5883330703471],[20.5584712586404,38.6859670696663],[20.6016652587723,38.7788850702592],[20.6456932593054,38.829582069915],[20.6555522587689,38.8355480697439],[20.7013852576772,38.8347170710789],[20.7127762592975,38.8299980699997],[20.7297212577569,38.8056910697007],[20.7220802589171,38.6271480699729],[20.6436082587512,38.5811080700784]]],[[[20.0180552580703,39.4344410710927],[20.0302752582725,39.4320790707557],[20.048053259105,39.4369430712816],[20.0604152586991,39.4447170709504],[20.0721492577562,39.4524960710794],[20.119789259181,39.3718030710292],[20.1116642588459,39.3630520710364],[20.0797192582475,39.3683320707963],[19.8787462575575,39.4485360708364],[19.8523582577647,39.4896510707316],[19.8469432581477,39.5197220707832],[19.8484702575868,39.5392990706581],[19.8441652585558,39.5519410713065],[19.820831257641,39.5787470708168],[19.8063892584139,39.5905530708796],[19.7402762583674,39.6247180712199],[19.6745812578972,39.6759680710297],[19.6413882584173,39.744438071894],[19.6399992581722,39.7566600710744],[19.650833257604,39.7724990709984],[19.6730532577349,39.7930530720287],[19.6945802579298,39.7947200711048],[19.7941642581889,39.7904130717513],[19.8038862582833,39.7938840707651],[19.8549992579876,39.8183290709831],[19.8649982580914,39.8169400721479],[19.9261092580746,39.7944410709289],[19.948747257782,39.7790220711571],[19.9505542576035,39.7622150711961],[19.9427752577731,39.7441640710663],[19.9277762581541,39.7298580713128],[19.914165258057,39.722076070828],[19.8755532578639,39.7161100710194],[19.8424972577531,39.7011070721358],[19.8394432579766,39.6763840709689],[19.8466642575902,39.6491620712926],[19.9249532583563,39.6224440709781],[19.9298592590585,39.4744410707897],[20.0180552580703,39.4344410710927]]],[[[20.6690749571685,40.3021478557442],[20.7749259120734,40.1644575056931],[20.9529480927246,39.9282083012937],[21.1168390292533,39.7051591942586],[21.1491623858763,39.6681411258926],[21.1757614107092,39.6483629438347],[21.1940260693553,39.6177615616681],[21.2136782091954,39.594084385992],[21.2152873847201,39.5418555869181],[21.2220496066332,39.5150190226687],[21.2421229916629,39.4936507633125],[21.2421346949144,39.4487252912775],[21.255759107757,39.4257802638243],[21.2778203225767,39.399434098093],[21.3162715611648,39.3639725167117],[21.3323426183287,39.3383520329714],[21.3282330989917,39.3034040687504],[21.3022874000003,39.2806064718696],[21.2709006987578,39.2608394906724],[21.2643409121939,39.2285666532184],[21.2780520115631,39.1914432422427],[21.3029711652552,39.1647492408106],[21.3037274739609,39.1386714926872],[21.2985693125652,39.1133278001096],[21.2982461104041,39.0968352310062],[21.2853130571738,39.06300978508],[21.2859279459009,39.0511280271292],[21.3019229930154,39.0255398988346],[21.3216533662353,39.0183757771909],[21.3743146365863,39.0094734627985],[21.3910787430936,39.0026623489604],[21.4144413059428,38.9690471457029],[21.4256294257512,38.9204274520286],[21.4189062958243,38.9023837902804],[21.3916971577083,38.8727396738767],[21.3087396690044,38.8358716800154],[21.259482380268,38.8160191128053],[21.2528247752545,38.7979689749964],[21.2576230086653,38.7619948798464],[21.2529838623998,38.738984363325],[21.2234647325817,38.7119727363286],[21.2023207335998,38.6815699019352],[21.1935646497096,38.6378570062103],[21.1921833641962,38.6309555966893],[21.172923779152,38.6097550986985],[21.1644826526853,38.5825122780286],[21.1594376700323,38.5572118182799],[21.1528425311687,38.5391715498557],[21.1496374554227,38.5230737300777],[21.1533823117549,38.4966981271755],[21.1474355310494,38.4668069017851],[21.1282486268983,38.4456098732874],[21.1029163083627,38.429687201823],[21.1105172594088,38.442840069981],[21.0863872604225,38.5030520702171],[20.9879132589526,38.6711080701077],[20.9011082589374,38.7319410701396],[20.8097192593337,38.7594370706546],[20.7688182592702,38.7599260709133],[20.73277525933,38.8044390700829],[20.749721259411,38.9097210706565],[20.7811092587192,38.9316630709259],[20.9702762585854,38.9419400712286],[21.0311092587343,38.9213140702541],[21.0261552592498,38.8995740696687],[21.0476362594139,38.8820760711654],[21.0851362593713,38.8640250696511],[21.1408312590144,38.9319380703258],[21.1645102597106,38.9820780712876],[21.1443042590905,39.0087430712045],[21.1020122591321,39.0508270708771],[21.0830502598905,39.0566630710855],[21.0452762593984,39.0133280706957],[20.9330522597109,39.0580520700192],[20.8208312577015,39.1136050699638],[20.7747192591339,39.0852740702584],[20.7574992594165,39.0205540711518],[20.7874982593778,38.9977720710591],[20.827636259185,38.9648550708833],[20.7333312589987,38.9533960699681],[20.705066259064,38.9913830696945],[20.7138152588399,39.0120770706757],[20.6993042591175,39.0540240710467],[20.6822202589442,39.0749970708231],[20.5344432579647,39.1858290708182],[20.4736082590643,39.274719071144],[20.385555258371,39.2844390713048],[20.3459702587577,39.2880520706596],[20.2958312591969,39.3218000699062],[20.2147192586329,39.4388850709179],[20.2452772577377,39.441383070916],[20.2277752588863,39.5194400707001],[20.1738162580214,39.6287460710655],[20.0577752591994,39.6818010709506],[20.0100282576445,39.691200071183],[19.9854142580612,39.6947520710373],[19.9836082580645,39.7652740707966],[19.9877782582747,39.8672180707483],[19.9374962585987,39.9374920721649],[19.8572902584061,40.0434680706758],[19.8411102589544,40.051384072258],[19.8255542580451,40.0547180721853],[19.754997258152,40.082977071339],[19.7305522586231,40.1030500719926],[19.6166652581558,40.1491620709207],[19.503053258048,40.1974940719462],[19.4513872572514,40.2267300716743],[19.4011082579485,40.2799990721017],[19.2897892570108,40.4214510721904],[19.318886257697,40.4388880721388],[19.3418042568885,40.4313850721302],[19.3916642576884,40.3879130717976],[19.402916257595,40.3699950719969],[19.4068032579479,40.3501360719222],[19.4328712580736,40.3271940721271],[19.4639742578747,40.3373070716659],[19.4794422580221,40.3548580720092],[19.4826573203392,40.3877917169807],[19.5299370057069,40.3781240199968],[19.8495075009229,40.3331457539999],[19.9737915512847,40.319945196011],[20.0482210428405,40.3214199648067],[20.2837000314094,40.3572803550208],[20.408562223115,40.395517669715],[20.4836361346146,40.415532380292],[20.5729180503796,40.4125682379961],[20.6690749571685,40.3021478557442]]]]},"properties":{"OBJECTID":28,"DIOCESE":"MOESIAE","PERIOD":"ca. AD303-324","PROV_NAME":"EPIRUS VETUS","SUBDIVISIO":"","Shape__Area":27733343214.449219,"Shape__Length":1592075.4954826275}},{"type":"Feature","id":29,"geometry":{"type":"MultiPolygon","coordinates":[[[[23.736664262209,39.074715070097],[23.7244412607354,39.0713880696551],[23.7094422620147,39.0738830710768],[23.6602762618741,39.0894390708965],[23.5948582614134,39.2049260698948],[23.6108322610007,39.204994070751],[23.7873592614386,39.1182590697081],[23.7727752619212,39.0965230709136],[23.7538872622994,39.0836100708555],[23.736664262209,39.074715070097]]],[[[21.2176520847212,39.9746663192725],[21.3074222195717,39.9471728012479],[21.4784643341584,39.9261265592274],[21.6598385684108,39.910561095906],[21.7886529476163,39.9226843812285],[22.0480105649954,39.9675499220619],[22.1820091845875,39.9737385789059],[22.265918897374,39.9626515609176],[22.3882008473092,39.9439771830194],[22.5997756266418,39.8844958251051],[22.6516538544243,39.8821528401909],[22.7698808163535,39.8812409451014],[22.8568722608076,39.7813870721392],[22.8605542602228,39.751106071179],[22.866247259674,39.7265240711566],[22.9130552612456,39.6188890707808],[22.9269432613522,39.589023071239],[22.9420812608884,39.5754130712659],[23.0230542606368,39.5283280711917],[23.1180532623807,39.4569400709815],[23.1380542611648,39.4399950710959],[23.263193262437,39.3263850708975],[23.2763862620594,39.3099970708211],[23.3274972621139,39.2254140710942],[23.3436772615656,39.181801071308],[23.3205522617865,39.1512450710234],[23.2061082609272,39.1052700709445],[23.1611102613469,39.0936050707853],[23.1224972613289,39.0877760712981],[23.0841652606201,39.0857580708232],[23.0548592605948,39.097912071107],[23.0771502608708,39.1424940709927],[23.1140962608093,39.1422160711183],[23.1040952610556,39.1071130702388],[23.1744422608865,39.1302720709767],[23.2120822605859,39.1522220708697],[23.2215252619194,39.1822890707333],[23.1786082617969,39.2555540699287],[23.1620812611173,39.2723580712089],[23.1212482617242,39.3052750696761],[22.9952772605988,39.3527760708171],[22.9408302607355,39.3593670706742],[22.8238872608419,39.2661060699577],[22.8174992609064,39.2423550707556],[22.8236082611826,39.2122190711176],[22.8338852611208,39.1880490697774],[22.8554842612857,39.157078071154],[22.8763862604183,39.1751330706854],[22.9133302607069,39.1563870707079],[22.969581260917,39.11305207094],[22.9952772605988,39.0680540710773],[22.9949992607644,39.0427700712708],[23.0341642611514,39.0361100709424],[23.0727772611694,39.0369410707718],[23.0513882610668,39.0163880712326],[23.0097192607242,38.977776070959],[22.9377742613092,38.9286040707755],[22.8330532603692,38.8911060702953],[22.7502062608521,38.8706890702831],[22.6805802614447,38.879246069887],[22.6498222596285,38.8975980708793],[22.6144432611087,38.9090230708934],[22.5981473313747,38.9013075041777],[22.465573197278,38.9165157326813],[21.6800751027674,38.9661479100435],[21.5140275115659,38.9825199492588],[21.4144413059428,38.9690471457029],[21.3910787430936,39.0026623489604],[21.3743146365863,39.0094734627985],[21.3216533662353,39.0183757771909],[21.3019229930154,39.0255398988346],[21.2859279459009,39.0511280271292],[21.2853130571738,39.06300978508],[21.2982461104041,39.0968352310062],[21.2985693125652,39.1133278001096],[21.3037274739609,39.1386714926872],[21.3029711652552,39.1647492408106],[21.2780520115631,39.1914432422427],[21.2643409121939,39.2285666532184],[21.2709006987578,39.2608394906724],[21.3022874000003,39.2806064718696],[21.3282330989917,39.3034040687504],[21.3323426183287,39.3383520329714],[21.3162715611648,39.3639725167117],[21.2778203225767,39.399434098093],[21.255759107757,39.4257802638243],[21.2421346949144,39.4487252912775],[21.2421229916629,39.4936507633125],[21.2220496066332,39.5150190226687],[21.2152873847201,39.5418555869181],[21.2136782091954,39.594084385992],[21.1940260693553,39.6177615616681],[21.1757614107092,39.6483629438347],[21.1491623858763,39.6681411258926],[21.1168390292533,39.7051591942586],[20.9529480927246,39.9282083012937],[20.7749259120734,40.1644575056931],[20.6690749571685,40.3021478557442],[20.5729180503796,40.4125682379961],[20.6875083553576,40.3805668212413],[20.7990354573191,40.3179704290216],[20.9182304105608,40.2330052522122],[21.2176520847212,39.9746663192725]]]]},"properties":{"OBJECTID":29,"DIOCESE":"MOESIAE","PERIOD":"ca. AD303-324","PROV_NAME":"THESSALIA","SUBDIVISIO":"","Shape__Area":29953538589.633789,"Shape__Length":1084213.7327237381}},{"type":"Feature","id":30,"geometry":{"type":"MultiPolygon","coordinates":[[[[27.0397182654188,37.7027660702513],[26.8955532653309,37.6652750693122],[26.8180502643872,37.6366580688498],[26.7501332639938,37.6929090690943],[26.7084712642222,37.7083210701589],[26.6869392649028,37.7049870691619],[26.6454102643023,37.697212069917],[26.6219402647418,37.6861080702747],[26.613331264708,37.6802750701052],[26.5954132641334,37.6759640689522],[26.5811082642753,37.6872100686837],[26.5722202636839,37.7323530689845],[26.5973592638721,37.7583240696602],[26.6676352635578,37.7912410693046],[26.7297172642097,37.8080440688757],[26.745970265253,37.8112410689144],[26.9888882646734,37.7819370692924],[27.0286062643561,37.7716600703388],[27.0669402647147,37.7272190697806],[27.0636772647009,37.7073520693234],[27.0397182654188,37.7027660702513]]],[[[26.4747162648545,39.2194370708815],[26.5283322646895,39.1541590697883],[26.6066662647631,39.0533220707561],[26.6122212641221,39.0441660698491],[26.6186102647808,39.0240210709898],[26.6156902640003,39.0138820713194],[26.5218012637406,38.9733200710768],[26.4505542642845,38.9683230711416],[26.3902702641316,38.9711000699597],[26.3238872637483,38.977776070959],[26.1874922641683,39.0172190712253],[26.1363872639616,39.0402760710664],[26.0884682637758,39.074371071202],[26.1113162644438,39.0910340708998],[26.1674992639835,39.1027760708349],[26.2769392642313,39.1563800701143],[26.2861102637815,39.1677630707589],[26.2913132636863,39.1826320708362],[26.2570802639408,39.2034610711776],[26.2379132637614,39.2042960698671],[26.1991612638263,39.2011110697085],[26.1724972638489,39.1947100710367],[26.1631922644043,39.1880530712001],[26.1577762640641,39.169167070684],[26.153606263854,39.1586000697378],[26.1109692641141,39.1109660712704],[26.0811082642451,39.087910069676],[26.0654122635937,39.0845760707616],[26.0452762641921,39.0894320699218],[25.9881052642652,39.105164071146],[25.8899952628435,39.1411060707018],[25.8641622637927,39.1536030712235],[25.8348562637674,39.1800650711079],[25.856939263631,39.2527730710178],[25.8802762640204,39.2711110706576],[25.9077762640491,39.2869420712511],[25.9238812631577,39.291939070663],[25.9245112642429,39.279301071088],[25.9502712643971,39.2738870708862],[25.9815272625624,39.2717970708606],[26.1735382639394,39.3272130709874],[26.1708302637694,39.3455500708171],[26.1654132636043,39.3698580712693],[26.1783292641156,39.3749850710388],[26.2245772640239,39.3830410712252],[26.3238872646466,39.3744350712457],[26.396110263896,39.3411020698883],[26.4199942646316,39.3258280709428],[26.4147182640336,39.3224950712039],[26.3937452638576,39.3044430709212],[26.3797192636587,39.2852710707073],[26.3795772642668,39.2686000712116],[26.4049982653856,39.2538760706814],[26.4747162648545,39.2194370708815]]],[[[27.5183042445708,39.3117537401333],[27.5250903293311,38.676120790973],[27.5541056605816,38.4785118700104],[27.5699620850713,38.3938645531463],[27.8103038950216,37.8333512801608],[27.7662856043784,37.8325933567928],[27.6881940218706,37.8338216718543],[27.5760187324311,37.8417334821539],[27.4595871488186,37.835985472332],[27.4348036964299,37.8145453921671],[27.4228634262173,37.7762372670688],[27.399731439342,37.7018877653168],[27.3772025490091,37.6680685592442],[27.3581469273485,37.6550750839225],[27.2882060280099,37.6329100876453],[27.2713200713225,37.6170956029943],[27.2750142500963,37.5901047549409],[27.2687724590582,37.5698305739447],[27.2603397471107,37.561924481168],[27.2278268738105,37.5634796979282],[27.2142576525607,37.5625904147689],[27.2115212647293,37.5872150690369],[27.1938862649102,37.6044390691692],[27.2252772645914,37.7124940701987],[27.2479112649991,37.7405470701537],[27.2630542645582,37.8031880701243],[27.2616612650134,37.8844380699708],[27.2659682645926,37.8904070686568],[27.2740252651556,37.9256130701798],[27.2683292653313,37.9535980690893],[27.2437472646367,37.9775620698136],[26.9792992637501,38.0663760698417],[26.9433322639779,38.0641560691443],[26.9230542642861,38.0622180702893],[26.8180502652855,38.1552660697998],[26.7632622649404,38.212978070014],[26.6811062639129,38.2016520697956],[26.6258282640213,38.1488840697808],[26.6087472642211,38.1026380699314],[26.5884682647043,38.1019400697477],[26.5455552638816,38.116383068928],[26.5236052640874,38.1383280698227],[26.48888726392,38.1722110703246],[26.4295822639334,38.2147140699976],[26.3586082642888,38.22415907015],[26.3352742651707,38.2248530698997],[26.3161082639179,38.2327730696862],[26.2758292636454,38.2644350702383],[26.2749972637922,38.2855530697774],[26.2841602638448,38.3458330696846],[26.2890222641661,38.3674930699423],[26.3162462640102,38.3738780699271],[26.3220782642769,38.3411670697789],[26.3513832635789,38.3149950700452],[26.3694422637206,38.3061070697476],[26.3747212637933,38.3055500701864],[26.4501342641599,38.345406069793],[26.4699952641002,38.3617970697522],[26.4991642638581,38.4002680697962],[26.5098572637229,38.4254800700156],[26.4784662649401,38.4490240699387],[26.4206902640424,38.4650610698773],[26.3881202641784,38.4470060699069],[26.3583292637312,38.5663760702003],[26.3479132638759,38.6238820701997],[26.3579842639497,38.6547890700403],[26.3983302641694,38.666939070115],[26.428329265029,38.6708300697029],[26.4812452643569,38.6673550699997],[26.5236052640874,38.6330410707237],[26.563331264166,38.5983200696953],[26.6122212650204,38.5297090709533],[26.6294402649129,38.4580530700108],[26.595550265299,38.4530490698247],[26.6479132653313,38.3333280698355],[26.6918012643258,38.3108560701466],[26.7930522646644,38.3535990699218],[26.8349952646433,38.3655550701403],[26.9047162635869,38.3738780699271],[27.0949952645871,38.3999860703014],[27.1193022649221,38.4105450702709],[27.1564522650751,38.4528050699122],[27.0431902638734,38.4610980703442],[26.9942302653937,38.4531170702414],[26.9472202641558,38.4416650697098],[26.8805502637172,38.5024950699419],[26.7533262636875,38.6199870710684],[26.7337452641296,38.641937070894],[26.7277732641208,38.7245020699124],[26.8254142650142,38.7542990703016],[26.900413265104,38.8152660703444],[27.0222872640176,38.8578340703458],[27.0629802645669,38.8731840700037],[27.0527742638755,38.926659070875],[26.9565262652218,38.9372100709954],[26.9204122651366,38.9327700709417],[26.8874972645927,38.920547069784],[26.861248264717,38.9100570709473],[26.8016602648732,38.9558260712886],[26.7946512649718,38.9831120712204],[26.797636264253,39.023884071142],[26.8810372646873,39.0684580699981],[26.8697202653818,39.0979080701344],[26.8463842648172,39.1298560711479],[26.8130512637986,39.1566580711645],[26.7593312642066,39.1732640700556],[26.7288852652548,39.2213740708814],[26.6447222643892,39.2630540707229],[26.6649932644083,39.3011020710019],[26.8113822640693,39.3988880707096],[26.8949962649389,39.4741520713269],[26.9066576289171,39.4766910837513],[27.5298599028911,39.386505785167],[27.5183042445708,39.3117537401333]]]]},"properties":{"OBJECTID":30,"DIOCESE":"ASIANA","PERIOD":"ca. AD303-324","PROV_NAME":"ASIA","SUBDIVISIO":"","Shape__Area":24115723684.37207,"Shape__Length":1517629.1556136473}},{"type":"Feature","id":31,"geometry":{"type":"Polygon","coordinates":[[[16.8798415273881,40.4109725068999],[16.8741642547426,40.4052730721933],[16.8637962545678,40.3903500718467],[16.7915252547396,40.3113820720444],[16.7497212546778,40.2448580710582],[16.7413182554066,40.2165260721096],[16.6880532552009,40.1470790712223],[16.6413502559063,40.118301071775],[16.6299972557174,40.1098560719947],[16.6086102552646,40.0861740721463],[16.5994412553642,40.043610071192],[16.6097202549522,39.9962460719251],[16.5633312545786,39.8980480718172],[16.5366632553015,39.8719410710653],[16.4991642542707,39.8223570708773],[16.4901372546605,39.7999990717347],[16.4866632547595,39.7737460713287],[16.4905552551353,39.749161070955],[16.5299992551815,39.662914071274],[16.5556902548405,39.6445810710766],[16.5969432552564,39.6297150718425],[16.6263882560972,39.6227720709577],[16.7413862551787,39.6172180707403],[16.8236082563285,39.5686040709262],[16.963054255312,39.4927750712216],[17.034164255399,39.4661100712107],[17.1455532548603,39.3963850708377],[17.1359712554063,39.3655510709132],[17.1159702548256,39.3145790708437],[17.108886254581,39.2630540707229],[17.1166652553097,39.0987430700824],[17.141803255673,39.0537450712749],[17.1581912546389,39.0390240707604],[17.1691662563326,38.9977720710591],[17.1691662554343,38.9633330702109],[17.126941255423,38.9194410706693],[17.0978452563584,38.9078440707129],[16.9758322548326,38.9390220710743],[16.9529152545677,38.9387470711938],[16.9294432553573,38.9358290710034],[16.8348792556033,38.9170800712755],[16.7308312554062,38.875549071307],[16.6149982552001,38.8176340706553],[16.5949972546194,38.8008270696781],[16.5736082554151,38.7797160698445],[16.549999255039,38.7424930710965],[16.5345112548001,38.7094380697074],[16.5488852551535,38.6486050698965],[16.5616642553974,38.6027760699727],[16.5699992548965,38.554161069806],[16.5749972547619,38.5202710697154],[16.5763872548319,38.4485660701657],[16.5691662552184,38.4283330698236],[16.5327762549486,38.3916630698933],[16.5155522550332,38.3769380701835],[16.4905552551353,38.3580550701048],[16.4705542545545,38.3463820698721],[16.4488872546176,38.3369370698076],[16.4141652551505,38.3244400702531],[16.3584692538859,38.30916207029],[16.3304142549118,38.2979120698915],[16.1599982552983,38.1282580701944],[16.1433312548766,38.0691640700529],[16.1388852535836,38.0415230698602],[16.1355532548711,38.0208280700854],[16.1134702550075,37.9752770693406],[16.0877762540773,37.9461060690892],[16.0572872545695,37.9242320696925],[15.996111254289,37.9188840690223],[15.9472222541577,37.9224930692658],[15.9227772537305,37.9277720690068],[15.8666652552342,37.926109069762],[15.7947212538475,37.9191660687161],[15.7811112535753,37.9169390699752],[15.7758332551241,37.9169390692665],[15.7561092536545,37.9208300696833],[15.7202762546749,37.9311070686937],[15.6678462537972,37.9578440688703],[15.635137254016,38.0045810697634],[15.6452772536868,38.0630490692494],[15.6299982545836,38.1928410701051],[15.6295812539338,38.2292980703154],[15.6544442548357,38.2402720697539],[15.7152762542614,38.2558290698912],[15.7373602539499,38.2574960702643],[15.7602772551131,38.2661060690219],[15.7947212547458,38.281521070056],[15.8152772551703,38.3024940701531],[15.8955542537113,38.4519420698551],[15.9061102542071,38.4727710700235],[15.9223972546872,38.5252650699954],[15.9226382538134,38.5459670700712],[15.8947222547564,38.5761110710711],[15.8769432549973,38.5933300699664],[15.8455532542427,38.6127740701428],[15.8290262535631,38.6279790697956],[15.8497902544,38.6572870700171],[15.9844422537326,38.7216640702177],[16.0236092546678,38.723884069807],[16.0452762537064,38.7236100709146],[16.0674972545605,38.7208330709344],[16.0988862545919,38.7126350707167],[16.1291652540374,38.7155530703492],[16.1781922551591,38.7452050697777],[16.194999255323,38.7691650701977],[16.2080532550282,38.7977750698459],[16.2187482554411,38.8363840708984],[16.2211072547334,38.8686060700072],[16.2197892546334,38.9213830703054],[16.1941642550967,38.9319380703258],[16.1570812539926,38.9481920698102],[16.0997202540949,39.0227740699623],[16.0641632544016,39.1291660709958],[16.0572202546224,39.1862450698635],[16.0561102540365,39.2249980708478],[16.0533332551678,39.256386070816],[16.0338172541106,39.3443680712622],[15.9809022546076,39.4496460711985],[15.9266662537333,39.5165250711804],[15.9038882551821,39.533882070697],[15.8530542542388,39.6099930711399],[15.8079142543682,39.6793020713149],[15.7998612540031,39.7074970722167],[15.7874982536858,39.7924960716688],[15.7818732540066,39.8628420719197],[15.7549992548652,39.9188840718155],[15.7483332541971,39.9272160712209],[15.7288872552568,39.9569400720824],[15.71222125466,39.979721072038],[15.6637482535571,40.0330500709678],[15.6422572551438,40.0429310720501],[15.6187492541518,40.0645790721455],[15.5830542543662,40.0744400720143],[15.5606942535949,40.0761070716894],[15.509790254128,40.0700650721814],[15.4586102535782,40.0286100712575],[15.4163872541151,39.9914510717152],[15.3548602542052,40.0008960720097],[15.3130552543185,40.0313870712889],[15.2643052541045,40.0718000718491],[15.137359253909,40.1606900713169],[15.1044432544386,40.1723550722162],[15.0124992531944,40.1955490718175],[14.9419442538494,40.2341610718388],[14.9272212544149,40.2711100720381],[14.9641662536302,40.3413850721853],[14.990624252845,40.3639530717533],[14.9916662536588,40.3956910720338],[15.1314676261687,40.53591029989],[15.148546976662,40.5537775591056],[15.1505270926186,40.5748204057222],[15.1509819931903,40.6124004177795],[15.1582229021655,40.6237576137863],[15.1806253707919,40.6648422759451],[15.2807977900199,40.7110101031317],[15.3888243297957,40.7096018982499],[15.6935544858382,40.7269758072448],[15.7856419121006,40.7496054570908],[15.8117279530922,40.7621207690167],[15.9495169170077,40.8335612481311],[16.0617093948119,40.894709205694],[16.1179577189408,40.8981493721743],[16.1826597693066,40.8939381077497],[16.2219069718303,40.8842958640265],[16.2648768854178,40.8531925628908],[16.3260743832815,40.7125319190444],[16.3883523559042,40.6894947503279],[16.4522650395618,40.6545302742881],[16.5074551545742,40.6507306120105],[16.5428452302198,40.6365051118508],[16.6099415019218,40.6035618048884],[16.6574547896876,40.5625403866659],[16.7397601625806,40.4789880109758],[16.7857528442172,40.4521350159177],[16.8677352116801,40.4179224178851],[16.8798415273881,40.4109725068999]]]},"properties":{"OBJECTID":31,"DIOCESE":"ITALIA","PERIOD":"ca. AD303-324","PROV_NAME":"LUCANIA\nET BRUTTII","SUBDIVISIO":"","Shape__Area":44424179338.187988,"Shape__Length":1304427.826443851}},{"type":"Feature","id":32,"geometry":{"type":"Polygon","coordinates":[[[28.6437943227878,39.2049611760785],[28.9582219001202,38.8496158347291],[29.0587848637147,38.7124375248795],[29.1367506542348,38.5558226638661],[29.1525980955717,38.504170261011],[29.1836515622681,38.355181220865],[29.1820313482452,38.2711364146742],[29.1727011986676,38.2442190763298],[29.1548510199986,38.2191407627933],[29.1080735009596,38.2075140978685],[29.0233950207327,38.165445499243],[28.9447502547747,38.1316743612551],[28.9097752861304,38.1006092717371],[28.8854311907641,38.0648773338881],[28.8717001685585,38.0244872719655],[28.8604832325924,38.000410354072],[28.8339971664149,37.9940096062414],[28.8095917861833,37.9847562620274],[28.7577940959593,37.9933147832776],[28.7237578030065,38.0005009560474],[28.6645713240436,37.9961363947196],[28.6252560400011,37.9875700259472],[28.5765283817865,37.9689451868856],[28.5387416018612,37.9648331340163],[28.4888646067327,37.9608231810535],[28.3854224034138,37.9414848949049],[28.3397713268252,37.9317246608185],[28.2984515726005,37.9258514448048],[28.2558837826633,37.9346145769099],[28.2130992508077,37.9242072179271],[28.1801199973649,37.8973833759474],[28.1365574067938,37.8751186221893],[28.1017845824446,37.8798193852818],[28.0728375312406,37.9025010091972],[28.0486699054202,37.9026219788219],[28.0194143269336,37.8869888776501],[27.9901096420419,37.8617737232083],[27.9360240272309,37.8439651367102],[27.8721556089572,37.8520568887405],[27.8103038950216,37.8333512801608],[27.5699620850713,38.3938645531463],[27.5541056605816,38.4785118700104],[27.5250903293311,38.676120790973],[27.5183042445708,39.3117537401333],[27.5298599028911,39.386505785167],[27.7924530462094,39.3498336059067],[27.9062564153205,39.3563329012653],[28.0230000709678,39.3621130802544],[28.0622098119475,39.3398459861994],[28.1021372511437,39.3198251556652],[28.1624929206865,39.3053290886646],[28.2112902890655,39.3027595051672],[28.2520022889831,39.2945594580161],[28.2867731819545,39.2778941759872],[28.3484248563476,39.2581743598008],[28.4311124093934,39.236530995773],[28.481213567423,39.2287134206545],[28.533435379242,39.2180172960001],[28.6437943227878,39.2049611760785]]]},"properties":{"OBJECTID":32,"DIOCESE":"ASIANA","PERIOD":"ca. AD303-324","PROV_NAME":"LYDIA","SUBDIVISIO":"","Shape__Area":30332508445.470703,"Shape__Length":686827.25879901252}},{"type":"Feature","id":33,"geometry":{"type":"Polygon","coordinates":[[[32.8094415997876,38.0067360646831],[32.7930031963511,37.9596638081958],[32.7728956699508,37.9111129218616],[32.7352625109222,37.8573533657415],[32.7058801927254,37.8234489562159],[32.6100441857155,37.7774387457574],[32.1693114609215,37.6439532219974],[31.9794069136643,37.5896534451104],[31.7895216307783,37.549630702657],[31.5279277365512,37.4493025812129],[31.2853893319322,37.4553056459045],[30.8008346900126,37.4264996466783],[30.6095878998208,37.4257587483389],[30.3989349392934,37.4460324840337],[30.2101753900873,37.4848752369204],[30.0443773787195,37.554218435993],[29.9340622442135,37.6226981091231],[29.8806115002548,37.7023131302581],[29.8620756429194,37.7354368530641],[29.8659819417795,37.7803947198367],[29.8677953115548,37.8620311030104],[29.8893970542762,37.9223466563226],[29.9030219252597,37.9603284391676],[29.9509228163076,38.0171674837741],[30.1161857928888,38.1610776397031],[30.2156215244136,38.2570281790077],[30.2958148188348,38.333158635912],[30.3732751794469,38.3929535736511],[30.4776345321282,38.4416927408012],[30.5885963539257,38.4621466047773],[30.804057679962,38.4605154650646],[30.8579409402721,38.4478802842858],[31.0363947111117,38.3814718128941],[31.3280525579868,38.2655466337917],[31.4180559475873,38.2510961872314],[31.4939265219118,38.2399839741891],[31.5479055588009,38.2438775983156],[31.6200908216218,38.2822442047769],[31.8541341253985,38.3733567677294],[32.1585387086258,38.4440554278727],[32.2980821757159,38.4358622227041],[32.3796521068689,38.4225847600452],[32.5157068973829,38.3831271437289],[32.6461407953152,38.3228501396635],[32.720390019248,38.2548149907442],[32.7655063251546,38.199123344179],[32.79668310359,38.1249971251132],[32.8146565904048,38.0714121541486],[32.8094415997876,38.0067360646831]]]},"properties":{"OBJECTID":33,"DIOCESE":"ASIANA","PERIOD":"ca. AD303-324","PROV_NAME":"PISIDIA","SUBDIVISIO":"","Shape__Area":36189511464.791016,"Shape__Length":807014.08880456432}},{"type":"Feature","id":34,"geometry":{"type":"Polygon","coordinates":[[[9.7424982487032,40.6386110719063],[9.74277724926079,40.6299970719153],[9.75027624870867,40.5974960720121],[9.80492924843625,40.5405540722018],[9.8241652491109,40.5272180719925],[9.8094442484279,40.4683300718311],[9.8002772481773,40.4424970721646],[9.76131824765459,40.3856200718959],[9.73486024933811,40.3729130709205],[9.70555424931285,40.3540230720382],[9.65722124795201,40.308327071671],[9.6369442489834,40.2822190723364],[9.62333224906138,40.2518730720941],[9.62666624922032,40.1931880710456],[9.65680524892371,40.1391640719979],[9.698333248801,40.1022190722243],[9.71360924932777,40.0405500717753],[9.69500024936525,39.9352720712124],[9.67472124895021,39.8088840721135],[9.67055524803972,39.7794420710754],[9.67097124796631,39.7530520710836],[9.67534524928927,39.730827070712],[9.65166624769471,39.5491640706789],[9.64222124940638,39.4863820709664],[9.63083224833419,39.4302750707783],[9.60027724870421,39.3327710708285],[9.56763724762164,39.2284700710806],[9.56940824925482,39.1908990708254],[9.56506824826707,39.1456180713011],[9.52166524789787,39.1183320706986],[9.44263624913665,39.1244200709292],[9.41055524899419,39.1408310703445],[9.39083324807273,39.1580540712522],[9.36611024781117,39.1774980709576],[9.34249824885868,39.1941600712484],[9.32166524842477,39.2058260712695],[9.29527624790862,39.2138820712237],[9.1543402483977,39.1846850710187],[9.01354024843087,39.2631910711858],[9.01333224801841,39.1263880708444],[9.01610924778545,39.1016620712683],[9.02249924826901,39.0797190713407],[9.04333324762953,39.0449980709829],[9.00694324915638,38.988052070019],[8.902082247576,38.902634071087],[8.85117924793398,38.8779110707329],[8.71166624720671,38.9218020711816],[8.64638724756149,38.8902740698946],[8.61583324685808,38.9186100711363],[8.56638724813158,39.0099940708646],[8.5513882467159,39.0499950707304],[8.50538024700711,39.0610270703401],[8.47448424689527,39.0365480710478],[8.44987824680956,39.000000069951],[8.43652724700342,38.9647180702997],[8.40833224738894,38.9585380713398],[8.35999924692643,39.0302730703457],[8.3458322471606,39.0737460709724],[8.35680524830619,39.1057590703448],[8.42583324731375,39.1070790709336],[8.45382824780998,39.0897060710036],[8.45916524671076,39.1174960712598],[8.4320832471569,39.1630510712664],[8.39694424703998,39.2005540709244],[8.36611024685241,39.2261050709258],[8.42416524740936,39.268883071019],[8.43236024806465,39.2906190709687],[8.41860924732712,39.3394390709206],[8.39812324812114,39.343468071346],[8.3715272479158,39.3729130707076],[8.39194324680155,39.44722007069],[8.41305524779305,39.4936060710519],[8.44819324718673,39.6327060717276],[8.44333224758871,39.6819380713168],[8.45204724702937,39.7589870709625],[8.49722224706003,39.7237470722733],[8.52361124757618,39.752220072326],[8.54194224770437,39.7794420710754],[8.55166624834688,39.8166660707386],[8.55722024698265,39.8449940722797],[8.55395724786713,39.867702072184],[8.52041524661118,39.9022860722143],[8.45659624825452,39.9101330712057],[8.42999824660268,39.8945810707301],[8.39597124672148,39.9013140712105],[8.3986112480178,39.9461060720706],[8.40888824795598,40.0068020719464],[8.46444324695865,40.1433260719248],[8.46166624808991,40.226662072143],[8.45722224824339,40.3213880717758],[8.36722224798645,40.4927750717533],[8.3018042466274,40.5874940720898],[8.19597024742345,40.6159710722735],[8.16400924693159,40.5874060732791],[8.14819324662961,40.6208300722062],[8.17833324795457,40.6363830717551],[8.17222224713023,40.6922150717981],[8.14972124679192,40.7213820722528],[8.14888724818719,40.744163071814],[8.19249924699716,40.9136050717071],[8.22805424704068,40.9383960718954],[8.23222124777608,40.9097170717362],[8.28444424806627,40.859997071914],[8.30708224687529,40.8473590730721],[8.35638824675804,40.8361050720242],[8.45749824842794,40.8219380721816],[8.47999924786791,40.8202740718486],[8.50527724797328,40.8236080719592],[8.54305424704176,40.8313830721057],[8.57972124821928,40.8399960721693],[8.60430424784044,40.8486060729635],[8.62055524743729,40.8684650718333],[8.63867924787622,40.8904840731952],[8.70138724761872,40.9123570718243],[8.74972024808126,40.9145770722938],[8.78263724737659,40.9184680732414],[8.8102762482207,40.9344410722849],[8.84999824720298,40.966591072739],[8.87347124803492,40.9994430730732],[9.01263824825746,41.1219410732505],[9.04694324797302,41.1302760729899],[9.16083124916359,41.1916660722265],[9.16451224785558,41.2392270729786],[9.23305524823784,41.2547150728285],[9.51333224804863,41.146660073105],[9.56249824908759,41.1177750729696],[9.63388824776048,40.9891660730186],[9.51045024869959,40.9203760718253],[9.56638724819201,40.9130550719249],[9.61277824821545,40.921104072745],[9.65916624786582,40.8524930723068],[9.75027624870867,40.6662440720524],[9.7424982487032,40.6386110719063]]]},"properties":{"OBJECTID":34,"DIOCESE":"ITALIA","PERIOD":"ca. AD303-324","PROV_NAME":"SARDINIA","SUBDIVISIO":"","Shape__Area":41225058706.526367,"Shape__Length":1099167.2647373546}},{"type":"Feature","id":35,"geometry":{"type":"Polygon","coordinates":[[[14.6533533784235,41.3604314779601],[14.5867257308557,41.3118629268487],[14.5645073476923,41.270556401285],[14.5568140606148,41.1791330840339],[14.5565691178846,41.1391400568002],[14.5785996642204,41.1051393527269],[14.6100908763614,41.073028215046],[14.6512266942435,41.0451411780331],[14.738301348744,41.0102449073257],[14.7830328406374,40.9891777800442],[14.8499391015889,40.9387269016655],[15.0932543198583,40.7542447102029],[15.1806253707919,40.6648422759451],[15.1582229021655,40.6237576137863],[15.1509819931903,40.6124004177795],[15.1505270926186,40.5748204057222],[15.148546976662,40.5537775591056],[15.1314676261687,40.53591029989],[14.9916662536588,40.3956910720338],[14.9644432527413,40.4458310718601],[14.898331253418,40.558746071946],[14.830763253004,40.6315190716815],[14.7748602529485,40.6730500717943],[14.7534702530209,40.6759680718463],[14.6251382538517,40.6476320720724],[14.5047202542321,40.6197200719849],[14.401943253381,40.5999980718581],[14.36298425196,40.627357072167],[14.3909712529587,40.6380500721146],[14.4745472532952,40.7102010717414],[14.4527762527029,40.7479130719034],[14.3119442520507,40.8262440727532],[14.2688872530845,40.8402020719299],[14.2160402533536,40.818191073297],[14.166942252985,40.8069380723175],[14.0738892527765,40.8219380721816],[14.0468052526745,40.8622210722675],[14.028748253081,40.9012450719901],[14.0177752528337,40.9197160718006],[13.9891662529424,40.9633290720203],[13.8999992523636,41.0780490732061],[13.8372212531992,41.1524960719984],[13.7980542522641,41.1933290729057],[13.7758332532066,41.2111050732254],[13.7376542517602,41.2347410732598],[13.7122212527425,41.2511100729194],[13.6441652524319,41.2597160718247],[13.614444252305,41.2559700729359],[13.5668042517785,41.2380520731273],[13.2761102522875,41.2951360720132],[13.2111112521264,41.2824930729537],[13.1699982523509,41.2688830726873],[13.1469442518186,41.2591630728334],[13.1168052521152,41.243332072323],[13.0295832505519,41.2601360730589],[13.0054162517556,41.2979120733126],[12.9799992517331,41.3263850720303],[12.9519442509624,41.3530500732543],[12.9322202512894,41.3702770726747],[12.9130552516582,41.3836060730573],[12.8922212513994,41.3955530729819],[12.8549992512764,41.4099960726639],[12.6561102513157,41.4578400733181],[12.5761112508124,41.5072170726975],[12.5177752509464,41.5677720727531],[12.4719432518631,41.6072160727669],[12.4470822506109,41.6276320731994],[12.3513882510778,41.6944430732927],[12.2851728978861,41.7402297597508],[12.347993055885,41.7744409441378],[12.3736409660547,41.7855811450278],[12.411765900599,41.7940467058373],[12.4937888189122,41.7990141351404],[12.5194785905741,41.8101161509341],[12.5363043367813,41.8332174832328],[12.5375259377698,41.859087445101],[12.5321199491536,41.8780681578256],[12.5360450838886,41.8944496887786],[12.5520078895692,41.8987370271703],[12.5656129077849,41.9195711740393],[12.7135042598085,41.9131585282372],[12.7477801109898,41.9051194046729],[12.8098807229377,41.8868372498944],[12.8594816693727,41.8712430560332],[12.9224005791708,41.8693505626723],[13.0356442457576,41.8658403421481],[13.2382051750191,41.8804295940149],[13.4198989319332,41.8623562441441],[13.5324734650244,41.8488582889251],[13.706214644239,41.8093235698166],[13.9083472657562,41.730620884233],[14.1103312520265,41.6161583859165],[14.1865624532252,41.5469017161735],[14.2291935124061,41.4908591268154],[14.2469962833843,41.4782951491265],[14.2862547202389,41.4600564817921],[14.3936946718123,41.4339766503267],[14.4363716807183,41.4202277347435],[14.4907097688366,41.396491381333],[14.5333340619068,41.382699372041],[14.6533533784235,41.3604314779601]]]},"properties":{"OBJECTID":35,"DIOCESE":"ITALIA","PERIOD":"ca. AD303-324","PROV_NAME":"CAMPANIA","SUBDIVISIO":"","Shape__Area":24281232765.173828,"Shape__Length":923590.70899849187}},{"type":"Feature","id":36,"geometry":{"type":"Polygon","coordinates":[[[30.4776345321282,38.4416927408012],[30.3732751794469,38.3929535736511],[30.2958148188348,38.333158635912],[30.2156215244136,38.2570281790077],[30.1161857928888,38.1610776397031],[29.9509228163076,38.0171674837741],[29.9030219252597,37.9603284391676],[29.8893970542762,37.9223466563226],[29.8677953115548,37.8620311030104],[29.8659819417795,37.7803947198367],[29.8620756429194,37.7354368530641],[29.8806115002548,37.7023131302581],[29.9340622442135,37.6226981091231],[29.8325031792246,37.5588427497916],[29.8021516623795,37.5415782716563],[29.7490450648028,37.5197846837974],[29.6643732410923,37.5026251032437],[29.5768225100339,37.5028894769112],[29.4571894690893,37.4716703679148],[29.3917008331995,37.4308088087321],[29.3321023275584,37.3718038897811],[29.282133071857,37.3491346048947],[28.9864644619357,37.5864070600175],[28.7128299790349,37.8778203698856],[28.6252560400011,37.9875700259472],[28.6645713240436,37.9961363947196],[28.7237578030065,38.0005009560474],[28.7577940959593,37.9933147832776],[28.8095917861833,37.9847562620274],[28.8339971664149,37.9940096062414],[28.8604832325924,38.000410354072],[28.8717001685585,38.0244872719655],[28.8854311907641,38.0648773338881],[28.9097752861304,38.1006092717371],[28.9447502547747,38.1316743612551],[29.0233950207327,38.165445499243],[29.1080735009596,38.2075140978685],[29.1548510199986,38.2191407627933],[29.1727011986676,38.2442190763298],[29.1820313482452,38.2711364146742],[29.1836515622681,38.355181220865],[29.1525980955717,38.504170261011],[29.1367506542348,38.5558226638661],[29.0587848637147,38.7124375248795],[28.9582219001202,38.8496158347291],[28.6437943227878,39.2049611760785],[28.8000766447426,39.1991159820296],[29.3203328136066,39.6073079653077],[29.3543788146527,39.6412581533056],[29.3698621768898,39.6670479362201],[29.386356336061,39.6780746666832],[29.3931149548315,39.7057318608656],[29.3977701153637,39.7362665397951],[29.4106928694093,39.7723184752917],[29.5948394034432,39.8031788542473],[29.8416877846582,39.8322006749712],[29.9466497622664,39.8602726298549],[29.9290327152782,39.6332252158491],[29.9490231238234,39.5680833432132],[29.9706320943897,39.4904394497015],[30.0985758839139,39.2434550451294],[30.2321378378363,38.9391672202227],[30.2928447046379,38.7846941410399],[30.3272214033878,38.7186585701466],[30.3766021008814,38.6516059896978],[30.4226662686516,38.5925544890587],[30.443866900124,38.5416079012057],[30.4776345321282,38.4416927408012]]]},"properties":{"OBJECTID":36,"DIOCESE":"ASIANA","PERIOD":"ca. AD303-324","PROV_NAME":"PHRYGIA I","SUBDIVISIO":"","Shape__Area":40583901143.268555,"Shape__Length":980299.0880734747}},{"type":"Feature","id":37,"geometry":{"type":"Polygon","coordinates":[[[40.6894556211327,36.4485373197303],[40.5767127707068,35.4831356061752],[40.5744355738009,35.4511704547658],[40.5588899008224,35.4342220300319],[40.5398812592546,35.4109903418038],[40.5014919289626,35.3470265881254],[40.4667991103693,35.3119701456883],[40.4626875311953,35.2933289799015],[40.4595787602376,35.2541640426933],[40.4478188375981,35.2383595602673],[40.4128489758761,35.2361748040676],[40.3931945255691,35.2283239743652],[40.3713900968684,35.1885370309461],[40.3599254783106,35.1675964872252],[40.3268271612616,35.1294780362842],[40.298085278082,35.1778088782873],[40.2561823744057,35.2133474578355],[40.1951953886441,35.2533336888427],[40.115910398773,35.2823355387072],[40.0405220598559,35.3299315970101],[39.9918005506094,35.3702652999783],[39.9352612603634,35.436005517069],[39.884341859281,35.4896008068444],[39.8520388207531,35.5037702796861],[39.7876956581231,35.5269398047663],[39.7510156879678,35.5501672163306],[39.7434768257791,35.5704549939569],[39.7490177251814,35.6036377612138],[39.7361860603057,35.6484377019398],[39.7147685728287,35.6887734616909],[39.6920134615544,35.7094757031145],[39.663582201427,35.7196332377141],[39.6013666185974,35.7242382818866],[39.5754987981512,35.7334470743569],[39.5145107398011,35.7576280528784],[39.4693567387885,35.7711272493597],[39.3295690305525,35.7803617693446],[39.3036338705959,35.7894929747351],[39.2832901169203,35.8091854448271],[39.2599312614182,35.8173924996669],[39.2072126192633,35.8108202299824],[39.1812449232255,35.8199166559957],[39.160465771403,35.8271882700995],[39.1255793739507,35.854415695999],[39.0958658478069,35.8622793778433],[39.041259497592,35.8637693960724],[39.0204460543802,35.8710098917917],[38.9917876004359,35.8984977922762],[38.9735602865527,35.9048241158424],[38.8869288248808,35.909795322338],[38.7694913239828,35.9027768128995],[38.7387132151756,35.8908602642489],[38.6982108002986,35.8897766757142],[38.6616958758138,35.9023035227855],[38.649061719028,35.9016340040705],[38.6413734229902,35.8867759171401],[38.6292987207936,35.8634261872219],[38.6074884036362,35.8509090446866],[38.5520412949941,35.8623733672777],[38.507013852232,35.8702450933253],[38.420169111647,35.8623583737343],[38.3542381542944,35.8473092811091],[38.318116247238,35.854555453065],[38.2710894259447,35.8704542472907],[38.200501302122,35.8942575136757],[38.1692842845518,35.9172219628398],[38.146809700971,35.927266369102],[38.1180104361059,35.9369322619102],[38.0633147466394,35.9378177049928],[38.0475966321607,35.9430766029238],[38.028932481928,35.9667524698172],[38.0065543351879,35.9891700163401],[37.9715095458864,36.0108173251063],[37.9659186687133,36.0301142953403],[37.9793108598684,36.0505632109801],[37.9846968897157,36.0612245362308],[37.9812606990067,36.0847913828041],[37.9827421879968,36.1241658762706],[37.9909021193218,36.1463701047513],[38.0236408533389,36.1928037932465],[38.0681994428963,36.2502765021947],[38.0931522843099,36.2993382913055],[38.0942647813139,36.3863225757219],[38.1032888892472,36.4282549080817],[38.1185371129671,36.458134606007],[38.1342631766378,36.4828660340026],[38.1468957011847,36.513629287186],[38.1410226398247,36.5505654319448],[38.1533881949507,36.5989270006933],[38.1353557148728,36.6424220111038],[38.1094775278683,36.6585222512426],[38.0662673832142,36.6528713903497],[38.0370946240068,36.6625403199065],[38.0281921919804,36.6754822381472],[38.0202316066985,36.6781171452079],[37.9701416380841,36.6771913778801],[37.9462490916752,36.6850785687307],[37.9346665674396,36.6988885339484],[37.9221142462779,36.7230039310957],[37.9218768251416,36.7530524431299],[37.9354434682266,36.828527800156],[37.9384858204471,36.8650094291979],[37.9271131965609,36.9037380579047],[37.9042036011088,36.9687501986644],[37.8912080916101,37.01050899733],[37.8752953732947,37.0282232299425],[37.8176827732523,37.0620644759371],[37.7926161467333,37.0802430871731],[37.7852749210937,37.1026321898348],[37.7898233626684,37.1361423431658],[37.7829724042732,37.1533733792662],[37.7680752448613,37.173223255154],[37.7569415099585,37.1943451309937],[37.7557016228641,37.2472504580355],[37.7666177624488,37.2687081653152],[37.7732619331572,37.2940579840722],[37.7777268008677,37.3151177489647],[37.7940388023606,37.3348313322762],[37.9162425943745,37.3776081688061],[37.9421423193863,37.3791626080566],[37.9952510612416,37.3542686921013],[38.0301540460856,37.3428237567122],[38.0776685187292,37.3497679492717],[38.1206003141043,37.3356410122901],[38.1464870961895,37.3371375510141],[38.1682983772392,37.3550155456839],[38.2067797992209,37.4050121339508],[38.2414047950103,37.4111335110905],[38.285455499564,37.3990648262457],[38.3455594297232,37.4117649228727],[38.3793109387647,37.4281731053047],[38.4529576940775,37.496619230894],[38.4829797834366,37.5117500377462],[38.5273112770935,37.5120445840851],[38.6128019996273,37.3929203097824],[38.718468746,37.2769061780448],[38.8677019924119,37.1785822598858],[39.0115004618976,37.076702254338],[39.2557344357171,36.917108202975],[39.4290557279949,36.7963960561184],[39.5371081401492,36.7585989161351],[39.6703213096878,36.6865314490071],[39.8047708053992,36.5884889157206],[39.8967845329774,36.5507134823368],[40.0197614636339,36.506772808291],[40.2493161913631,36.4519599752587],[40.5079037603043,36.4212702481955],[40.6237224395681,36.4320991712689],[40.6894556211327,36.4485373197303]]]},"properties":{"OBJECTID":37,"DIOCESE":"ORIENS","PERIOD":"ca. AD303-324","PROV_NAME":"OSRHOENE","SUBDIVISIO":"","Shape__Area":50890170782.873047,"Shape__Length":1124523.7561019675}},{"type":"Feature","id":38,"geometry":{"type":"Polygon","coordinates":[[[36.3553203608846,36.4957614950175],[35.8619240417979,36.2252689656494],[35.8523725886569,36.216044769325],[35.8502652730526,36.2188800677707],[35.7868042730997,36.2902720678569],[35.7855452743475,36.3148460678764],[35.8188852732421,36.3549960681812],[35.9247132725983,36.4508290687663],[36.0413852732286,36.5324900678904],[36.1629752733584,36.5883900692449],[36.1900592725621,36.5972860688552],[36.2172812736547,36.6547810691062],[36.2062412725619,36.7673490679534],[36.193328273322,36.7919390688314],[36.1663822733123,36.8286060691899],[36.1297152730331,36.8631900683005],[36.0694352730782,36.9088860687868],[36.0112042727941,36.9231910682392],[35.9574932743212,36.8948520687134],[35.9369352733486,36.8763880690347],[35.9048542741044,36.8410990689932],[35.8238792729096,36.7774960682403],[35.7937432726809,36.7660980683496],[35.7016562731182,36.7612380683235],[35.6448512728893,36.7529110690024],[35.6094432731588,36.733887067815],[35.5755542733698,36.6927530682364],[35.6111072728653,36.6877750687012],[35.6361012723902,36.6822130683098],[35.6380542718016,36.641930067734],[35.6337392727248,36.6119380676946],[35.6110992733676,36.5942950680425],[35.5585322722225,36.5797880678764],[35.5388832728927,36.5905460688084],[35.4982562733639,36.6099200683489],[35.4124902728912,36.5802690679188],[35.3470722724305,36.5449900682072],[35.1788792725652,36.6219410693262],[35.0235972722899,36.7005540686896],[34.9808962720776,36.7197110690834],[34.9372102718512,36.7248500680594],[34.9137422719404,36.7222140688058],[34.9042362717561,36.7170640691044],[34.8906862717584,36.7459680689905],[34.8772202732228,36.7630500686608],[34.8358232719685,36.7904130691445],[34.7772212719637,36.8086010680734],[34.7351302718467,36.8129080680207],[34.7055432716141,36.811104068718],[34.6594312721482,36.8052750691943],[34.6337732721013,36.7840920679853],[34.5656932723996,36.7719340692093],[34.4766612724382,36.7055430693402],[34.3540272709465,36.6336020691619],[34.3227772708323,36.6155550690747],[34.2897182712468,36.5916590686516],[34.2716557613873,36.57740956498],[34.1387116453611,36.6343850982932],[34.0720858213734,36.6628845099634],[33.7350167085647,36.8690524847693],[33.4075187408665,37.0953050308958],[33.4983474648208,37.1513474930556],[33.6277168699212,37.1968523407908],[34.4706424432537,37.4608113813563],[34.9234470890601,37.6150365892053],[35.2390776983058,37.6940821527532],[35.4661286856925,37.7340137691068],[35.9105375286315,37.8029628928096],[36.4075301855845,37.8789182472933],[36.8032164951976,37.9166690541237],[36.8968604970315,37.9150289648671],[37.1864171269649,37.9267959988639],[37.4471841489225,37.9117988180839],[37.2161228674101,37.7974961030776],[37.0337928373735,37.6651732353125],[36.942833023168,37.5765016023462],[36.8972189293215,37.5284825288359],[36.7621899681496,37.3043135573062],[36.5863820664018,37.0385363539624],[36.5170665777572,36.9012852463057],[36.4548592863776,36.7396575703184],[36.3553203608846,36.4957614950175]]]},"properties":{"OBJECTID":38,"DIOCESE":"ORIENS","PERIOD":"ca. AD303-324","PROV_NAME":"CILICIA","SUBDIVISIO":"","Shape__Area":47254791290.423828,"Shape__Length":1288880.5223739727}},{"type":"Feature","id":39,"geometry":{"type":"Polygon","coordinates":[[[18.3494412572666,39.7919390709401],[18.3297192572434,39.8061070710464],[18.3049982557334,39.8199960707034],[18.257219256188,39.8323590718392],[18.2269442569405,39.8333280706876],[18.1994442569119,39.8374940712448],[18.1772212573063,39.8469390718646],[18.1558302566555,39.8566670711827],[18.0820822567186,39.9029160721235],[18.0407622572538,39.9377060720141],[17.9965952559051,39.9988140721739],[18.0194072556897,40.0111770712852],[18.0122182567615,40.1013150722471],[17.9063872570323,40.254997071698],[17.8572192563435,40.284439072311],[17.7850002572921,40.2944410721344],[17.76277525624,40.2966610708239],[17.673469255744,40.304024072198],[17.6363872562614,40.3033290708612],[17.5499992559978,40.2997210712849],[17.5068032562161,40.2974970711887],[17.3927762560067,40.3305510712575],[17.2038172556546,40.412495071914],[17.2458302559537,40.4549940719501],[17.2680552552092,40.4733280721198],[17.2899972564041,40.469719071962],[17.3170112552876,40.488293071752],[17.0765952552746,40.5204810720707],[17.0469432556429,40.515274072315],[17.0177762564332,40.5063860718695],[16.9983332560693,40.4988860722972],[16.9422202550531,40.4677770719097],[16.9193042546131,40.4505500718959],[16.8798415273881,40.4109725068999],[16.8677352116801,40.4179224178851],[16.7857528442172,40.4521350159177],[16.7397601625806,40.4789880109758],[16.6574547896876,40.5625403866659],[16.6099415019218,40.6035618048884],[16.5428452302198,40.6365051118508],[16.5074551545742,40.6507306120105],[16.4522650395618,40.6545302742881],[16.3883523559042,40.6894947503279],[16.3260743832815,40.7125319190444],[16.2648768854178,40.8531925628908],[16.2219069718303,40.8842958640265],[16.1826597693066,40.8939381077497],[16.1179577189408,40.8981493721743],[16.0617093948119,40.894709205694],[15.9495169170077,40.8335612481311],[15.8117279530922,40.7621207690167],[15.7856419121006,40.7496054570908],[15.6935544858382,40.7269758072448],[15.3888243297957,40.7096018982499],[15.2807977900199,40.7110101031317],[15.1806253707919,40.6648422759451],[15.0932543198583,40.7542447102029],[14.8499391015889,40.9387269016655],[14.7830328406374,40.9891777800442],[14.738301348744,41.0102449073257],[14.6512266942435,41.0451411780331],[14.6100908763614,41.073028215046],[14.5785996642204,41.1051393527269],[14.5565691178846,41.1391400568002],[14.5568140606148,41.1791330840339],[14.5645073476923,41.270556401285],[14.5867257308557,41.3118629268487],[14.6533533784235,41.3604314779601],[14.7137906518251,41.3904301482705],[14.7833291346626,41.4340749236667],[14.8477963717013,41.4897168803239],[14.9455536316604,41.5648259159207],[15.0477626996226,41.6844276687539],[15.0577738368642,41.7239874056846],[15.0469578908747,41.7764412371131],[15.008533570304,41.8374235729163],[14.9866937605576,41.8739451949315],[14.9830276577297,41.9024453902997],[14.9847741569152,41.9212301351416],[15.0545708200568,41.9599315048623],[15.0627762537458,41.952774072956],[15.0991652541907,41.9372180728251],[15.1419202539314,41.9280240730098],[15.1623602540049,41.9244420742062],[15.3730552538909,41.9055480740822],[15.4047212539317,41.9038850742477],[15.4555552539768,41.9063870737029],[15.4972212539463,41.9091640733182],[15.5999982538991,41.9236070728672],[15.6790962540539,41.9158290731279],[15.7652762539051,41.9169420731692],[15.8569432542415,41.9252780731752],[15.9136102552765,41.9352720740072],[16.0229152540085,41.9466630727168],[16.0538862553617,41.9438860732575],[16.0824962550779,41.9361040732582],[16.1455532547998,41.9111750729013],[16.1936782548499,41.8294370728421],[16.1927752548516,41.7899930727191],[16.1649972549886,41.7577740739879],[16.1388852535836,41.7405550740412],[16.030552254447,41.6769410729109],[15.9802772544436,41.6531910729513],[15.9377762542479,41.6405520731447],[15.9198602542214,41.631386072887],[15.897638255339,41.6133310728096],[15.8909712539477,41.5884670732163],[15.8904152551773,41.5652730727334],[15.8983312543767,41.530273073326],[15.9262482541568,41.4858280727792],[15.9849992550229,41.4397160729849],[16.0330542547527,41.4188840731585],[16.0852772550429,41.4047160732209],[16.1922182535614,41.3655550717565],[16.4919432546572,41.2522200731032],[16.6577762554053,41.1913830730254],[16.788887255788,41.1547160721491],[17.0497212552349,41.0819400720489],[17.1837482553018,41.0295790728453],[17.254997255306,40.9894410719587],[17.2948572552789,40.964786072147],[17.3219412562792,40.9427720731118],[17.4736102567362,40.8288840722686],[17.4963872563608,40.8197170733088],[17.7611082561605,40.7308270721552],[17.9372212563216,40.6786040717985],[18.0126382559878,40.6430510722347],[18.0261082556196,40.6122210718102],[18.0358312573356,40.5777740723102],[18.039163256048,40.5552710720446],[18.0816652560688,40.524994071669],[18.1274982567737,40.494438071895],[18.2747192571862,40.4108280719985],[18.4248602565826,40.2884670719159],[18.440830255972,40.2649990721705],[18.4597202570403,40.2311100722819],[18.5124972573493,40.1347200717901],[18.5144422572632,40.1029130717836],[18.4724292560657,40.0392300709068],[18.4438872570199,40.028049072207],[18.4187472570068,39.9940220711755],[18.3994402570854,39.9361040713351],[18.3993372571532,39.8996120709347],[18.3911092568859,39.8162460710763],[18.3752742572157,39.7981910708815],[18.3494412572666,39.7919390709401]]]},"properties":{"OBJECTID":39,"DIOCESE":"ITALIA","PERIOD":"ca. AD303-324","PROV_NAME":"APULIA ET CALABRIA","SUBDIVISIO":"","Shape__Area":45406601274.348633,"Shape__Length":1355870.773732858}},{"type":"Feature","id":40,"geometry":{"type":"Polygon","coordinates":[[[31.0022045044113,39.9805917809926],[31.0465025861296,39.826191855316],[31.0609546671492,39.6445824040174],[31.0476079972227,39.464681110166],[31.0482192702308,39.320650471695],[31.0795827823626,39.1914044747942],[31.1235334460347,39.1030663629771],[31.2015595772908,38.9822634107442],[31.3217704972711,38.8586052472402],[31.5863263687554,38.5974325460756],[31.6541028169428,38.5175517076685],[31.6808815281888,38.4598245438306],[31.6772413848759,38.4192858839076],[31.6628887985623,38.3594521220963],[31.6200908216218,38.2822442047769],[31.5479055588009,38.2438775983156],[31.4939265219118,38.2399839741891],[31.4180559475873,38.2510961872314],[31.3280525579868,38.2655466337917],[31.0363947111117,38.3814718128941],[30.8579409402721,38.4478802842858],[30.804057679962,38.4605154650646],[30.5885963539257,38.4621466047773],[30.4776345321282,38.4416927408012],[30.443866900124,38.5416079012057],[30.4226662686516,38.5925544890587],[30.3766021008814,38.6516059896978],[30.3272214033878,38.7186585701466],[30.2928447046379,38.7846941410399],[30.2321378378363,38.9391672202227],[30.0985758839139,39.2434550451294],[29.9706320943897,39.4904394497015],[29.9490231238234,39.5680833432132],[29.9290327152782,39.6332252158491],[29.9466497622664,39.8602726298549],[30.2656336827547,39.9698099081597],[30.4834574800718,40.0428694849394],[30.5454814756075,40.0557114936814],[30.5927408455751,40.0547825860061],[30.7725393710388,40.018761702788],[30.8844824828083,40.0126309731452],[30.9666736097601,40.003463734306],[31.0022045044113,39.9805917809926]]]},"properties":{"OBJECTID":40,"DIOCESE":"ASIANA","PERIOD":"ca. AD303-324","PROV_NAME":"PHRYGIA II","SUBDIVISIO":"","Shape__Area":28022756684.422852,"Shape__Length":742569.2479015335}},{"type":"Feature","id":41,"geometry":{"type":"Polygon","coordinates":[[[38.5273112770935,37.5120445840851],[38.4829797834366,37.5117500377462],[38.4529576940775,37.496619230894],[38.3793109387647,37.4281731053047],[38.3455594297232,37.4117649228727],[38.285455499564,37.3990648262457],[38.2414047950103,37.4111335110905],[38.2067797992209,37.4050121339508],[38.1682983772392,37.3550155456839],[38.1464870961895,37.3371375510141],[38.1206003141043,37.3356410122901],[38.0776685187292,37.3497679492717],[38.0301540460856,37.3428237567122],[37.9952510612416,37.3542686921013],[37.9421423193863,37.3791626080566],[37.9162425943745,37.3776081688061],[37.7940388023606,37.3348313322762],[37.7777268008677,37.3151177489647],[37.7732619331572,37.2940579840722],[37.7666177624488,37.2687081653152],[37.7557016228641,37.2472504580355],[37.7569415099585,37.1943451309937],[37.7680752448613,37.173223255154],[37.7829724042732,37.1533733792662],[37.7898233626684,37.1361423431658],[37.7852749210937,37.1026321898348],[37.7926161467333,37.0802430871731],[37.8176827732523,37.0620644759371],[37.8752953732947,37.0282232299425],[37.8912080916101,37.01050899733],[37.9042036011088,36.9687501986644],[37.9271131965609,36.9037380579047],[37.9384858204471,36.8650094291979],[37.9354434682266,36.828527800156],[37.9218768251416,36.7530524431299],[37.9221142462779,36.7230039310957],[37.9346665674396,36.6988885339484],[37.9462490916752,36.6850785687307],[37.9701416380841,36.6771913778801],[38.0202316066985,36.6781171452079],[38.0281921919804,36.6754822381472],[38.0370946240068,36.6625403199065],[38.0662673832142,36.6528713903497],[38.1094775278683,36.6585222512426],[38.1353557148728,36.6424220111038],[38.1533881949507,36.5989270006933],[38.1410226398247,36.5505654319448],[38.1468957011847,36.513629287186],[38.1342631766378,36.4828660340026],[38.1185371129671,36.458134606007],[38.1032888892472,36.4282549080817],[38.0942647813139,36.3863225757219],[38.0931522843099,36.2993382913055],[38.0681994428963,36.2502765021947],[38.0236408533389,36.1928037932465],[37.9909021193218,36.1463701047513],[37.9827421879968,36.1241658762706],[37.9812606990067,36.0847913828041],[37.9846968897157,36.0612245362308],[37.9793108598684,36.0505632109801],[37.9659186687133,36.0301142953403],[37.9715095458864,36.0108173251063],[38.0065543351879,35.9891700163401],[38.028932481928,35.9667524698172],[38.0475966321607,35.9430766029238],[38.0633147466394,35.9378177049928],[38.1180104361059,35.9369322619102],[38.146809700971,35.927266369102],[38.1692842845518,35.9172219628398],[38.200501302122,35.8942575136757],[38.2710894259447,35.8704542472907],[38.318116247238,35.854555453065],[38.3542381542944,35.8473092811091],[38.420169111647,35.8623583737343],[38.507013852232,35.8702450933253],[38.5520412949941,35.8623733672777],[38.6074884036362,35.8509090446866],[38.6292987207936,35.8634261872219],[38.6413734229902,35.8867759171401],[38.649061719028,35.9016340040705],[38.6616958758138,35.9023035227855],[38.6982108002986,35.8897766757142],[38.7387132151756,35.8908602642489],[38.7694913239828,35.9027768128995],[38.8869288248808,35.909795322338],[38.9735602865527,35.9048241158424],[38.9917876004359,35.8984977922762],[39.0204460543802,35.8710098917917],[39.041259497592,35.8637693960724],[39.0958658478069,35.8622793778433],[39.1255793739507,35.854415695999],[39.160465771403,35.8271882700995],[39.1812449232255,35.8199166559957],[39.2072126192633,35.8108202299824],[39.2599312614182,35.8173924996669],[39.2832901169203,35.8091854448271],[39.3036338705959,35.7894929747351],[39.3295690305525,35.7803617693446],[39.4693567387885,35.7711272493597],[39.5145107398011,35.7576280528784],[39.5754987981512,35.7334470743569],[39.6013666185974,35.7242382818866],[39.663582201427,35.7196332377141],[39.6920134615544,35.7094757031145],[39.7147685728287,35.6887734616909],[39.7361860603057,35.6484377019398],[39.7490177251814,35.6036377612138],[39.7434768257791,35.5704549939569],[39.7510156879678,35.5501672163306],[39.7876956581231,35.5269398047663],[39.8520388207531,35.5037702796861],[39.884341859281,35.4896008068444],[39.9352612603634,35.436005517069],[39.9918005506094,35.3702652999783],[40.0405220598559,35.3299315970101],[40.115910398773,35.2823355387072],[40.1951953886441,35.2533336888427],[40.2561823744057,35.2133474578355],[40.298085278082,35.1778088782873],[40.3268271612616,35.1294780362842],[39.9130684387614,35.1903578470104],[39.4018004227615,35.2511836020997],[39.0569361063114,35.3029503503505],[38.6947536105715,35.3741137500732],[38.5375153904245,35.4058300959563],[38.2403277212729,35.4375171612341],[38.1294353688912,35.4526568442065],[38.0556224036912,35.4750519547492],[37.961539908116,35.51162012208],[37.8244072201094,35.602149871071],[37.7203369300152,35.6863857182445],[37.5179893209893,35.9914450619361],[37.4523036468284,36.0625814817595],[37.253329244932,36.2115788819985],[37.1718408808068,36.2452882041064],[37.0357189879377,36.2864623549122],[36.8279379305939,36.3253291396414],[36.6642047301444,36.3794980568679],[36.5639316349257,36.4258186080862],[36.3553203608846,36.4957614950175],[36.4548592863776,36.7396575703184],[36.5170665777572,36.9012852463057],[36.5863820664018,37.0385363539624],[36.7621899681496,37.3043135573062],[36.8972189293215,37.5284825288359],[36.942833023168,37.5765016023462],[37.0337928373735,37.6651732353125],[37.2161228674101,37.7974961030776],[37.4471841489225,37.9117988180839],[37.9226897591512,37.8893469751],[38.5167296557476,37.8551926476788],[38.8334417081363,37.7996838188118],[38.7747866051218,37.7463067608912],[38.7439527801057,37.7062704697958],[38.7288763007934,37.6659926407072],[38.7379996878369,37.6175955442912],[38.7394722969805,37.5667402370242],[38.7255700981026,37.5286197580129],[38.7138276369155,37.5124320752929],[38.6920799107739,37.5071600740768],[38.6128717178765,37.5186385160103],[38.5273112770935,37.5120445840851]]]},"properties":{"OBJECTID":41,"DIOCESE":"ORIENS","PERIOD":"ca. AD303-324","PROV_NAME":"AUGUSTA EUPHRATENSIS","SUBDIVISIO":"","Shape__Area":56324719167.800781,"Shape__Length":1597974.8354871285}},{"type":"Feature","id":42,"geometry":{"type":"Polygon","coordinates":[[[20.5729180503796,40.4125682379961],[20.4836361346146,40.415532380292],[20.408562223115,40.395517669715],[20.2837000314094,40.3572803550208],[20.0482210428405,40.3214199648067],[19.9737915512847,40.319945196011],[19.8495075009229,40.3331457539999],[19.5299370057069,40.3781240199968],[19.4826573203392,40.3877917169807],[19.487638257604,40.4387430722597],[19.4536072584232,40.5638850716672],[19.4176372573797,40.5772170722561],[19.3933312577679,40.5809670716661],[19.3377762578669,40.6186060718502],[19.307209257643,40.6453090721025],[19.3561072579951,40.6961740729626],[19.4049982577761,40.8197170719491],[19.4133302578005,40.8663860730519],[19.4524192571212,40.8838420722263],[19.4706212582762,40.8831900721562],[19.5216632578354,40.9098550719294],[19.5232622581429,40.9365920721898],[19.5086082583053,40.9727740719362],[19.4611092573458,41.0069430718097],[19.4362142566568,41.021065071701],[19.4505542575733,41.0599970728108],[19.5137482575626,41.254021073092],[19.5101352577444,41.2761040731282],[19.4986072576534,41.2938840729045],[19.4751382579177,41.3090250726993],[19.4522212576528,41.3097150727337],[19.4424972570103,41.4069440732173],[19.519996257756,41.5700000730716],[19.5666652576137,41.5849990731951],[19.584720259354,41.6058270731025],[19.5869402578308,41.6386110727719],[19.5708292579761,41.6852680732424],[19.5819412581405,41.6956900731576],[19.5943906197943,41.7564507897499],[19.6277906656758,41.7610285387652],[19.7461011628417,41.801256339205],[19.9427804132045,41.8688736309291],[20.1684793992578,41.952091878667],[20.2255674810906,41.9674068371841],[20.3296083082402,42.0109357750272],[20.4329779348707,42.0663481740475],[20.5542520082948,41.8888641652525],[20.6183017991193,41.7628150177869],[20.6797518161043,41.5775837730459],[20.7043686202279,41.5106224656704],[20.7039030207212,41.4607568997714],[20.6914004841925,41.3979989132561],[20.6533832208198,41.2858659821627],[20.6487860070134,41.2626316003196],[20.6515880661836,41.2290638939936],[20.6889961406396,41.1322233001915],[20.6979055283212,41.0979728040411],[20.6861142257322,41.006728444927],[20.5729180503796,40.4125682379961]]]},"properties":{"OBJECTID":42,"DIOCESE":"MOESIAE","PERIOD":"ca. AD303-324","PROV_NAME":"EPIRUS NOVA","SUBDIVISIO":"","Shape__Area":29662206174.787109,"Shape__Length":718719.96628972224}},{"type":"Feature","id":43,"geometry":{"type":"Polygon","coordinates":[[[-5.85541861227581,41.4299427386794],[-5.83971960586151,41.3771961672425],[-5.79153406564951,41.2793817151261],[-5.76752504368082,41.2521327049666],[-5.66194289884486,41.1639816686898],[-5.48584907591853,41.0394304551623],[-5.3737698801632,40.9474345338509],[-5.26704397605301,40.861718813831],[-5.1348333766771,40.7177454707452],[-4.91670843982221,40.5444797097414],[-4.76405363086737,40.4683147997405],[-4.61562896073762,40.4176365287316],[-4.49222633194274,40.3891675799092],[-4.38574155541771,40.3531567128876],[-4.3051810350983,40.3082715073189],[-4.28951635959921,40.2724639951544],[-4.28044534343838,40.2260881018015],[-4.2929584711043,40.190717989782],[-4.39488629272065,40.0698121140711],[-4.47096407873683,39.9934319040552],[-4.56170951538958,39.9146574250189],[-4.62984699559139,39.868030113308],[-4.65926520867035,39.8275251362975],[-4.67880664013485,39.7503860689824],[-4.74261080730619,39.5969289249967],[-4.8052286826695,39.4746619188939],[-4.84191984762985,39.4281492818579],[-4.91418820012296,39.3543395986599],[-4.95802978855657,39.3686384099901],[-4.97862871318027,39.3652597493274],[-5.00448765827145,39.358625644811],[-5.03042578087176,39.318558766275],[-5.06726499358085,39.2623650880693],[-5.105044613035,39.2322455609525],[-5.15241331695578,39.2148286982543],[-5.17734358190962,39.193971026298],[-5.20998234421536,39.1455665292767],[-5.22229771316136,39.1124857240017],[-5.23900788032746,39.095369079906],[-5.28392684073921,39.0806644293039],[-5.31001151269834,39.0643402181555],[-5.32770490390921,39.0398780041489],[-5.36786492232235,38.9972938093335],[-5.39451439205006,38.928354687289],[-5.43480890982082,38.897642241286],[-5.51845792791858,38.8475532547629],[-5.65137392308315,38.7888558541032],[-5.81433579679209,38.7294469932818],[-6.04397315695099,38.6697995318085],[-6.31827544384078,38.6181481939772],[-6.41972380943716,38.6212154423188],[-6.59204826909198,38.6470133177619],[-6.78599546599475,38.6828528093141],[-6.92606600969635,38.7212892632479],[-6.96284325841379,38.7215556057206],[-7.0063048864317,38.7037720927757],[-7.04126698940455,38.6684061472887],[-7.082314379825,38.5935339518221],[-7.13299497816225,38.4712977239264],[-7.16415935535514,38.434203184244],[-7.22196404125645,38.3752141958366],[-7.28105254366628,38.3207196432195],[-7.31068073973956,38.2694902662493],[-7.33753267985084,38.1900601317483],[-7.39427562984989,38.1095940533158],[-7.40798335335029,38.066225198931],[-7.40100696858185,38.0245078793122],[-7.33306639370043,37.7866412338616],[-7.32273959385786,37.7241262642532],[-7.32818678370467,37.6251029298049],[-7.36335893614714,37.505956701738],[-7.38549068129297,37.4419133408928],[-7.38992601958352,37.3885202179533],[-7.37046348715042,37.3255236426804],[-7.33770947818022,37.2580051466887],[-7.28880682455498,37.2036305807202],[-7.33750076809868,37.1873590687505],[-7.35638876772045,37.1758270686456],[-7.3913897668468,37.1752740687273],[-7.40944476679048,37.201660069254],[-7.43185376706727,37.2531890689868],[-7.41902876679261,37.1805500692095],[-7.44458376780569,37.178745069343],[-7.47194476701882,37.1777720687847],[-7.55958376743535,37.1531900689493],[-7.58041676786926,37.1444400686838],[-7.61868076700946,37.1154780688947],[-7.75833376837711,37.0349960690152],[-7.89777876843401,37.008888069228],[-7.97305576656152,37.0083310692996],[-8.01291776708251,37.0220790687775],[-8.04458476694821,37.0430490690681],[-8.06777976704746,37.0547180690997],[-8.11083376833555,37.0743030689652],[-8.17527976830263,37.0922160692002],[-8.37375076778851,37.1020770690834],[-8.40777876839295,37.0906900687657],[-8.43958476817583,37.0861050688192],[-8.51111176801439,37.1030500693566],[-8.65888976792052,37.1088870692132],[-8.81472376856481,37.0669400687051],[-8.92666776876817,37.0161060690007],[-8.9892367685935,37.0263140691208],[-8.98416676785978,37.0522160676421],[-8.94909776896138,37.1013150690236],[-8.92444476902001,37.130135068986],[-8.90652876899351,37.1606220686604],[-8.85805676861382,37.2727740687362],[-8.82888976940403,37.3805540687345],[-8.7958617688823,37.442512069008],[-8.78722376763788,37.5241620697385],[-8.78750076944396,37.7222210688745],[-8.80583376832363,37.766388070285],[-8.79186676857434,37.8190920700206],[-8.79097276789855,37.8291630702062],[-8.79930576864612,37.9140200688853],[-8.81055676782941,37.9319380701159],[-8.83944576900147,38.0147170690416],[-8.80680676774383,38.0890230698562],[-8.79611176822922,38.1183320701745],[-8.78944576756114,38.1394420698068],[-8.77916676797316,38.1805500699733],[-8.77582176884185,38.211761069862],[-8.77722276878255,38.256382069816],[-8.77972376836507,38.3011090701393],[-8.78639076885809,38.3288880697891],[-8.79222276822651,38.3491590701305],[-8.80250176781449,38.3744430700752],[-8.7233337682378,38.4166640712385],[-8.67333376769577,38.4138870696717],[-8.76889076785988,38.5172200699054],[-8.89861176907086,38.5177730701983],[-8.91888976876267,38.5099940701618],[-8.99277876916491,38.4636080698903],[-9.06277876776776,38.4372180697149],[-9.0836127689249,38.4330520699027],[-9.18388976912005,38.4197160697163],[-9.20027876880914,38.4516600701512],[-9.18375076920288,38.4780500700621],[-9.17888976870652,38.5091630698075],[-9.18388976912005,38.5369420703216],[-9.20541776824152,38.5954130699971],[-9.22014076857436,38.6194420713119],[-9.23986176877258,38.6409680709234],[-9.27423676880833,38.6687430708508],[-9.2152787691514,38.6783290710657],[-9.1597227694255,38.6779140697658],[-9.07444576867431,38.6311030697685],[-9.028056769199,38.6999970700423],[-9.01555676861436,38.7294390709205],[-8.94819576878797,38.7628440709288],[-8.91974676873025,38.7658920713106],[-8.91972376916403,38.7702710706527],[-8.92944476943354,38.8004110699967],[-8.95584876911995,38.8408580710982],[-8.9795497686592,38.8501320702821],[-8.98944576883087,38.9006920701449],[-8.99430676842892,38.9406200711206],[-9.065278769322,38.854996069823],[-9.0790277686131,38.8305510707609],[-9.08916776918224,38.8049960698735],[-9.09277876935064,38.7714500698384],[-9.09527876910822,38.7473560713246],[-9.11847276938257,38.7172200708454],[-9.21250176938436,38.6908260712232],[-9.32222376966446,38.6766660708981],[-9.42972376912301,38.6919400709086],[-9.47604276917642,38.7052730699196],[-9.49083376928131,38.7938840698829],[-9.46250076867626,38.8395800702197],[-9.4445147692279,38.863052069703],[-9.42194577001584,38.9180530708934],[-9.41263976894973,38.949440070948],[-9.41736076880567,38.991730070795],[-9.42625076904686,39.0115240701186],[-9.41916876935048,39.0786060701259],[-9.39666776901217,39.1177750712907],[-9.36472276931212,39.1630510712664],[-9.3397227690411,39.2248570709006],[-9.3373617692007,39.2633280706854],[-9.33834476866663,39.2929760711306],[-9.35958376898141,39.3566630709756],[-9.29333476939074,39.3913880712168],[-9.22722276916907,39.435272071173],[-9.14416676941453,39.5263820708862],[-9.08555576918891,39.6149980710484],[-9.0794447683646,39.6402740719534],[-9.04750076938778,39.7322160709104],[-9.02694476896332,39.7755510707109],[-8.98472376914999,39.8505550718902],[-8.93194576811772,39.9641650709597],[-8.89636276938341,40.0454020720286],[-8.89097276808425,40.0549970719323],[-8.87472376903557,40.0961070718821],[-8.8623627692664,40.1394380716765],[-8.88138976880535,40.242775072098],[-8.85055776826758,40.3069380717803],[-8.8402787686796,40.3363880721722],[-8.8000007691303,40.4683300718311],[-8.7902797679625,40.5041660722343],[-8.78586576915151,40.5207060717282],[-8.7825007681321,40.537773072141],[-8.7775007686169,40.5601350716757],[-8.72968076906367,40.635715072025],[-8.69166776909534,40.6611100721856],[-8.66013876842358,40.6911090717168],[-8.67833476793424,40.7758330721782],[-8.7030567683709,40.718605072106],[-8.73098676767149,40.686188072259],[-8.72666776839675,40.7277750721609],[-8.7177787679805,40.7527770723263],[-8.69659676936374,40.8058970722108],[-8.67777876826553,40.8691640717702],[-8.66805676906946,40.9038850721967],[-8.64555676855606,41.0026320718732],[-8.64554376813726,41.0185770726949],[-8.55999170773765,41.0646711652158],[-8.51088670859468,41.0526222000449],[-8.43422265417633,41.0071981851713],[-8.39861317041249,40.9875737157657],[-8.36680738532698,40.9696165817204],[-8.34114497365369,40.9601403661206],[-8.31483453260577,40.9580630610196],[-8.26988829215547,40.9669260183122],[-8.20327085124593,40.9872918561811],[-8.16283150798338,41.0000609868627],[-8.11327941373026,41.0048924459965],[-8.09527415260557,41.0084024322865],[-8.00905557819773,41.037272526965],[-7.89033898143804,41.0553502338817],[-7.85726971680374,41.0617062083197],[-7.78366754038688,41.1000224206907],[-7.75056024916827,41.106341795967],[-7.70085954571938,41.1012775032201],[-7.65944514589461,41.0921977612458],[-7.64439167064011,41.0950521178258],[-7.55629633234745,41.1189628451607],[-7.4613463507703,41.1416437042077],[-7.41838316286925,41.1472624141549],[-7.39656371074373,41.1392427897531],[-7.35753368671974,41.1078233989059],[-7.32822762381241,41.0963526012279],[-7.30564863623273,41.0957127510302],[-7.25667509205685,41.1023785290395],[-7.22732613908627,41.1005567352678],[-7.20253769206467,41.0930499831703],[-7.18305241069531,41.082144651089],[-7.1679770578704,41.084923379845],[-7.11369682395143,41.0949064899898],[-7.08664300724297,41.0902064717396],[-7.05667547706268,41.0763689002351],[-7.04335516819824,41.0546528968784],[-7.01903356125677,41.0083851808979],[-6.99972402988284,40.9877669772907],[-6.97128242026501,40.9784714842608],[-6.93068784991799,40.9810353608191],[-6.88851751688335,40.9886949321687],[-6.85249817497454,40.9855686642909],[-6.79897696716498,40.9976511352082],[-6.73178468442365,41.0169814852276],[-6.71265753081537,41.0373013500107],[-6.71472087658136,41.0948366509865],[-6.70017257611342,41.1095071569331],[-6.66303279699172,41.1233837741286],[-6.63103473560448,41.1435652080881],[-6.58975642425706,41.1750305120143],[-6.5683876569096,41.1884720990149],[-6.50036967420015,41.1956799949912],[-6.43958997918193,41.2160322820696],[-6.40188084693487,41.2491798750066],[-6.38140504540401,41.2865280839936],[-6.35246736632333,41.296409628667],[-6.31814745637068,41.3096290662999],[-6.30086264590048,41.3367508189087],[-6.27654489003663,41.3723253720143],[-6.24331168915115,41.3997891756677],[-6.18188397823307,41.4610375088897],[-6.16030096987684,41.474398673034],[-6.13592508133599,41.478587884884],[-6.10946121612241,41.4758952262864],[-6.01156004964797,41.4275509220604],[-5.97019095455795,41.4177266307437],[-5.92008542802122,41.4214151070744],[-5.85541861227581,41.4299427386794]]]},"properties":{"OBJECTID":43,"DIOCESE":"HISPANIAE","PERIOD":"ca. AD303-324","PROV_NAME":"LUSITANIA","SUBDIVISIO":"","Shape__Area":200080595663.05957,"Shape__Length":2381177.6749649439}},{"type":"Feature","id":44,"geometry":{"type":"MultiPolygon","coordinates":[[[[25.4416652629095,40.0047150707961],[25.3919372632523,39.9522090712908],[25.3541642643818,39.9073560718068],[25.3372212637756,39.8780440712783],[25.3390252632241,39.8492960708558],[25.3529832627525,39.8340910708309],[25.3652722625517,39.8255540721043],[25.3730522640036,39.8126300709951],[25.355827263365,39.786384071167],[25.338882263109,39.788879072277],[25.3130532633578,39.7954100723272],[25.2947192637549,39.8055460709715],[25.266937263694,39.8680500723026],[25.2790222641769,39.8935280720964],[25.2630522638892,39.9123500722399],[25.2330512633797,39.9113080722867],[25.2106892629586,39.8930430708899],[25.1794412633926,39.8468630707962],[25.2016642629982,39.8274920721947],[25.2247182626321,39.804161071158],[25.1654112629958,39.8002700711369],[25.0638862630208,39.845276071664],[25.054439263286,39.8605500719712],[25.043052262762,39.9633250720456],[25.0476362641472,39.9866560721233],[25.136385263353,40.0059620720953],[25.229299262746,40.0027730723304],[25.2719382630341,39.9883190717223],[25.3686062627107,40.0058290718649],[25.4515912641167,40.032558072174],[25.4455532639856,40.0097200718098],[25.4416652629095,40.0047150707961]]],[[[25.82444426411,40.1002650717823],[25.7316662642611,40.0930400707822],[25.6658282627775,40.1232570720232],[25.6722202638092,40.1524890720764],[25.6888882640559,40.1649860721725],[25.7152752640239,40.1813890707495],[25.7766642629431,40.2122120717487],[25.9405502641276,40.2399900718769],[26.0124282635954,40.1540220720567],[25.9899982643005,40.1288760722118],[25.9580532637022,40.1211010710926],[25.82444426411,40.1002650717823]]],[[[25.6038852638394,40.3983190718134],[25.5619412640355,40.3995740722338],[25.5158312633212,40.4224930720693],[25.4902722630084,40.4369350719413],[25.4624972626202,40.4563750717021],[25.4438852640812,40.4758220722406],[25.4941632635593,40.4963840717234],[25.5255542632404,40.5069430717722],[25.5427702636582,40.5105440720876],[25.555832262861,40.5116580719614],[25.575411262769,40.5106850718427],[25.6572192627437,40.4930500722885],[25.6940232641886,40.4656140720044],[25.6937462641792,40.4245070721792],[25.660000263607,40.4124910720309],[25.6038852638394,40.3983190718134]]],[[[24.7663882618711,40.6113820719691],[24.6711082626148,40.5788880721517],[24.6436082616878,40.5708310722176],[24.6408312619208,40.5770800722512],[24.6016652626072,40.6102750722427],[24.5911102619364,40.6166610717442],[24.5723592625819,40.6247180719085],[24.5316642632811,40.6211090720056],[24.5127772625859,40.6384700722199],[24.5094412627772,40.6580510721724],[24.5216632617308,40.6927720723097],[24.5336072626468,40.7141650728454],[24.54083226156,40.7238850728726],[24.5655512634202,40.7505490731017],[24.598749262923,40.7779120732665],[24.621387261732,40.7899930720464],[24.6431922626595,40.797218072315],[24.6547202627506,40.7963870720504],[24.6966632618312,40.7805480719196],[24.7333302621105,40.7655490721481],[24.7613872616327,40.7491610722452],[24.7638852626388,40.7319410721142],[24.7733302627237,40.6316600717316],[24.7663882618711,40.6113820719691]]],[[[22.9734762347164,41.7617517180895],[23.1354225647933,41.705989076101],[23.2033175483774,41.6965607732997],[23.512950340033,41.6457323331302],[23.7289495359389,41.5547759918402],[24.0804676853766,41.3640493589847],[24.1049791144224,41.3364235028155],[24.1282746872059,41.2802260510824],[24.1741125998989,41.1655404288839],[24.2137079202564,41.1236285286868],[24.2684532146929,41.0793914959123],[24.2897006933074,41.0522062357077],[24.3005136398222,40.9859002938428],[24.3370102153189,41.0042631389049],[24.3844081279612,41.0041771930889],[24.4318605961889,41.016037468119],[24.4622261474138,41.0113512789209],[24.5051437961198,40.9711676010093],[24.53595020635,40.9528304161218],[24.5077742626977,40.9549940723204],[24.4311102621782,40.9441600722244],[24.394302262332,40.9355550732139],[24.3372192622687,40.8952710722447],[24.3173582623284,40.8765260722284],[24.3136082622428,40.8386080718203],[24.1529162623735,40.7409670720875],[24.0904142615971,40.7176360717597],[24.0602742620688,40.7169420723317],[23.9918042623797,40.7290270732937],[23.9661102623477,40.7374950723007],[23.9120822618858,40.7569430716981],[23.8866652618633,40.775276072051],[23.8413872619005,40.7868000720404],[23.7220112621964,40.744648072111],[23.6963882623095,40.7127760717509],[23.689373261662,40.6794390721373],[23.7949982606285,40.5830530718244],[23.8208312623743,40.4997180721669],[23.8270112618973,40.4613150718018],[23.8586082623411,40.4219440717237],[23.8829822617249,40.4002720720545],[23.9227752617506,40.3841630719805],[23.9611092621093,40.3786090717121],[24.0038872623145,40.3851320722649],[24.1755542620809,40.3498570717027],[24.2395802619234,40.312912071981],[24.381527262286,40.1820790720908],[24.3940942619195,40.1480180721235],[24.3097192631384,40.1193730721662],[24.2928442632025,40.1313820717695],[24.2847212616189,40.1544420717307],[24.1624982618275,40.2785380718606],[24.1190262618614,40.2899930718729],[24.095554262651,40.2877730720305],[24.0494422622868,40.2929150718894],[24.0297202622637,40.3002780717834],[23.9976382622963,40.3152730721656],[23.9673592619525,40.3329120709209],[23.9520812617759,40.3488850721259],[23.9305532617561,40.3612440722857],[23.9077762621316,40.3672180717924],[23.8413882617254,40.3722190717619],[23.7297212624298,40.3512500718205],[23.6992342607752,40.3209680721789],[23.6911092622367,40.2977750710934],[23.7020812608625,40.2684670717866],[23.724720261293,40.2408290722114],[23.7874282619338,40.1922190707603],[23.8799972624437,40.1738810706701],[23.9080542619659,40.1634710718989],[23.9744412616489,40.1291660708671],[23.9909702619783,40.112495071846],[24.0143722617669,40.0139540722669],[23.9885382628911,39.9526330716843],[23.9422182621145,39.9433290721213],[23.9322202618356,39.9430540717818],[23.8999972623012,39.9680480707542],[23.8269422623003,40.0255510716726],[23.7905522620305,40.0882610709256],[23.7624972621581,40.1247180709993],[23.7255552624176,40.168053072016],[23.7030522606328,40.1916660716983],[23.671108261656,40.2183300722105],[23.6459692623661,40.2308310713077],[23.4010392621865,40.2798580722854],[23.3766632622545,40.2655490709559],[23.3536112613721,40.2452770723334],[23.3321512611244,40.2099610708525],[23.3680532605992,40.1438830707976],[23.4797212624147,40.0452730719553],[23.5048582620547,40.0288850706579],[23.6043052611481,39.9970780721812],[23.6755522624009,39.9713820723041],[23.7466642621377,39.9252740718159],[23.7184712612748,39.9138870710097],[23.6436082616274,39.9161070716825],[23.6040272622121,39.9206920717013],[23.4369432613111,39.9711070718468],[23.3794442613212,39.9927750720382],[23.3224982606269,40.1230510707651],[23.3240262607892,40.1820790720908],[23.3129142606248,40.2182580706765],[23.2945822606717,40.2358320718523],[23.2630522610734,40.2488860711203],[23.1774982621094,40.2730480718315],[23.1108322609706,40.2991640716753],[22.8994402609505,40.396660072023],[22.843609260865,40.474998071819],[22.8687472621266,40.5033300722612],[22.888885261178,40.5038830716771],[22.9222222605979,40.5124970721701],[22.9466632608272,40.5197220719078],[22.9770472616513,40.5491600717694],[22.9449272611507,40.6265220722719],[22.9014552611846,40.6444400723212],[22.8632622612912,40.6290240722161],[22.8566642612934,40.5948560722441],[22.815138261066,40.5687450730898],[22.7044412599192,40.518326072213],[22.6527742610944,40.5102770719718],[22.5852072614037,40.46499607232],[22.6161102611882,40.4005510722527],[22.6299972605715,40.383049071944],[22.6083322602844,40.2845800721668],[22.548191261145,40.1493680713159],[22.56888625969,40.057220071784],[22.5949972612701,40.0122150707627],[22.6158332611788,39.9955520721481],[22.6258262614348,39.9891700708823],[22.70284426016,39.9579120712777],[22.7698808163535,39.8812409451014],[22.6516538544243,39.8821528401909],[22.5997756266418,39.8844958251051],[22.3882008473092,39.9439771830194],[22.265918897374,39.9626515609176],[22.1820091845875,39.9737385789059],[22.0480105649954,39.9675499220619],[21.7886529476163,39.9226843812285],[21.6598385684108,39.910561095906],[21.4784643341584,39.9261265592274],[21.3074222195717,39.9471728012479],[21.2176520847212,39.9746663192725],[20.9182304105608,40.2330052522122],[20.7990354573191,40.3179704290216],[20.6875083553576,40.3805668212413],[20.5729180503796,40.4125682379961],[20.6861142257322,41.006728444927],[20.6979055283212,41.0979728040411],[20.6889961406396,41.1322233001915],[20.6515880661836,41.2290638939936],[20.6487860070134,41.2626316003196],[20.6533832208198,41.2858659821627],[20.6914004841925,41.3979989132561],[20.7039030207212,41.4607568997714],[20.7043686202279,41.5106224656704],[20.6797518161043,41.5775837730459],[20.6183017991193,41.7628150177869],[20.5542520082948,41.8888641652525],[20.4329779348707,42.0663481740475],[20.4831776847993,42.0941866328013],[20.5727181743305,42.0462611142032],[20.6338079336489,42.03235311794],[20.7392129271175,42.032487404951],[20.8378996262905,42.0308845897099],[20.9128187787279,42.0223678232373],[21.0829628618982,41.9956527578436],[21.2137620408761,41.9494176210231],[21.2885066210094,41.9406109712739],[21.3709429206601,41.9379783217412],[21.5283754913188,41.9572412883234],[21.6656563986523,41.9858833510584],[21.9209633246674,42.0832447242896],[21.9729903943093,42.1149485132263],[22.0110555289034,42.1555551181951],[22.090073809865,42.136047845305],[22.1336006304197,42.1018687849607],[22.1920265938665,42.0490447021068],[22.2639557344234,42.0135537150263],[22.3793021370031,41.9723760483324],[22.5079827669441,41.9340718998916],[22.5987091871607,41.8982146148596],[22.8882961379298,41.7924778270876],[22.9734762347164,41.7617517180895]]]]},"properties":{"OBJECTID":44,"DIOCESE":"MOESIAE","PERIOD":"ca. AD303-324","PROV_NAME":"MACEDONIA","SUBDIVISIO":"","Shape__Area":100221053129.04004,"Shape__Length":2412130.0397146847}},{"type":"Feature","id":45,"geometry":{"type":"Polygon","coordinates":[[[41.0624612439945,37.4105456103187],[40.6894556211327,36.4485373197303],[40.6237224395681,36.4320991712689],[40.5079037603043,36.4212702481955],[40.2493161913631,36.4519599752587],[40.0197614636339,36.506772808291],[39.8967845329774,36.5507134823368],[39.8047708053992,36.5884889157206],[39.6703213096878,36.6865314490071],[39.5371081401492,36.7585989161351],[39.4290557279949,36.7963960561184],[39.2557344357171,36.917108202975],[39.0115004618976,37.076702254338],[38.8677019924119,37.1785822598858],[38.718468746,37.2769061780448],[38.6128019996273,37.3929203097824],[38.5273112770935,37.5120445840851],[38.6128717178765,37.5186385160103],[38.6920799107739,37.5071600740768],[38.7138276369155,37.5124320752929],[38.7255700981026,37.5286197580129],[38.7394722969805,37.5667402370242],[38.7379996878369,37.6175955442912],[38.7288763007934,37.6659926407072],[38.7439527801057,37.7062704697958],[38.7747866051218,37.7463067608912],[38.8334417081363,37.7996838188118],[38.8648694399294,37.8168422681729],[38.881699330065,37.8363939881541],[38.9016401219621,37.8498548218775],[38.9339147629472,37.8566272462985],[38.9457907640911,37.872807953088],[38.959970337576,37.8932590609424],[38.9857349353078,37.8996997337664],[39.0276542341363,37.9183455161371],[39.0511168953593,37.9381836220123],[39.1469977094372,37.9384935013033],[39.4793099912882,37.9386403787339],[39.616672754907,37.9266832269747],[39.7234098852633,37.8997911206733],[39.9939430029176,37.8508872720558],[40.1743754748672,37.8355193881289],[40.2216277373643,37.8340344512325],[40.2614231637396,37.8249973478534],[40.3164022608984,37.825803263033],[40.3577636664096,37.8365203213126],[40.4362482591592,37.83905872273],[40.4873724267192,37.8385970011196],[40.5995669886148,37.8212635900836],[40.6545459249753,37.8218632278158],[40.7105014746783,37.8297297566833],[40.7397979857992,37.8191434447109],[40.7787483382406,37.797393484668],[40.8053562384286,37.7877507777541],[40.8777011282822,37.7793503059223],[40.9016255792568,37.7706468160569],[40.9151332919609,37.7606223450492],[40.9415645240752,37.7228989012192],[40.9586395419939,37.6579385138429],[40.995318241033,37.5270872853073],[41.0624612439945,37.4105456103187]]]},"properties":{"OBJECTID":45,"DIOCESE":"ORIENS","PERIOD":"ca. AD303-324","PROV_NAME":"MESOPOTAMIA","SUBDIVISIO":"","Shape__Area":40172664749.267578,"Shape__Length":800002.7667947025}},{"type":"Feature","id":46,"geometry":{"type":"Polygon","coordinates":[[[9.44805524805322,41.9994430733258],[9.42555424771492,41.974998073164],[9.4083322483477,41.9445800728776],[9.39692924882844,41.8693540739764],[9.4005542483422,41.8455500742509],[9.40430424842777,41.8237460727277],[9.39888724826275,41.6988830732435],[9.37791524791166,41.652077073302],[9.32055424801399,41.6024930727318],[9.27166524788277,41.5205540732605],[9.24194324793088,41.4519420730638],[9.25111024907981,41.4212110730692],[9.21965224765488,41.3672870727539],[9.18256724779922,41.3649250728635],[9.13222124765078,41.3941650721325],[9.11583324778663,41.4319380729916],[8.97597124797823,41.47735607287],[8.94111024769563,41.4894410727217],[8.91749924766979,41.4997180727332],[8.79041524828039,41.5578420732241],[8.78555524760894,41.6133270733144],[8.80697824714844,41.6338840731552],[8.87513724739117,41.6480520727959],[8.91711724807837,41.685688072794],[8.87888724837505,41.6980510732012],[8.85118024775889,41.6989520730225],[8.79694324795789,41.7102740738196],[8.72583224804593,41.7294390726841],[8.70500024833525,41.7594370732996],[8.74777624709403,41.8105540728793],[8.78888724811808,41.8533320730532],[8.80236024812296,41.9004130741866],[8.7806242476907,41.9263840738686],[8.74187324758048,41.9294400743186],[8.71222224777371,41.9116630728813],[8.66860924824054,41.9083330738316],[8.62722224793027,41.906662073719],[8.59097124667934,41.9635350727807],[8.61360924818334,41.9708330727182],[8.64055424657154,41.9687460732035],[8.66638724741898,41.9846500737661],[8.65944324691655,42.0083310730931],[8.74319324822866,42.049370072876],[8.68111024775182,42.1063840739404],[8.63888724739035,42.1202770742],[8.60833124793546,42.1327740737229],[8.5872212465938,42.1697160739545],[8.57055424707035,42.2216640737881],[8.61833224679079,42.2530520737922],[8.64888724731911,42.2583310737296],[8.68454624801802,42.2688140742826],[8.6316662468785,42.3369370742674],[8.61152724800216,42.3497160739048],[8.58944324741536,42.3506930738372],[8.57583224821654,42.383606074048],[8.6652772468331,42.5111080741932],[8.71819424778255,42.5705530740302],[8.88694424714147,42.6280520741728],[9.05742924814856,42.6840250742261],[9.08555424834116,42.7119410736784],[9.11763824795836,42.7294390741761],[9.15083224816146,42.7333300742655],[9.25319424891083,42.7198600740808],[9.27388724780604,42.6963840740419],[9.28888824797319,42.6749950739639],[9.31479024841762,42.6935390743005],[9.34201224771357,42.7381900740081],[9.33631824843742,42.7977030738661],[9.31256724777113,42.8293000750469],[9.34680324878803,43.0004120751799],[9.38333324790159,43.0086060739006],[9.42124924778557,43.0104140742872],[9.45958224831936,42.9880480737345],[9.4884012482729,42.8070070738598],[9.46749924914033,42.7655520741878],[9.45500024927889,42.7186050736709],[9.44749824766131,42.6830520740285],[9.45013824805931,42.639854074023],[9.47597124890675,42.57916607429],[9.50833124781016,42.5704460739373],[9.49597024893933,42.6022180742792],[9.48027724866099,42.6151350741334],[9.4615272491315,42.637077074324],[9.48583224802,42.6152730738293],[9.50027624779525,42.5986100739771],[9.5202772492743,42.5724940738228],[9.53277724896064,42.5455510736741],[9.56222124907814,42.2727740736804],[9.55999924825658,42.1922150738304],[9.55256824768243,42.1183320726954],[9.44805524805322,41.9994430733258]]]},"properties":{"OBJECTID":46,"DIOCESE":"ITALIA","PERIOD":"ca. AD303-324","PROV_NAME":"CORSICA","SUBDIVISIO":"","Shape__Area":15988199427.302734,"Shape__Length":718860.49665348162}},{"type":"Feature","id":47,"geometry":{"type":"Polygon","coordinates":[[[25.8951536344449,41.6714430437833],[25.9034223508525,41.6025532673249],[25.9372001517857,41.4691106921129],[26.0447817542046,41.2098592100328],[26.0933949472891,41.1172125842111],[26.1996162335682,40.9423110432789],[26.2242387770282,40.9187643988372],[26.0877389054269,40.7812090650969],[26.0417569110473,40.7411380481809],[26.0366632639604,40.7502710719664],[26.028331263936,40.7922130732058],[26.0419422640331,40.8072130717399],[26.0227772644019,40.8297190728866],[25.911659264204,40.8477710730714],[25.8055492630189,40.8524860722812],[25.7711102643074,40.8513790729917],[25.7486072634209,40.8480530722308],[25.7199932626084,40.84583307309],[25.6822162626417,40.8522190719151],[25.5805552631226,40.8694300718274],[25.5013882642691,40.8866580721322],[25.4194372641793,40.9052660729709],[25.351942262662,40.9388770723014],[25.3063182630927,40.945614072982],[25.2355532627872,40.9383310728008],[25.176388263441,40.9419330719523],[25.1339532633674,40.9682160721348],[25.1636082633722,40.9916570717053],[25.1418042640662,41.010338073258],[25.0745082627405,41.0076220730779],[25.0377002628943,41.0045580721654],[24.8874972626753,40.9155500720904],[24.8586082624015,40.8949970729662],[24.8013442625882,40.8519670722012],[24.7802772627009,40.8519440729021],[24.626457263364,40.8611750732899],[24.5991632631998,40.8983310732804],[24.5645812616781,40.9506230732753],[24.53595020635,40.9528304161218],[24.5051437961198,40.9711676010093],[24.4622261474138,41.0113512789209],[24.4318605961889,41.016037468119],[24.3844081279612,41.0041771930889],[24.3370102153189,41.0042631389049],[24.3005136398222,40.9859002938428],[24.2897006933074,41.0522062357077],[24.2684532146929,41.0793914959123],[24.2137079202564,41.1236285286868],[24.1741125998989,41.1655404288839],[24.1282746872059,41.2802260510824],[24.1049791144224,41.3364235028155],[24.0804676853766,41.3640493589847],[23.7289495359389,41.5547759918402],[23.512950340033,41.6457323331302],[23.2033175483774,41.6965607732997],[23.1354225647933,41.705989076101],[22.9734762347164,41.7617517180895],[23.1169603486499,41.8449143647573],[23.2019184798145,41.8905968321947],[23.49281051291,42.03903230475],[23.6032346561791,42.0808658239752],[23.8471861314012,42.1272987129811],[23.9321674507783,42.1317189613022],[24.0171998878884,42.1240551898197],[24.150599977973,42.1043404899045],[24.4070890473762,42.0394493879047],[24.7539401749267,41.918923450289],[24.9113784283279,41.86063296608],[25.0165493774274,41.8344014376842],[25.2911053467568,41.7711871187911],[25.8951536344449,41.6714430437833]]]},"properties":{"OBJECTID":47,"DIOCESE":"THRACIA","PERIOD":"ca. AD303-324","PROV_NAME":"RHODOPE","SUBDIVISIO":"","Shape__Area":37159816065.448242,"Shape__Length":946614.91653691255}},{"type":"Feature","id":48,"geometry":{"type":"MultiPolygon","coordinates":[[[[1.44527724079136,38.7411040697931],[1.57541624068045,38.6895790702207],[1.58736124142131,38.6698570699545],[1.57277724100565,38.6548540703365],[1.5563892411415,38.6541600709048],[1.522708241765,38.6556890702449],[1.50527724126208,38.669441069878],[1.4944442407569,38.6755520697467],[1.45986124120702,38.6862490698703],[1.44388924037113,38.6827770710792],[1.39027724073413,38.6433260709289],[1.38638824073138,38.6477740699352],[1.38555524105325,38.6580500707848],[1.38361124096435,38.6830520700662],[1.38305524039734,38.6938860702801],[1.38305524129564,38.7180520709656],[1.39916624115038,38.7377780700437],[1.44527724079136,38.7411040697931]]],[[[1.53166624087993,38.9519420697216],[1.4058332407451,38.8455510712132],[1.37194424095613,38.8308260698842],[1.36805524185171,38.8511050700179],[1.35958324118697,38.8627740712691],[1.34958324125821,38.8697200698181],[1.27388924068425,38.8788830700852],[1.25055524066782,38.8608280699846],[1.22250024079541,38.8741610708057],[1.21194424029968,38.8983310706744],[1.22777724032006,38.9480510708613],[1.24250023975457,38.9680480710875],[1.29416624055115,39.0313870708666],[1.30361124063611,39.038605070841],[1.32916624075089,39.0552750702656],[1.36250024159438,39.0727770697003],[1.47277724081996,39.1052700709445],[1.51972224086227,39.1183320706986],[1.54583324244236,39.1180500710845],[1.60291624070904,39.0938840698797],[1.60916624055223,39.0813830711744],[1.61499924064389,39.0283280711851],[1.53166624087993,38.9519420697216]]],[[[3.24458324257647,39.7354120721935],[3.267916242768,39.7356910712604],[3.29333324279051,39.7458270713247],[3.33111024185899,39.7652010708143],[3.38277824320371,39.7733310719446],[3.43972224155322,39.7502750710937],[3.47999924307424,39.7163850713054],[3.46361024338514,39.6613850712498],[3.44749924173378,39.6402740712616],[3.37458324344671,39.5509680709227],[3.33194424315865,39.5263820708862],[3.32027724315044,39.5205530713435],[3.3055552426425,39.5022200707076],[3.28805524344096,39.4674990712977],[3.2669442431727,39.412773071328],[3.24194424290168,39.3644410708827],[3.08194424314353,39.2730480710823],[3.06027824213319,39.2633320712963],[3.02916624300959,39.2830500712658],[2.98555524222793,39.3186030711758],[2.82972224230688,39.3533330707263],[2.79166624268081,39.3637430709112],[2.74979124337225,39.4007570712168],[2.72777724220734,39.4730530712146],[2.74777724206482,39.4991990721268],[2.73402724205049,39.5256920710315],[2.69444424298538,39.5519410713065],[2.66729124328639,39.5617290712399],[2.54444424315599,39.522495071132],[2.43694424190082,39.5216600712553],[2.38916624218038,39.5249940708786],[2.36416624101107,39.555832071318],[2.38611124168069,39.6127780707447],[2.538611242166,39.7002710706849],[2.68388824159132,39.7938840707651],[2.77777724185104,39.8447190723126],[2.98777824197609,39.9111100722094],[3.0713882417495,39.9219440717422],[3.09180524315511,39.8974950707798],[3.12444424261611,39.8122180711244],[3.13993024320519,39.786941072005],[3.18083324202015,39.7599940712632],[3.24458324257647,39.7354120721935]]],[[[4.27333224316856,39.9613880708788],[4.31555424370509,39.8788830716634],[4.31694424287679,39.8461070722855],[4.31388824434883,39.8319400717836],[4.29340224424453,39.8099250711488],[4.27638824439147,39.8063890706727],[4.25986024388691,39.8097190710064],[4.23833324279372,39.8161090711948],[4.11638824283669,39.8683320707353],[4.10083324265066,39.8777770723116],[4.08958324329228,39.8876340712471],[4.08222124321341,39.8973580717237],[4.04111124291256,39.9155500720655],[4.02861024429961,39.9199980708482],[3.98472224440686,39.9302750712428],[3.96555524332917,39.9336090717841],[3.93833324313493,39.9324950710282],[3.9241662433691,39.9291610713335],[3.91111124294065,39.925827071831],[3.88298524292316,39.9202730708254],[3.82666624294098,39.9224930711697],[3.79694424388742,40.0172190719381],[3.83374924336059,40.0545810723374],[3.86833324273541,40.0580520712817],[3.93749924273357,40.0588840723094],[4.1224992427627,40.0561070713328],[4.17444424321854,40.0502780722769],[4.24138824419173,39.9936060712483],[4.27333224316856,39.9613880708788]]],[[[-0.458160513819742,40.0870423427276],[-0.241741275568495,39.9669323380837],[-0.0651312411540343,39.8685493631253],[-0.0844447601494762,39.8513870706665],[-0.111527761324872,39.8236050717058],[-0.179166760087322,39.7361070718769],[-0.317638760723977,39.5148580710566],[-0.326110761388723,39.4947200713239],[-0.337638760581464,39.4380530711856],[-0.241110760646985,39.143883070853],[-0.194999760107705,39.0536040711509],[-0.18249976131966,39.0291600711041],[-0.143332760384517,38.9783320699802],[-0.0922217603300387,38.929718070346],[-0.0649997610340931,38.9049950707877],[-0.0411147613718323,38.8892100700334],[0.00888924026643616,38.8622130698616],[0.048541239826866,38.8597110712644],[0.0770832397709565,38.8576280697141],[0.147778238857995,38.8283230701129],[0.198472240059272,38.8037410702106],[0.215278240398193,38.7580410710302],[0.207222239660076,38.7322080708617],[0.164166239620481,38.6974870697411],[0.144166238864698,38.6847080702051],[0.0416672396446194,38.6380460697859],[-0.0120837599095549,38.6255530698513],[-0.0527777611821055,38.5933300699664],[-0.145138760381183,38.5369420710243],[-0.294583760366805,38.4840240698329],[-0.319999760564416,38.4715230700816],[-0.379305760375891,38.4362490697589],[-0.511666761086569,38.3249970699002],[-0.600277761098405,38.1852720701773],[-0.656666761400766,38.0469440698176],[-0.750555760762154,37.8897170702994],[-0.759999761022205,37.8594400698089],[-0.761015761896737,37.8459550699262],[-0.801388760982278,37.8013840700244],[-0.841944761264258,37.7488860692325],[-0.858333761851646,37.7155490696998],[-0.809444760822098,37.6609690692881],[-0.78694476120703,37.6477740690128],[-0.721631760328313,37.6393700692356],[-0.702499761207362,37.6244430687239],[-0.723472759586725,37.602219069114],[-0.744166761001789,37.5938870689129],[-0.918333761424072,37.5518000692643],[-0.952499761222486,37.5558320687734],[-0.977916761244999,37.5748600688833],[-1.04833376139601,37.579162070167],[-1.23861176167303,37.5752720691263],[-1.32749976169429,37.5580520687106],[-1.35083376171072,37.5494380688066],[-1.44833376213883,37.4909670691053],[-1.46736076167778,37.4723590689898],[-1.48472276168538,37.4386060690944],[-1.50944476122374,37.4219440701432],[-1.56777776161501,37.3997190690983],[-1.63341576218372,37.3768610689284],[-1.64361176193105,37.372772069078],[-1.68402776157262,37.3459700688628],[-1.79458376225408,37.2274930687513],[-1.81326376236172,37.1904140693458],[-1.82361176244499,37.1508330689937],[-1.82666676204638,37.124996069068],[-1.84666676190386,37.0819400692877],[-1.90222276162977,36.9722210689626],[-1.93208376239713,36.9393040688495],[-1.99263876181333,36.8899960677585],[-2.0587497622101,36.8080520689668],[-2.06152776180203,36.7797850677373],[-2.12291676161959,36.7334670683351],[-2.19208376234098,36.7204130678481],[-2.21722276163085,36.7455520687085],[-2.23111176156232,36.7644420688436],[-2.29131976244551,36.8256190678524],[-2.34708376168558,36.8405490693155],[-2.48194476305217,36.8299940678871],[-2.55791676166386,36.8130530691256],[-2.56647915260911,36.8044491057593],[-2.64509528566577,36.8354281310562],[-2.73028958661357,36.9030917587898],[-2.78736469228215,36.9489247449508],[-2.84456892717958,36.9688614640359],[-2.91884001520814,36.9862831078238],[-3.02101538556733,36.9972033243492],[-3.12270560818092,37.0057327249136],[-3.20205264468868,37.0316052859547],[-3.2683391956549,37.0640850172386],[-3.37061173408343,37.1617853638435],[-3.41299378475919,37.2166634882163],[-3.44907094134139,37.2819300561894],[-3.47175830976179,37.3775436561955],[-3.48175545574287,37.4444446941575],[-3.49203063389767,37.5372876710731],[-3.54235222861643,37.7847390199592],[-3.56840298827527,37.8682437352627],[-3.59300026931284,37.9330809112966],[-3.67043666287312,38.0182915120326],[-3.80681237921732,38.2081260559283],[-3.86896942961963,38.2530531928587],[-3.95263155862896,38.2993729293086],[-4.05846363094665,38.3374453297916],[-4.21833687931651,38.3740299021869],[-4.46041928831751,38.4589624141713],[-4.69253574443733,38.5830596902221],[-4.96455085234179,38.6930549093394],[-5.11228170596686,38.7446818358692],[-5.29835134437785,38.801569865156],[-5.39133473144006,38.8072548508759],[-5.51845792791858,38.8475532547629],[-5.43480890982082,38.897642241286],[-5.39451439205006,38.928354687289],[-5.36786492232235,38.9972938093335],[-5.32770490390921,39.0398780041489],[-5.31001151269834,39.0643402181555],[-5.28392684073921,39.0806644293039],[-5.23900788032746,39.095369079906],[-5.22229771316136,39.1124857240017],[-5.20998234421536,39.1455665292767],[-5.17734358190962,39.193971026298],[-5.15241331695578,39.2148286982543],[-5.105044613035,39.2322455609525],[-5.06726499358085,39.2623650880693],[-5.03042578087176,39.318558766275],[-5.00448765827145,39.358625644811],[-4.97862871318027,39.3652597493274],[-4.95802978855657,39.3686384099901],[-4.91418820012296,39.3543395986599],[-4.84191984762985,39.4281492818579],[-4.8052286826695,39.4746619188939],[-4.74261080730619,39.5969289249967],[-4.67880664013485,39.7503860689824],[-4.65926520867035,39.8275251362975],[-4.62984699559139,39.868030113308],[-4.56170951538958,39.9146574250189],[-4.47096407873683,39.9934319040552],[-4.39488629272065,40.0698121140711],[-4.2929584711043,40.190717989782],[-4.28044534343838,40.2260881018015],[-4.28951635959921,40.2724639951544],[-4.3051810350983,40.3082715073189],[-4.38574155541771,40.3531567128876],[-4.49222633194274,40.3891675799092],[-4.61562896073762,40.4176365287316],[-4.76405363086737,40.4683147997405],[-4.91670843982221,40.5444797097414],[-5.1348333766771,40.7177454707452],[-5.26704397605301,40.861718813831],[-5.3737698801632,40.9474345338509],[-5.48584907591853,41.0394304551623],[-5.66194289884486,41.1639816686898],[-5.76752504368082,41.2521327049666],[-5.79153406564951,41.2793817151261],[-5.83971960586151,41.3771961672425],[-5.85541861227581,41.4299427386794],[-5.84164629092333,41.4804415561242],[-5.78984203760789,41.532512546746],[-5.77696968982955,41.5539436190884],[-5.77734621329099,41.5876079740986],[-5.77160604330416,41.6222994893174],[-5.73151506670881,41.7036928498577],[-5.60354006072844,41.8478081729451],[-5.26412578178456,42.2234952258624],[-5.20374929737822,42.3174923681196],[-5.09450601560124,42.2649695830115],[-5.05312406741614,42.2450178218454],[-4.93080689184366,42.2136917947039],[-4.87597880777225,42.2030085289805],[-4.8304739490642,42.1908484833079],[-4.77620461260792,42.1704057691671],[-4.74624678962263,42.155801919212],[-4.6835026596394,42.1510627471595],[-4.62057673220224,42.1222651539016],[-4.5677302148666,42.10632167582],[-4.4833071355565,42.0927616920882],[-4.22847002035015,42.0927408926969],[-4.02758688712122,42.0889206637102],[-3.93408410224656,42.0642432052886],[-3.85987251862243,42.0390829488396],[-3.74823403095562,41.9809228698907],[-3.7112736292265,41.9622794250744],[-3.64206553776742,41.9554478049893],[-3.43714192701931,41.9702251909522],[-3.27515245535087,41.9642081579338],[-2.92900719700112,41.9256749310798],[-2.88588174191874,41.9195597132836],[-2.85404763564728,41.9071208710959],[-2.82390499507202,41.9016193379881],[-2.76443240538605,41.9072202779965],[-2.73994513293649,41.8985450878491],[-2.70704941473024,41.8814243919224],[-2.66432447441559,41.8632139580643],[-2.62437811759782,41.8565715213155],[-2.59793612097151,41.852906141218],[-2.56821268641012,41.835329787967],[-2.54160529377032,41.8173368473209],[-2.50371748571491,41.8056013462541],[-2.48024333144616,41.7871856119427],[-2.45183274065508,41.6929929197332],[-2.4313679003673,41.6598594858613],[-2.39763963972541,41.6380106692479],[-2.36756195093848,41.618067493247],[-2.35322087384025,41.5698167353003],[-2.3214134816687,41.4594327939087],[-2.27553948095589,41.369996381292],[-2.22060883263524,41.2817559721465],[-2.15740945533063,41.2398697119907],[-2.0441238176572,41.1710251289793],[-1.94084188725965,41.1174937408761],[-1.87396988805311,41.0711991621122],[-1.779254520377,40.9831637120474],[-1.62525093234554,40.8073635260129],[-1.52521714382705,40.734167958281],[-1.37243587094483,40.6459699669817],[-1.26856772784062,40.611057535122],[-1.10089604189426,40.5219690922618],[-0.81221649286832,40.3045977988288],[-0.458160513819742,40.0870423427276]]]]},"properties":{"OBJECTID":48,"DIOCESE":"HISPANIAE","PERIOD":"ca. AD303-324","PROV_NAME":"CARTBAGINIENSIS","SUBDIVISIO":"","Shape__Area":306153581629.78748,"Shape__Length":3278471.807362515}},{"type":"Feature","id":49,"geometry":{"type":"Polygon","coordinates":[[[35.0557946680421,39.9763421207816],[34.9223854753287,39.9264596659098],[34.8073812859565,39.8738500467214],[34.6452802632927,39.774557997856],[34.4032161448893,39.6251568439788],[33.9404545661855,39.3496591341589],[33.7986320507616,39.2592616467249],[33.6656337052383,39.1516572677048],[33.4474868836265,38.948384424869],[33.3508218951028,38.855794947211],[33.2062963139548,38.6284010069764],[33.0071324762296,38.2611590850146],[32.9052335381446,38.0845386817333],[32.8682449616549,38.0403517816529],[32.8094415997876,38.0067360646831],[32.8146565904048,38.0714121541486],[32.79668310359,38.1249971251132],[32.7655063251546,38.199123344179],[32.720390019248,38.2548149907442],[32.6461407953152,38.3228501396635],[32.5157068973829,38.3831271437289],[32.3796521068689,38.4225847600452],[32.2980821757159,38.4358622227041],[32.1585387086258,38.4440554278727],[31.8541341253985,38.3733567677294],[31.6200908216218,38.2822442047769],[31.6628887985623,38.3594521220963],[31.6772413848759,38.4192858839076],[31.6808815281888,38.4598245438306],[31.6541028169428,38.5175517076685],[31.5863263687554,38.5974325460756],[31.3217704972711,38.8586052472402],[31.2015595772908,38.9822634107442],[31.1235334460347,39.1030663629771],[31.0795827823626,39.1914044747942],[31.0482192702308,39.320650471695],[31.0476079972227,39.464681110166],[31.0609546671492,39.6445824040174],[31.0465025861296,39.826191855316],[31.0022045044113,39.9805917809926],[31.1955275177187,40.0236481429516],[31.4335980335928,40.0778613457903],[31.7174323772001,40.1329111497718],[32.3642949336748,40.295176963784],[32.6806747800882,40.4038874552625],[32.8237642596258,40.4666998729044],[32.9399404387284,40.5411160591056],[33.1896253753188,40.5346102430775],[33.6131584319652,40.5318953120567],[33.7569542136916,40.5340092070345],[33.8297607262102,40.529788353675],[33.999208093114,40.4950169179363],[34.0933750069698,40.4948393319662],[34.1372588764089,40.5054966410092],[34.2088446476266,40.5410236773379],[34.2654038068101,40.5507349200992],[34.4502634558559,40.4786406643162],[34.521159522158,40.4420426567222],[34.6012554059647,40.3904282819677],[34.8142116468806,40.1927508630161],[34.884027535766,40.1411122562806],[34.9466405278874,40.1088175527552],[34.9972229241944,40.0648787698126],[35.0557946680421,39.9763421207816]]]},"properties":{"OBJECTID":49,"DIOCESE":"PONTICA","PERIOD":"ca. AD303-324","PROV_NAME":"GALATIA","SUBDIVISIO":"","Shape__Area":91320389842.87207,"Shape__Length":1332135.963971372}},{"type":"Feature","id":50,"geometry":{"type":"Polygon","coordinates":[[[20.4831776847993,42.0941866328013],[20.4329779348707,42.0663481740475],[20.3296083082402,42.0109357750272],[20.2255674810906,41.9674068371841],[20.1684793992578,41.952091878667],[19.9427804132045,41.8688736309291],[19.7461011628417,41.801256339205],[19.6277906656758,41.7610285387652],[19.5943906197943,41.7564507897499],[19.5991652580559,41.779720072676],[19.5977062583889,41.8061060731433],[19.5247572577949,41.835243072992],[19.4794422580221,41.8522180727573],[19.4404142579025,41.8609690727334],[19.4162482580328,41.861244072942],[19.3677712567319,41.8489990730224],[19.2994422584065,41.8947220741746],[19.2788882576318,41.9033280730237],[19.2323592566178,41.9117320731842],[19.176109257131,41.9315220730832],[19.1527762578378,41.948887072985],[19.1379832580831,41.9827730741407],[19.1459692567044,42.0195810732569],[19.1386112568235,42.0433270742049],[19.0786092567029,42.1116640742866],[19.0500682583803,42.1370090739799],[19.0049972572084,42.1574940742551],[18.9644432565762,42.1899950732133],[18.8793712567628,42.2794380731096],[18.8473592571156,42.2869380740422],[18.8108332582,42.2847210737494],[18.6470812560115,42.3743020741691],[18.620067257128,42.3650660740054],[18.5772212571508,42.38721507378],[18.5535392569798,42.4272190730115],[18.5858312570094,42.4297180742194],[18.6256212566621,42.4189530739947],[18.7034702572122,42.3990210740946],[18.7076362572244,42.4198570738696],[18.6786102566833,42.4605520738476],[18.6297707537242,42.4586734623192],[18.6813708568065,42.6063250229539],[18.6934852169279,42.6408722371177],[18.7104754302905,42.7438944683213],[18.7313277570795,42.7919304043035],[18.7697504040888,42.8288793301513],[18.8305146597622,42.8637935900868],[19.063853609796,42.9422221842154],[19.2259373901962,42.9983854769296],[19.5994749756063,43.1075653997104],[19.8694115678945,43.1592721320334],[20.0404623638002,43.1680467118974],[20.1805378096083,43.1678395802299],[20.1853413700288,43.1172460187562],[20.1994730983433,43.0561410569398],[20.2367532751607,42.9806836301221],[20.2512282335756,42.905242005692],[20.2493088940378,42.7957866691091],[20.2551609887192,42.7594162868724],[20.2858804752676,42.7180258919768],[20.4458378661352,42.5793370060684],[20.558559586389,42.4336197002445],[20.5903558502309,42.3515035886926],[20.5857979547861,42.2805425602559],[20.5704563628705,42.2036407332716],[20.533355444868,42.1458160152633],[20.4831776847993,42.0941866328013]]]},"properties":{"OBJECTID":50,"DIOCESE":"MOESIAE","PERIOD":"ca. AD303-324","PROV_NAME":"PRAEVALITANA","SUBDIVISIO":"","Shape__Area":31011159403.152344,"Shape__Length":719762.68836242333}},{"type":"Feature","id":51,"geometry":{"type":"Polygon","coordinates":[[[39.0511168953593,37.9381836220123],[39.0276542341363,37.9183455161371],[38.9857349353078,37.8996997337664],[38.959970337576,37.8932590609424],[38.9457907640911,37.872807953088],[38.9339147629472,37.8566272462985],[38.9016401219621,37.8498548218775],[38.881699330065,37.8363939881541],[38.8648694399294,37.8168422681729],[38.8334417081363,37.7996838188118],[38.5167296557476,37.8551926476788],[37.9226897591512,37.8893469751],[37.4471841489225,37.9117988180839],[37.1864171269649,37.9267959988639],[36.8968604970315,37.9150289648671],[36.8032164951976,37.9166690541237],[36.4075301855845,37.8789182472933],[35.9105375286315,37.8029628928096],[35.4661286856925,37.7340137691068],[35.2390776983058,37.6940821527532],[34.9234470890601,37.6150365892053],[34.4706424432537,37.4608113813563],[33.6277168699212,37.1968523407908],[33.4983474648208,37.1513474930556],[33.4075187408665,37.0953050308958],[33.1782948931992,37.2546263480937],[33.003830542333,37.4230857160421],[32.8984828407182,37.5680522241153],[32.8184485220512,37.7160052971172],[32.7830967146367,37.7569767468931],[32.7058801927254,37.8234489562159],[32.7352625109222,37.8573533657415],[32.7728956699508,37.9111129218616],[32.7930031963511,37.9596638081958],[32.8094415997876,38.0067360646831],[32.8682449616549,38.0403517816529],[32.9052335381446,38.0845386817333],[33.0071324762296,38.2611590850146],[33.2062963139548,38.6284010069764],[33.3508218951028,38.855794947211],[33.4474868836265,38.948384424869],[33.6656337052383,39.1516572677048],[33.7986320507616,39.2592616467249],[33.9404545661855,39.3496591341589],[34.4032161448893,39.6251568439788],[34.6452802632927,39.774557997856],[34.8073812859565,39.8738500467214],[34.9223854753287,39.9264596659098],[35.0557946680421,39.9763421207816],[35.1333773073306,39.8873841018288],[35.2346034414038,39.821523786854],[35.4085911587566,39.7597257749101],[35.6193844954202,39.694407335906],[35.6884689247973,39.676999331804],[35.7812199949506,39.6751377472242],[36.5127733538429,39.6624675970823],[36.7340059711007,39.6637635880158],[36.8877960574369,39.6724673368147],[36.9809974674152,39.6767907476969],[37.129536705083,39.6112991391942],[37.320308678155,39.5525494600054],[37.4939606043563,39.5238122453289],[37.8687327866821,39.4691231518789],[38.2404171269998,39.4237992058383],[38.2428695187424,39.3674031022444],[38.2503251717829,39.344785611188],[38.2596033187869,39.331688376853],[38.3123430659612,39.3146811667035],[38.3437926268157,39.2944073480564],[38.3731394921015,39.2823845501647],[38.3971553807923,39.2543743123068],[38.4253134111396,39.2401823017692],[38.4696127864318,39.2257875097165],[38.4882790045864,39.2121248392329],[38.4979302156398,39.1938043701271],[38.5145241866222,39.1883966196792],[38.5514514009914,39.1965902801507],[38.5790994577519,39.1875594991771],[38.596565270667,39.1717263869979],[38.6157765631798,39.1350682948604],[38.6146424652864,39.0848282189931],[38.6179925578654,39.060957916125],[38.6351207093365,39.0325670009054],[38.6481729896663,39.0206903202116],[38.6542591700393,38.9959190551279],[38.6377422170161,38.9532830686997],[38.6368790608939,38.9156276447107],[38.6415121498195,38.8761678667499],[38.6312527847087,38.8390867959559],[38.5976150562811,38.7945419058903],[38.5622668816536,38.7707824732058],[38.5100417101354,38.7576109796632],[38.4852807317986,38.7354227662256],[38.4662747034299,38.7239743636628],[38.3821003289944,38.7111170640039],[38.3475769209856,38.6946281520732],[38.3085151262449,38.6695248992166],[38.2756997533576,38.6196951530239],[38.2518277038085,38.5745318006671],[38.2553655478751,38.5204579142766],[38.2757114628974,38.4861074461001],[38.3001121458384,38.4655438570353],[38.3383717701831,38.4530375692202],[38.429417432787,38.4433644700222],[38.4567170797612,38.434394816009],[38.4853434683414,38.4098442052135],[38.5119173708891,38.3935225647292],[38.5555329252309,38.379130713183],[38.5816356659037,38.3679808150179],[38.6078850260038,38.3391090130538],[38.6432705364111,38.3273822989064],[38.6813606280005,38.3147390933457],[38.6938123046128,38.3080767263369],[38.7072337314389,38.273322452064],[38.7252270602417,38.2471393787852],[38.7679439821941,38.2253239437957],[38.800511463182,38.2144473092595],[38.8296156333225,38.1971384222652],[38.8853994269399,38.1759206011176],[38.8993550171868,38.1661856509398],[38.9110006498676,38.1521702592784],[38.9332815512832,38.0689035298409],[38.936840209315,38.0399256541877],[38.9534556913552,38.0292758648334],[38.9696670833328,38.023809887753],[39.0329354503529,38.0049679920405],[39.0518319004266,37.9985746473389],[39.0661043668983,37.9836346749855],[39.0511168953593,37.9381836220123]]]},"properties":{"OBJECTID":51,"DIOCESE":"PONTICA","PERIOD":"ca. AD303-324","PROV_NAME":"CAPPADOCIA","SUBDIVISIO":"","Shape__Area":165082128421.58203,"Shape__Length":1890534.5623791881}},{"type":"Feature","id":52,"geometry":{"type":"Polygon","coordinates":[[[28.0130542664001,41.9822160738458],[28.0283322656784,41.9374850728819],[28.0324932656677,41.9091570738037],[27.9877392655865,41.8905070732025],[27.9654822656457,41.8636090730131],[27.9676342661471,41.828468074324],[28.076664266316,41.647774072699],[28.0905492660495,41.631386072887],[28.1322172647706,41.5941620732743],[28.1972202660279,41.5379070728778],[28.216942266051,41.5235980726856],[28.2427752660002,41.5088810729776],[28.2607862655629,41.5020750728],[28.2929112660863,41.4858250727878],[28.3319432673022,41.4694370733194],[28.4580532656499,41.4194330729474],[28.7924992663879,41.2972110730249],[28.8349952665608,41.2822190730174],[28.9380492674213,41.2561030731432],[29.0288852668311,41.2438770728877],[29.0484672671122,41.2555500732759],[29.0888822669288,41.24624307188],[29.1073912664339,41.2215540730167],[29.0710122669331,41.1743620721858],[29.039215267371,41.1545330730202],[29.0683932655531,41.1231080718529],[29.0555492668085,41.0824970729305],[29.03624726691,41.0545770728967],[28.9024922659313,40.9777760728412],[28.8271832662201,40.9559740719269],[28.6277732658526,40.960541072014],[28.5991632661364,40.9782680728218],[28.5983292666334,41.0069430731654],[28.5827772668204,41.0447200729024],[28.5622172661979,41.0717280731763],[28.527078266081,41.0797160726831],[28.5532592661847,41.0588760733013],[28.5677762666532,41.0212400727289],[28.5418832664296,40.9908940719242],[28.5193002669739,40.9902650732753],[28.4680532655786,41.0201300717496],[28.4480532666195,41.0337450730661],[28.4234692662751,41.0436060719917],[28.376106265758,41.0544360728312],[28.2427752660002,41.079163071871],[28.2130542649749,41.0802690729054],[28.1579112657008,41.0774920718723],[28.1319422662076,41.0716630720448],[28.1172272662707,41.0652690727546],[28.0765262662238,41.059711072816],[27.9969422658222,41.0277710727891],[27.9795112653192,41.0011750730555],[27.9420772663825,40.9687420720959],[27.8880542659434,40.9680400729268],[27.8552742651188,40.976936071936],[27.8280522658228,40.9938890717095],[27.7765232652936,41.0099910726884],[27.7319412656399,41.0124930727402],[27.6861072660083,41.0072100720259],[27.50534226469,40.9813080723275],[27.4851362649682,40.9641650716984],[27.4605482653242,40.9136050717071],[27.4524952649591,40.8924870720865],[27.4455532650048,40.8523560729321],[27.2915272658036,40.7002680733091],[27.1766622649948,40.6316530722873],[27.1373822649801,40.6179430718128],[27.0202812649027,40.5922160719168],[26.9705502648725,40.5547100720843],[26.8783262641442,40.5327760720702],[26.7254102637322,40.4780500717225],[26.6799262648034,40.4482570722707],[26.6849272641435,40.4272770721543],[26.6149982647875,40.3561100720263],[26.5816612653676,40.3263820720844],[26.5508302646547,40.3063890721103],[26.4402732641484,40.2374880716797],[26.3475002652206,40.1383290722735],[26.3219372638116,40.1085970706915],[26.217912264079,40.0529060721518],[26.1644062638489,40.0519710710089],[26.2433302639265,40.1717990722045],[26.2598572637078,40.1969370716681],[26.2676372642614,40.2184680709928],[26.2670092637244,40.2590180716609],[26.2316662642913,40.301659071695],[26.2115932637406,40.3221470719634],[26.2419392640315,40.3402710723084],[26.4180522650908,40.4263840717692],[26.5431552636831,40.4829860719896],[26.6047192643011,40.5076330717828],[26.6249922639701,40.5102770719718],[26.646663264105,40.5083240721188],[26.682914265356,40.5098530720871],[26.7772212651921,40.5558320720821],[26.7974962654092,40.5677720719885],[26.825828265291,40.5915870717607],[26.7929132638488,40.6506880718692],[26.773744264918,40.6599920721262],[26.7638912653023,40.6599880719997],[26.6919422638928,40.6391600717203],[26.6711042643343,40.6369320721676],[26.636944265282,40.6361010722168],[26.5802722651224,40.6316530722873],[26.438049263677,40.6166530717516],[26.3527732654456,40.6074980720469],[26.314857263765,40.5941580727676],[26.2888832651472,40.5922090717503],[26.1486052636156,40.5922090717503],[26.1186082633041,40.5951270722036],[26.0761052643568,40.6136700721942],[26.0573582634037,40.6535990718482],[26.0447192638002,40.7358250720384],[26.0417569110473,40.7411380481809],[26.0877389054269,40.7812090650969],[26.2242387770282,40.9187643988372],[26.3356129911182,41.0341968447887],[26.4452627120523,41.1113494253033],[26.6417960239107,41.2816145622808],[26.7487308536981,41.3977663021252],[26.8130803036368,41.4490614549618],[27.0345794366663,41.5686807170471],[27.5094393935643,41.8447667257098],[27.7624925058204,41.9891203731201],[27.8598621202766,42.0266032428623],[28.0005532659906,42.0370750738131],[28.0218012656278,41.9941630737381],[28.0130542664001,41.9822160738458]]]},"properties":{"OBJECTID":52,"DIOCESE":"THRACIA","PERIOD":"ca. AD303-324","PROV_NAME":"EUROPA","SUBDIVISIO":"","Shape__Area":33692122989.966797,"Shape__Length":1189780.2316097268}},{"type":"Feature","id":53,"geometry":{"type":"Polygon","coordinates":[[[22.0110555289034,42.1555551181951],[21.9729903943093,42.1149485132263],[21.9209633246674,42.0832447242896],[21.6656563986523,41.9858833510584],[21.5283754913188,41.9572412883234],[21.3709429206601,41.9379783217412],[21.2885066210094,41.9406109712739],[21.2137620408761,41.9494176210231],[21.0829628618982,41.9956527578436],[20.9128187787279,42.0223678232373],[20.8378996262905,42.0308845897099],[20.7392129271175,42.032487404951],[20.6338079336489,42.03235311794],[20.5727181743305,42.0462611142032],[20.4831776847993,42.0941866328013],[20.533355444868,42.1458160152633],[20.5704563628705,42.2036407332716],[20.5857979547861,42.2805425602559],[20.5903558502309,42.3515035886926],[20.558559586389,42.4336197002445],[20.4458378661352,42.5793370060684],[20.2858804752676,42.7180258919768],[20.2551609887192,42.7594162868724],[20.2493088940378,42.7957866691091],[20.2512282335756,42.905242005692],[20.2367532751607,42.9806836301221],[20.1994730983433,43.0561410569398],[20.1853413700288,43.1172460187562],[20.1805378096083,43.1678395802299],[20.3471477488726,43.1121275817605],[20.4600758606562,43.0905210498012],[20.5397512592481,43.0819290850156],[20.7302415269352,43.089764986969],[20.8801380722849,43.0898412840071],[20.9793330831613,43.0810874862809],[21.2542895223427,43.0711684130341],[21.402917691427,43.0873238330734],[21.7797938619973,42.5879875682567],[21.9723208583684,42.3109041229655],[22.0045728663,42.268644920215],[22.0148575549187,42.2147956351766],[22.0110555289034,42.1555551181951]]]},"properties":{"OBJECTID":53,"DIOCESE":"MOESIAE","PERIOD":"ca. AD303-324","PROV_NAME":"DARDANIA","SUBDIVISIO":"","Shape__Area":24918620358.53418,"Shape__Length":658527.08048336313}},{"type":"Feature","id":54,"geometry":{"type":"Polygon","coordinates":[[[32.9399404387284,40.5411160591056],[32.8237642596258,40.4666998729044],[32.6806747800882,40.4038874552625],[32.3642949336748,40.295176963784],[31.7174323772001,40.1329111497718],[31.4335980335928,40.0778613457903],[31.1955275177187,40.0236481429516],[31.0022045044113,39.9805917809926],[30.9666736097601,40.003463734306],[30.8844824828083,40.0126309731452],[30.7725393710388,40.018761702788],[30.5927408455751,40.0547825860061],[30.5454814756075,40.0557114936814],[30.4834574800718,40.0428694849394],[30.2656336827547,39.9698099081597],[29.9466497622664,39.8602726298549],[29.8416877846582,39.8322006749712],[29.5948394034432,39.8031788542473],[29.4106928694093,39.7723184752917],[29.3993240427017,39.7844500672699],[29.3650766797931,39.7941785272112],[29.3143814182555,39.8195134743405],[29.2841171907065,39.8404858079284],[29.273284821717,39.8718849948898],[29.2501551938176,39.886478907304],[29.2296581498252,39.8908092966759],[29.1282005800904,39.8709563061974],[29.084806067004,39.8727879959594],[29.0496538338046,39.8801459893443],[29.0126018227812,39.900001219232],[28.977029782595,39.9510323047065],[28.9377584189834,39.9737323687227],[28.8937120919201,39.9828615953056],[28.8133938238766,39.9873374133402],[28.7847974722646,39.9956475170545],[28.7281615879727,40.0411824277523],[28.6914777020611,40.053534449843],[28.6502716287372,40.0619493897155],[28.6022100084237,40.0596342250687],[28.5254560901376,40.019550388318],[28.5015991367768,40.0050240870315],[28.4823964097003,40.004070848169],[28.4257050921689,40.0130962761028],[28.3503078419642,40.0596993798425],[28.3476188905697,40.0795878959402],[28.3568546739233,40.1067637220467],[28.3771298367354,40.1293100981892],[28.4263022328809,40.1533081210285],[28.4554803532339,40.1740594312621],[28.4595046619763,40.1950343290606],[28.4413028261113,40.2156415741012],[28.4192143564059,40.2249230242878],[28.4076736882728,40.2466042123398],[28.3885257701067,40.2552845550587],[28.3589525805732,40.2612057588873],[28.3258953731266,40.284753711889],[28.289730955096,40.2992242482409],[28.2906199108332,40.311147203911],[28.3003942773188,40.3213024551523],[28.3405606046002,40.3278155341885],[28.3578177056371,40.3413139848757],[28.3655545502261,40.3639793566752],[28.383343868933,40.3994450627488],[28.4833302668286,40.3963780708045],[28.5091632658795,40.3952640716627],[28.6744382664107,40.3636020717167],[28.7551342661497,40.3915180717695],[28.7913852674006,40.3948590723397],[28.8297192659627,40.3919300719117],[28.8839552659388,40.3794290722766],[28.9166602673187,40.3624950721084],[28.9372212668677,40.3594440717025],[28.982216266075,40.3570750721223],[29.055761267419,40.3667980720406],[29.1416952663246,40.4379080720096],[29.0799962659873,40.47763107225],[29.0265232662675,40.4800610716711],[28.9753422667911,40.4629750718459],[28.9148562669718,40.4688800718523],[28.8919372670571,40.4769440722981],[28.7767292661167,40.5270770721825],[28.8058302661025,40.5581170716825],[28.8524932670108,40.5755540730632],[28.8941612666302,40.5886080717373],[28.9098392668399,40.5931170722303],[28.9552722657151,40.6247180719085],[28.9804112668016,40.6395720716845],[29.0013882671755,40.6438830721694],[29.1547162664178,40.6574940718183],[29.2516592673523,40.6624910719025],[29.3922882667166,40.7022090722659],[29.4239962665902,40.6857990723384],[29.4794422667112,40.7202760716949],[29.5106882666275,40.7315210718085],[29.5358272668156,40.7063830721945],[29.5540232672246,40.6861720719061],[29.7014922673342,40.7050090717435],[29.9015272669674,40.7129100718943],[29.9339542667163,40.722210072857],[29.9374962672878,40.7522160721689],[29.9169422683097,40.7616580721797],[29.726108268364,40.7722170717703],[29.5916592667261,40.775551072706],[29.5622212673546,40.7711110720422],[29.5180552667292,40.769157072064],[29.4124942673367,40.7697220717898],[29.3366602670207,40.8070760719327],[29.2902752677433,40.8480530729104],[29.2549932666129,40.8683320727173],[29.1494402667181,40.9030460721941],[29.1294402668606,40.9144440721565],[29.0433272669565,40.9730530716911],[29.0255542661469,41.0344310722576],[29.0418322673045,41.0512850729887],[29.0882202669549,41.1186220728564],[29.0882202660566,41.1395680720491],[29.0745792667206,41.1594310717026],[29.0873562664163,41.1752700722884],[29.1334682667805,41.2127650728923],[29.1599992666886,41.2245750718786],[29.2197872683455,41.236870073305],[29.290275266845,41.2280430730263],[29.4711032670142,41.1955410728365],[29.5796012669056,41.172997073221],[29.6216272667252,41.175754072732],[29.7547192670068,41.1630480729152],[29.8622052671199,41.1472240729485],[29.8747192679483,41.1454090728054],[29.9844402684035,41.1395720730446],[30.1586052673793,41.1406900718027],[30.194999267847,41.1513750717221],[30.2616612678896,41.1922150719919],[30.2847172680717,41.2080540728184],[30.3268032681658,41.203049072873],[30.3551332666012,41.18603507331],[30.3769412679017,41.1749880732674],[30.4250482684085,41.1649630727634],[30.4934652683941,41.1472210728902],[30.5169372676044,41.1433260730957],[30.6061092682062,41.1338810731695],[30.7572192677231,41.0864520718981],[30.879718267699,41.076935071913],[30.9336052685939,41.0747150720221],[30.9547352691288,41.0745700729243],[30.9802702682538,41.0749970722613],[31.073330268135,41.0783310726859],[31.2334692687086,41.0892980728269],[31.2988812693215,41.1138840719456],[31.3372192689799,41.1372150729734],[31.3405422692682,41.1426310732372],[31.3755492691406,41.1705470733205],[31.4099962691464,41.2100600728603],[31.4215242692374,41.2790220732083],[31.5524942691548,41.362766072699],[31.6147172693738,41.3794400731618],[31.747776269145,41.4330480731317],[31.7978932689646,41.4577830730782],[31.9922222687277,41.5424960728473],[31.9925989413095,41.5426450077525],[32.0269605932785,41.4457306347655],[32.0518187881937,41.3880361371966],[32.0951111538491,41.3431802548103],[32.1372511579631,41.3035005162314],[32.1779938667887,41.2838532929634],[32.2254615030701,41.272427076956],[32.2943847926515,41.2730549182356],[32.3338794936124,41.2659628698565],[32.3684930574415,41.2551007572676],[32.3923989222729,41.2344875460939],[32.4151362091753,41.226488794934],[32.4506643118626,41.2178340732646],[32.5184793274201,41.2234913110792],[32.548070431157,41.2162481361136],[32.585568008358,41.2045850441302],[32.62696728235,41.1944132367673],[32.6623779141442,41.1931070709459],[32.6909678356155,41.1835868996912],[32.7255124923741,41.1651712492169],[32.7678234063609,41.1571718082771],[32.8227730639312,41.1707311150799],[32.9133238931541,41.1383022960767],[32.9742932512749,41.1131723761444],[33.0381773199975,41.072415955271],[33.0823842846982,41.0019218709033],[33.0922004506923,40.9722364890424],[33.0873770914029,40.8720496140484],[33.0270970627019,40.6969432861336],[32.9892976623452,40.6175561620322],[32.9399404387284,40.5411160591056]]]},"properties":{"OBJECTID":54,"DIOCESE":"PONTICA","PERIOD":"ca. AD303-324","PROV_NAME":"BITHYNIA","SUBDIVISIO":"","Shape__Area":76623154920.5039,"Shape__Length":1654040.0757455141}},{"type":"Feature","id":55,"geometry":{"type":"Polygon","coordinates":[[[12.9097543831636,43.9208375977978],[13.0559712512431,43.8358270751436],[13.1255552508176,43.7866590748427],[13.1711822516582,43.7540590747169],[13.1933322505707,43.7358320747838],[13.2952772515685,43.6754150751247],[13.3566662522844,43.6491620750396],[13.426109252292,43.6227720751934],[13.4804152516899,43.6109660751226],[13.5064002528733,43.6306610753193],[13.5520822521689,43.6016650748544],[13.5994432521378,43.5700000751718],[13.6215262520014,43.5370440747196],[13.6295812520163,43.489025074874],[13.7116662528987,43.3505550747013],[13.848055252631,43.0783310737319],[13.8624992524063,43.0063860737035],[13.8736102527458,42.9644390751984],[13.8824992531621,42.9422150742041],[13.897499252606,42.9133300740014],[13.9055542526209,42.901382074016],[13.9236102523895,42.8447190752652],[13.9397222529674,42.8036040747953],[13.9872212530286,42.7111090741898],[14.0166662529711,42.6699980739163],[14.0583322529406,42.6197200738878],[14.0749992533623,42.6002730741725],[14.1305542532633,42.541107073689],[14.1999992520224,42.4824980742727],[14.5041652525917,42.2613830728416],[14.5658322531419,42.2188870737934],[14.6047212533444,42.2049940727584],[14.6288872541124,42.1988830741886],[14.6613882525828,42.1891630742868],[14.7162492536212,42.168053072778],[14.71499825257,42.141937073766],[14.7216652539613,42.104027073682],[14.7365262525897,42.0879100743171],[14.7547202542472,42.0777740727634],[14.7621822538852,42.074783072815],[14.8312492532508,42.0427740730163],[14.8940262543869,42.0205500739598],[14.9397222530279,42.0158310731676],[14.9963862536898,42.0044400732824],[15.0259712542727,41.984859073174],[15.0545708200568,41.9599315048623],[14.9847741569152,41.9212301351416],[14.9830276577297,41.9024453902997],[14.9866937605576,41.8739451949315],[15.008533570304,41.8374235729163],[15.0469578908747,41.7764412371131],[15.0577738368642,41.7239874056846],[15.0477626996226,41.6844276687539],[14.9455536316604,41.5648259159207],[14.8477963717013,41.4897168803239],[14.7833291346626,41.4340749236667],[14.7137906518251,41.3904301482705],[14.6533533784235,41.3604314779601],[14.5333340619068,41.382699372041],[14.4907097688366,41.396491381333],[14.4363716807183,41.4202277347435],[14.3936946718123,41.4339766503267],[14.2862547202389,41.4600564817921],[14.2469962833843,41.4782951491265],[14.2291935124061,41.4908591268154],[14.1865624532252,41.5469017161735],[14.1103312520265,41.6161583859165],[13.9083472657562,41.730620884233],[13.706214644239,41.8093235698166],[13.5324734650244,41.8488582889251],[13.4198989319332,41.8623562441441],[13.2382051750191,41.8804295940149],[13.0356442457576,41.8658403421481],[12.9224005791708,41.8693505626723],[12.8594816693727,41.8712430560332],[12.8098807229377,41.8868372498944],[12.7477801109898,41.9051194046729],[12.7135042598085,41.9131585282372],[12.5656129077849,41.9195711740393],[12.6079265849894,41.9466973768975],[12.6151454169682,41.9653463041644],[12.6125659100198,41.9771939272144],[12.6070617741705,41.9938321072434],[12.6112475793397,42.0149210600713],[12.6120504899474,42.0313913032349],[12.6131983536242,42.0549213571375],[12.6172762738227,42.0736600870505],[12.6633653446893,42.110101830995],[12.6672303210464,42.1241348409861],[12.6585652418844,42.1408701528704],[12.6595017346698,42.1596998769842],[12.6738022860705,42.1923028542237],[12.6813152866605,42.2156671920335],[12.67275763343,42.2347625646712],[12.6680678706914,42.267898028272],[12.6531557462452,42.2871690632825],[12.6344786000852,42.2947525571667],[12.5746733956906,42.3057934188748],[12.5529197011422,42.3157998268482],[12.5534835431033,42.3275749057966],[12.5816074976569,42.3834229131267],[12.6424100952233,42.4548983930393],[12.6920305243201,42.4912779787703],[12.7346216246406,42.5136799069738],[12.9123255402714,42.5557047448535],[13.1061147262107,42.5945458522159],[13.1456326513166,42.6145188180359],[13.1699292419741,42.6467778207738],[13.1938311685912,42.6719659283293],[13.1944033909357,42.787647647245],[13.2052883661666,42.8085457092295],[13.2744081316736,42.8369557947918],[13.3117048985778,42.8687687412433],[13.3263047910891,42.8966211780661],[13.3318896190071,42.9342316298141],[13.3064090434153,42.9894430898835],[13.2346696414194,43.07927794903],[12.9618869320878,43.388130513169],[12.9150366279512,43.4202724621334],[12.8642425157997,43.4406813250049],[12.7878496376128,43.46888611731],[12.6824160049545,43.5025561547141],[12.6048933740253,43.5117278978974],[12.5046220080636,43.5214179626917],[12.3225062693413,43.5187747448194],[12.257579800953,43.520280563749],[12.1930460077348,43.5311944233094],[12.155345010631,43.5627667171957],[12.1431227637423,43.5819532928517],[12.1380731547655,43.6175397500961],[12.1037206710023,43.6537560688509],[12.0621521669872,43.6735539829763],[11.9907844231772,43.6821111310424],[11.9256441692259,43.6833993538896],[11.8507308432614,43.6848278138399],[11.8056190190497,43.6998528451829],[11.7612017722157,43.7361346787719],[11.7494290243289,43.7741943323086],[11.7535682877833,43.800145198131],[11.781059190573,43.8398780719958],[11.7818692517703,43.8635262922228],[11.7791683429011,43.8801395260321],[11.7408838433078,43.9092150082917],[11.9391792491051,44.0475674500181],[12.0260254710121,44.0860895790491],[12.0853918007797,44.0919688118701],[12.2368885196366,44.1005243342026],[12.3574870428991,44.0788017090768],[12.3799131210477,44.0664278739129],[12.3851667733581,44.0378873749531],[12.4043998203721,44.0279532392855],[12.4470138690548,44.0269152277771],[12.5092925756012,44.0253653570985],[12.5646603800717,44.0168508836792],[12.6191739298262,43.9917533828283],[12.7070558068477,43.9160011408628],[12.7557353261429,43.9075605541154],[12.796715678887,43.8780053488065],[12.8195897522577,43.8773586037674],[12.8399716861296,43.8909830691834],[12.9097543831636,43.9208375977978]]]},"properties":{"OBJECTID":55,"DIOCESE":"ITALIA","PERIOD":"ca. AD303-324","PROV_NAME":"FLAMINIA ET PICENUM","SUBDIVISIO":"","Shape__Area":52477202854.787109,"Shape__Length":1415555.2179032883}},{"type":"Feature","id":56,"geometry":{"type":"Polygon","coordinates":[[[7.19457495262272,43.6781127601535],[7.15569424566693,43.6605530747977],[7.07472124591848,43.572220075011],[6.88819324572703,43.4345780751885],[6.84638824584033,43.4241640739816],[6.79416624627337,43.4227750750122],[6.63638924626341,43.3111040736914],[6.6375002457759,43.2877730741658],[6.69576324584694,43.2760700737835],[6.64166624578806,43.1849980737804],[6.59944424614983,43.1924970750932],[6.52749924493821,43.1891630741517],[6.40611124537312,43.163055075066],[6.16975624489203,43.11534107503],[6.15722224487048,43.067215073673],[6.1652772448854,43.0505520741086],[6.1377772448568,43.0558320738032],[6.13602440176878,43.0565111831243],[6.14748078008054,43.1444171098313],[6.12651513081849,43.2098135368675],[6.08718578814183,43.260293557958],[6.04902486169736,43.2942533368818],[5.98137119793789,43.3317358670912],[5.90807596417554,43.3571112928921],[5.65255568558549,43.4266371377153],[5.4915436689811,43.4856988388402],[5.41552007293612,43.5366666397709],[5.36363619205557,43.6076758912062],[5.33761885242024,43.6799007192247],[5.34408655178602,43.753667311154],[5.39274897164974,43.831784596291],[5.45057422537783,43.8818610590017],[5.55506523963874,43.9245214676842],[5.70799850117887,43.9786528760411],[5.82214563488789,44.0285506839831],[5.89137375787948,44.0669898297096],[5.93979063942999,44.0784580761848],[6.0445082968405,44.0850422812474],[6.24694918602717,44.1047238711399],[6.39981976761836,44.1293220329583],[6.61681996073691,44.1819467983177],[6.56192115230316,44.1160853570688],[6.45144880543594,44.0482338539145],[6.3686063262413,43.9646879988528],[6.32296077159681,43.8682516680908],[6.34035006332106,43.8073136578015],[6.39011415998125,43.7499349248194],[6.50534345009561,43.6877749682314],[6.71768564670066,43.6311371312958],[6.81863473315373,43.6320691222811],[6.90912970872548,43.6444051917591],[7.08932771679267,43.6853674558505],[7.14141861712536,43.6868853240096],[7.19457495262272,43.6781127601535]]]},"properties":{"OBJECTID":56,"DIOCESE":"VIENNENSIS","PERIOD":"ca. AD303-324","PROV_NAME":"NARBONENSIS II","SUBDIVISIO":"","Shape__Area":16100733182.520996,"Shape__Length":673132.40469453461}},{"type":"Feature","id":57,"geometry":{"type":"Polygon","coordinates":[[[25.8951536344449,41.6714430437833],[25.2911053467568,41.7711871187911],[25.0165493774274,41.8344014376842],[24.9113784283279,41.86063296608],[24.7539401749267,41.918923450289],[24.4070890473762,42.0394493879047],[24.150599977973,42.1043404899045],[24.0171998878884,42.1240551898197],[23.9321674507783,42.1317189613022],[23.8471861314012,42.1272987129811],[23.6032346561791,42.0808658239752],[23.49281051291,42.03903230475],[23.2019184798145,41.8905968321947],[23.1169603486499,41.8449143647573],[22.9734762347164,41.7617517180895],[22.8882961379298,41.7924778270876],[22.9572538868855,41.9050886382809],[23.0341092950359,42.0094640527917],[23.3177786342951,42.3080890451415],[23.3855492991287,42.3969514306826],[23.4456764103138,42.4676974970974],[23.5643015037804,42.5758064040522],[23.8405752828,42.8103297540318],[24.0159998707211,42.9774130472462],[24.0814674069816,43.0256535207552],[24.1950620282818,43.1053524718236],[24.3702645598512,43.0554082019871],[24.5846936668288,43.0232924281828],[24.8667318038726,43.0212826793003],[25.0807144786967,42.988084460754],[25.4148498536875,42.9835432187717],[25.6331436073405,42.9870480747827],[25.8720821850366,43.0036061509519],[26.1145779421375,43.0093244307802],[26.0705069760826,42.8884007127831],[26.0791661856526,42.8312912858607],[26.1193030769387,42.7592240776864],[26.1254822032992,42.7049557319859],[26.1048768170937,42.6382682873075],[26.0741473700254,42.6023196480789],[26.0288989938057,42.5615520600177],[26.0104072563271,42.5332220286972],[25.9820989549008,42.4727002906877],[25.9665595530613,42.3254953029918],[25.9811875080438,42.1491456516979],[25.9909966932298,42.0533333318996],[25.9785442395748,41.9588845581658],[25.9721855301075,41.9165203379343],[25.9129148727143,41.7841870102152],[25.8951536344449,41.6714430437833]]]},"properties":{"OBJECTID":57,"DIOCESE":"THRACIA","PERIOD":"ca. AD303-324","PROV_NAME":"THRACIA","SUBDIVISIO":"","Shape__Area":46918155301.697266,"Shape__Length":1035155.5337732731}},{"type":"Feature","id":58,"geometry":{"type":"Polygon","coordinates":[[[24.1950620282818,43.1053524718236],[24.0814674069816,43.0256535207552],[24.0159998707211,42.9774130472462],[23.8405752828,42.8103297540318],[23.5643015037804,42.5758064040522],[23.4456764103138,42.4676974970974],[23.3855492991287,42.3969514306826],[23.3177786342951,42.3080890451415],[23.0341092950359,42.0094640527917],[22.9572538868855,41.9050886382809],[22.8882961379298,41.7924778270876],[22.5987091871607,41.8982146148596],[22.5079827669441,41.9340718998916],[22.3793021370031,41.9723760483324],[22.2639557344234,42.0135537150263],[22.1920265938665,42.0490447021068],[22.1336006304197,42.1018687849607],[22.090073809865,42.136047845305],[22.0110555289034,42.1555551181951],[22.0148575549187,42.2147956351766],[22.0045728663,42.268644920215],[21.9723208583684,42.3109041229655],[21.7797938619973,42.5879875682567],[21.402917691427,43.0873238330734],[21.5361126700811,43.129016579279],[21.8047163313711,43.2188619646805],[21.9508403010738,43.2992355892054],[22.0041310469955,43.3453968057436],[22.0426681016427,43.4125385359427],[22.0722484687153,43.4831910141629],[22.0883625408083,43.637050814094],[22.1782067866697,43.6259291820584],[22.2363924903039,43.606685539842],[22.3575304671658,43.5194992919553],[22.4336061277681,43.4930610690623],[22.5455018839491,43.4787600690726],[22.8697904181739,43.443759783977],[22.9881160214095,43.4160687152968],[23.0918087774376,43.3829808816958],[23.2357806702822,43.3274797300428],[23.3359641441781,43.2945747313259],[23.6455053040815,43.232374861907],[23.736967280124,43.2050449030389],[24.1950620282818,43.1053524718236]]]},"properties":{"OBJECTID":58,"DIOCESE":"MOESIAE","PERIOD":"ca. AD303-324","PROV_NAME":"DACIA MEDITERRANEA","SUBDIVISIO":"","Shape__Area":44573329223.024414,"Shape__Length":894620.27005524514}},{"type":"Feature","id":59,"geometry":{"type":"Polygon","coordinates":[[[27.8940942657243,42.7030520739509],[27.8055492658347,42.7080540741602],[27.7719402664282,42.7136080740616],[27.7329122663086,42.7111050741844],[27.6324992647727,42.6316530739563],[27.5106902661564,42.5522190742774],[27.4958302646579,42.5358280738984],[27.4495792652749,42.4729800741234],[27.4649922651707,42.4494320742787],[27.5152032647016,42.4351350738909],[27.5538822648418,42.4488750743314],[27.6166652649274,42.4472200742061],[27.6791652651557,42.4183200742067],[27.7003422646479,42.3952710742555],[27.7038882663156,42.3688890728106],[27.7554132657486,42.2542990728926],[27.7805522650384,42.2272180739033],[27.8572192650326,42.16416207372],[27.8991622659099,42.1336060729886],[27.9388882659884,42.1030420738403],[27.9686092661154,42.0724940730496],[28.0005532659906,42.0370750738131],[27.8598621202766,42.0266032428623],[27.7624925058204,41.9891203731201],[27.5094393935643,41.8447667257098],[27.0345794366663,41.5686807170471],[26.8130803036368,41.4490614549618],[26.7487308536981,41.3977663021252],[26.6417960239107,41.2816145622808],[26.4452627120523,41.1113494253033],[26.3356129911182,41.0341968447887],[26.2242387770282,40.9187643988372],[26.1996162335682,40.9423110432789],[26.0933949472891,41.1172125842111],[26.0447817542046,41.2098592100328],[25.9372001517857,41.4691106921129],[25.9034223508525,41.6025532673249],[25.8951536344449,41.6714430437833],[25.9129148727143,41.7841870102152],[25.9721855301075,41.9165203379343],[25.9785442395748,41.9588845581658],[25.9909966932298,42.0533333318996],[25.9811875080438,42.1491456516979],[25.9665595530613,42.3254953029918],[25.9820989549008,42.4727002906877],[26.0104072563271,42.5332220286972],[26.0288989938057,42.5615520600177],[26.0741473700254,42.6023196480789],[26.1048768170937,42.6382682873075],[26.1254822032992,42.7049557319859],[26.1193030769387,42.7592240776864],[26.0791661856526,42.8312912858607],[26.0705069760826,42.8884007127831],[26.1145779421375,43.0093244307802],[26.2908172472241,43.0135738519915],[26.4860898966505,43.0045538589458],[26.6989218493586,42.9678297291943],[26.9555685829755,42.9544224293185],[27.1378362304056,42.9657742216773],[27.2781843229872,42.9600513692674],[27.4668841998041,42.9307405011044],[27.5487026310159,42.9085012560421],[27.6701128504095,42.8569890449034],[27.8940942657243,42.7030520739509]]]},"properties":{"OBJECTID":59,"DIOCESE":"THRACIA","PERIOD":"ca. AD303-324","PROV_NAME":"HAEMIMONTUS","SUBDIVISIO":"","Shape__Area":43972696109.482422,"Shape__Length":966955.28492741822}},{"type":"Feature","id":60,"geometry":{"type":"MultiPolygon","coordinates":[[[[10.4391652496691,42.8518710752352],[10.4276372495781,42.7136760740168],[10.4186092492446,42.7086100746908],[10.3513882500586,42.7612460739834],[10.3408332493878,42.7652740738229],[10.2997212494371,42.7597200742198],[10.2347222501744,42.7463840737448],[10.2091652504098,42.7352750736893],[10.1602762493802,42.7294390741761],[10.1491662488656,42.7297210737565],[10.1391662489369,42.7316660741885],[10.1245822494196,42.7395820742281],[10.1169432493312,42.7474980737509],[10.1030552492247,42.7688860747816],[10.1009712493937,42.7848550738275],[10.1113882490739,42.7994420742397],[10.1266652503239,42.8063890746746],[10.1449982492036,42.8108290738807],[10.1827772488202,42.8136060740526],[10.2086102487694,42.8091660738505],[10.2209712494369,42.7998580740636],[10.2334712500215,42.7927740737109],[10.3556942489145,42.8052750738188],[10.3780542487876,42.827358073943],[10.3930552489547,42.8561060742703],[10.4130542498856,42.8700680741419],[10.4391652496691,42.8518710752352]]],[[[11.4732756051843,43.9372057610292],[11.5319872445695,43.9292192249921],[11.5941697325657,43.9282417851852],[11.6886935749316,43.9148479047639],[11.7408838433078,43.9092150082917],[11.7791683429011,43.8801395260321],[11.7818692517703,43.8635262922228],[11.781059190573,43.8398780719958],[11.7535682877833,43.800145198131],[11.7494290243289,43.7741943323086],[11.7612017722157,43.7361346787719],[11.8056190190497,43.6998528451829],[11.8507308432614,43.6848278138399],[11.9256441692259,43.6833993538896],[11.9907844231772,43.6821111310424],[12.0621521669872,43.6735539829763],[12.1037206710023,43.6537560688509],[12.1380731547655,43.6175397500961],[12.1431227637423,43.5819532928517],[12.155345010631,43.5627667171957],[12.1930460077348,43.5311944233094],[12.257579800953,43.520280563749],[12.3225062693413,43.5187747448194],[12.5046220080636,43.5214179626917],[12.6048933740253,43.5117278978974],[12.6824160049545,43.5025561547141],[12.7878496376128,43.46888611731],[12.8642425157997,43.4406813250049],[12.9150366279512,43.4202724621334],[12.9618869320878,43.388130513169],[13.2346696414194,43.07927794903],[13.3064090434153,42.9894430898835],[13.3318896190071,42.9342316298141],[13.3263047910891,42.8966211780661],[13.3117048985778,42.8687687412433],[13.2744081316736,42.8369557947918],[13.2052883661666,42.8085457092295],[13.1944033909357,42.787647647245],[13.1938311685912,42.6719659283293],[13.1699292419741,42.6467778207738],[13.1456326513166,42.6145188180359],[13.1061147262107,42.5945458522159],[12.9123255402714,42.5557047448535],[12.7346216246406,42.5136799069738],[12.6920305243201,42.4912779787703],[12.6424100952233,42.4548983930393],[12.5816074976569,42.3834229131267],[12.5534835431033,42.3275749057966],[12.5529197011422,42.3157998268482],[12.5746733956906,42.3057934188748],[12.6344786000852,42.2947525571667],[12.6531557462452,42.2871690632825],[12.6680678706914,42.267898028272],[12.67275763343,42.2347625646712],[12.6813152866605,42.2156671920335],[12.6738022860705,42.1923028542237],[12.6595017346698,42.1596998769842],[12.6585652418844,42.1408701528704],[12.6672303210464,42.1241348409861],[12.6633653446893,42.110101830995],[12.6172762738227,42.0736600870505],[12.6131983536242,42.0549213571375],[12.6120504899474,42.0313913032349],[12.6112475793397,42.0149210600713],[12.6070617741705,41.9938321072434],[12.6125659100198,41.9771939272144],[12.6151454169682,41.9653463041644],[12.6079265849894,41.9466973768975],[12.5656129077849,41.9195711740393],[12.5520078895692,41.8987370271703],[12.5360450838886,41.8944496887786],[12.5321199491536,41.8780681578256],[12.5375259377698,41.859087445101],[12.5363043367813,41.8332174832328],[12.5194785905741,41.8101161509341],[12.4937888189122,41.7990141351404],[12.411765900599,41.7940467058373],[12.3736409660547,41.7855811450278],[12.347993055885,41.7744409441378],[12.2851728978861,41.7402297597508],[12.2158332508485,41.7880510729737],[12.2070812506996,41.8169400740937],[12.1777772512225,41.8680530727747],[12.158471251126,41.892082072962],[12.1233322510091,41.9230540729037],[12.0211102509001,41.9858320729863],[11.9124982512059,42.0359690732255],[11.8852762510116,42.0377730740436],[11.8622212506544,42.0311050728176],[11.8307632510261,42.0302730742733],[11.8049982499507,42.0574950737667],[11.7393592513537,42.1495470728166],[11.7255552500144,42.1822200733125],[11.7038882500775,42.2244420738758],[11.6277072512284,42.2982600742705],[11.5341662511232,42.3427730738651],[11.497499250844,42.3574980730738],[11.4513172501596,42.3741760738677],[11.3727762503967,42.4046480737875],[11.2622212504385,42.4186060737759],[11.2316662499102,42.4174960742623],[11.2059722498782,42.4118000740703],[11.2018042502163,42.390827073881],[11.1797212503527,42.3651310728688],[11.097429249781,42.3965220727547],[11.084582249765,42.4302750740807],[11.1099292503657,42.4424250739905],[11.1330542501447,42.4394380737295],[11.1646522504134,42.445618074294],[11.1838872503649,42.4848590740957],[11.1871522500285,42.512497074102],[11.1580542504157,42.5549930739297],[11.0802752492875,42.6322170738924],[10.9656932501326,42.7244410742237],[10.9255542496022,42.7458310742266],[10.8894442497149,42.7588880737577],[10.8624992504283,42.7669370743225],[10.7689572496,42.8391610737573],[10.7751372491229,42.8990250747571],[10.7326372496504,42.9286760741159],[10.6806932490194,42.9465220742498],[10.5888882485907,42.9574970752818],[10.5333322488648,43.0527720738893],[10.5408332488609,43.1233290739206],[10.5426382499309,43.1501350738302],[10.5383322492784,43.1808320752187],[10.5302772501618,43.2236100742928],[10.5183322503192,43.2574960749248],[10.4227772489066,43.3980480741913],[10.3776382488609,43.4458310749802],[10.3574982492614,43.4586100750872],[10.3245132492957,43.4751320750582],[10.2951382487751,43.5425640748138],[10.2876072504385,43.5913010748321],[10.2766662490799,43.6937450749047],[10.2769432490894,43.7144390751019],[10.2741662493224,43.7433280747954],[10.2674992488293,43.7961080747618],[10.2522222502743,43.8433300750679],[10.2362492487152,43.8790240747543],[10.215693249189,43.9049950748921],[10.1794432486613,43.944717075322],[10.1118042490005,44.0037500762472],[10.0908312488245,44.0186080762967],[10.0597212493507,44.0330540748282],[10.0273342488865,44.0441740748448],[9.98360624882731,44.0538790748234],[9.91832799388546,44.0687427842848],[9.87809508617016,44.1823424437795],[9.85172928374793,44.1988786690471],[9.81874881668114,44.2201313863078],[9.80217873010549,44.2485110342979],[9.7918775430283,44.3526790677277],[9.77194887479426,44.3810551557679],[9.73219809019702,44.4046415300746],[9.71226936896239,44.4235342472811],[9.72164691994255,44.5230522997325],[9.79437607404039,44.5540271578394],[9.82751106570913,44.55408947508],[9.88053613668218,44.5494284150564],[9.97994743672623,44.5068533921295],[10.08580666242,44.4618094540975],[10.2014297065812,44.4261136952654],[10.3432850356658,44.3854643110282],[10.4552795337645,44.3518606802561],[10.5570526538108,44.301615545829],[10.7304925425708,44.2081554162573],[10.7894069559701,44.1863996350539],[10.8483494075861,44.1693439042859],[10.9779651037879,44.0663696970259],[11.0039928001002,44.0542769609831],[11.0464081333572,44.0420068847752],[11.2265998846584,44.0304836818214],[11.350355534292,43.995748082031],[11.4732756051843,43.9372057610292]]]]},"properties":{"OBJECTID":60,"DIOCESE":"ITALIA","PERIOD":"ca. AD303-324","PROV_NAME":"TUSCIA ET UMBRIA","SUBDIVISIO":"","Shape__Area":72682659908.577637,"Shape__Length":1487931.4400084366}},{"type":"Feature","id":61,"geometry":{"type":"Polygon","coordinates":[[[-4.51455176374529,43.3963470752602],[-4.50111176425068,43.4011080749376],[-4.42472276498917,43.4016650750778],[-4.39000076462378,43.3977740752641],[-4.31555576365454,43.3905490752605],[-4.27305576418199,43.3905490752605],[-4.21833376395911,43.396942075202],[-4.12194576466501,43.4163820748208],[-4.05138976459682,43.4424970751204],[-3.94472276391811,43.4677730748624],[-3.81027776427477,43.492493075096],[-3.78750076375192,43.4895820748826],[-3.76638876365875,43.4699930749286],[-3.58555576436502,43.5102770753047],[-3.54986176440433,43.5069390747862],[-3.45138976258428,43.4655530747564],[-3.32527776368852,43.418327074285],[-3.22472276365901,43.396942075202],[-3.15059276323238,43.3535610749342],[-3.02222276263168,43.3574980737034],[-3.00249976278364,43.3833310751206],[-2.93458376401177,43.4356920750865],[-2.856388762957,43.4327770749325],[-2.8077777617618,43.4302750751685],[-2.73555576233736,43.4263840747272],[-2.56527776281612,43.390274074979],[-2.51055576259325,43.3776360742027],[-2.48763876322665,43.3588830739784],[-2.45847276294346,43.3379130747384],[-2.35097276168833,43.3051370742202],[-2.2955557627779,43.2961040752951],[-2.1633337619844,43.2911070747808],[-2.12194476292262,43.2966610741891],[-1.97472276178686,43.3324970739774],[-1.83916676173272,43.3805540750671],[-1.78604176216744,43.3904110742544],[-1.78087676189748,43.3599240748426],[-1.50352350165542,43.2943631751902],[-1.41652770486377,43.2710872181586],[-1.31365334729718,43.2495882239828],[-1.26023144464903,43.2294656241339],[-1.22448157576585,43.2001147471094],[-1.11308783319989,43.1220561691421],[-1.05718116532303,43.1045268242403],[-0.969227432061864,43.1049221018065],[-0.866588036044355,43.0973258827355],[-0.753286365239696,43.069313403717],[-0.717613464010099,43.0541496262074],[-0.66033936623471,43.0127021612462],[-0.56512345009579,42.9276469221966],[-0.499421161593734,42.8751368659813],[-0.430749641040366,42.8396160853077],[-0.376293845772157,42.8263824271041],[-0.320948012296852,42.8084477859045],[-0.0345701392682987,42.8003755547208],[0.0456458537834832,42.8038778807276],[0.297883717969743,42.7865692269698],[0.486048753137766,42.7647412882383],[0.63556188404945,42.7412226711598],[0.726193885939725,42.7213874920666],[0.831480474267422,42.690971952199],[0.950169059759951,42.6379379187995],[1.03337419781794,42.6219100831759],[1.10743839036181,42.6216108602734],[1.14824145609299,42.6277247539432],[1.39490701487633,42.6737048058351],[1.46510724795604,42.677534390089],[1.54559330422662,42.6774602257695],[1.68839449732155,42.6494393459481],[1.84980032726166,42.6038035191606],[1.92530881225475,42.5721571318682],[2.00953981289247,42.5245759970254],[2.06655330581066,42.5079181502299],[2.14256807590799,42.5141207030758],[2.31649530699779,42.5304555270073],[2.38508310277001,42.5216485281913],[2.43847293825748,42.5068682096988],[2.64232107516765,42.4230478143138],[2.71420103475946,42.4119068617421],[2.77528462444843,42.4093845617079],[3.17765424257021,42.4368060739854],[3.16916624291023,42.4261090741257],[3.15916624208317,42.3806910742006],[3.16847224225098,42.3597180737428],[3.20031224236903,42.3449250739804],[3.2261112428813,42.3495790739479],[3.27305524309867,42.341942074232],[3.31798624183356,42.3204800738051],[3.28319424294461,42.262913073027],[3.26458324333226,42.2420810737346],[3.2137492432872,42.2337450740611],[3.18555524170102,42.2520790738378],[3.15472124331008,42.2601350742757],[3.11805524285575,42.225132074102],[3.11145824268295,42.1988140737083],[3.11708324236215,42.1444400742524],[3.1468752417359,42.1165920742104],[3.1790972423437,42.1059650737756],[3.21111124343734,42.0665210742683],[3.22055524190076,41.9469380742288],[3.20166624335239,41.8927760731288],[3.17527724283624,41.8674930731689],[3.12361124203966,41.8486100729636],[3.01194424184575,41.7730480731733],[2.93743024217785,41.719089072843],[2.71749924244426,41.6274950728783],[2.67666624215286,41.612778072909],[2.60583324297355,41.5908280728747],[2.55777724162213,41.577217072831],[2.53777724176467,41.5702740730036],[2.26708324213111,41.459858072774],[2.24708324227366,41.4424250730396],[2.16472224210498,41.3424990731916],[2.1512492412018,41.3119430721698],[2.11736124123774,41.2892990726679],[2.0783332420164,41.2752760732527],[2.05416624142352,41.2686080730403],[2.00513824137512,41.2631910733018],[1.8900002407549,41.2511060719816],[1.76166624193587,41.2186050731499],[1.70138924235399,41.2055510732608],[1.67583324061767,41.2016600721907],[1.65138924091366,41.1991650728591],[1.61638924161225,41.1958310717646],[1.53194424071425,41.1849970727667],[1.49833324075965,41.1786040731244],[1.32250024098111,41.1294400733347],[1.20500024069554,41.1013870721341],[1.03944424085518,41.0624920720328],[0.993055239583251,41.0480500721664],[0.964444240940469,41.032776072146],[0.939861240420986,41.0120810729983],[0.924722241059884,40.9911040717679],[0.899444240954515,40.9802740719012],[0.703611240420194,40.7968710717845],[0.730555239881818,40.7711110727225],[0.848055241065682,40.7294390722366],[0.870277239948132,40.7324940720472],[0.896597239968962,40.7257610722434],[0.885277240290387,40.7027740721947],[0.857916240178934,40.6802750723037],[0.689722241387048,40.5716630717003],[0.664305239567874,40.5627740718352],[0.636389239612648,40.5618020717584],[0.621423239605567,40.5843700720563],[0.709166239779198,40.5958330722356],[0.734722239718889,40.6399960717194],[0.696666240092856,40.6374970719224],[0.610138240087104,40.6249960722983],[0.589166239736016,40.6127780721968],[0.541944239684253,40.5691600717112],[0.51916624113316,40.5338820722441],[0.518939239555792,40.5287400719734],[0.458333240085946,40.4472200716685],[0.356389239811344,40.3008310721389],[0.280555240393599,40.2366560719987],[0.213055238853401,40.1836010717573],[0.0475002397362754,40.0337410710467],[0.0327772403017692,40.0077670717185],[-0.0372217602728109,39.8933260720735],[-0.0651312411540343,39.8685493631253],[-0.241741275568495,39.9669323380837],[-0.458160513819742,40.0870423427276],[-0.81221649286832,40.3045977988288],[-1.10089604189426,40.5219690922618],[-1.26856772784062,40.611057535122],[-1.37243587094483,40.6459699669817],[-1.52521714382705,40.734167958281],[-1.62525093234554,40.8073635260129],[-1.779254520377,40.9831637120474],[-1.87396988805311,41.0711991621122],[-1.94084188725965,41.1174937408761],[-2.0441238176572,41.1710251289793],[-2.15740945533063,41.2398697119907],[-2.22060883263524,41.2817559721465],[-2.27553948095589,41.369996381292],[-2.3214134816687,41.4594327939087],[-2.35322087384025,41.5698167353003],[-2.36756195093848,41.618067493247],[-2.39763963972541,41.6380106692479],[-2.4313679003673,41.6598594858613],[-2.45183274065508,41.6929929197332],[-2.48024333144616,41.7871856119427],[-2.50371748571491,41.8056013462541],[-2.54160529377032,41.8173368473209],[-2.56821268641012,41.835329787967],[-2.59793612097151,41.852906141218],[-2.62437811759782,41.8565715213155],[-2.66432447441559,41.8632139580643],[-2.70704941473024,41.8814243919224],[-2.73994513293649,41.8985450878491],[-2.76443240538605,41.9072202779965],[-2.82390499507202,41.9016193379881],[-2.85404763564728,41.9071208710959],[-2.88588174191874,41.9195597132836],[-2.92900719700112,41.9256749310798],[-3.27515245535087,41.9642081579338],[-3.43714192701931,41.9702251909522],[-3.64206553776742,41.9554478049893],[-3.7112736292265,41.9622794250744],[-3.74823403095562,41.9809228698907],[-3.85987251862243,42.0390829488396],[-3.93408410224656,42.0642432052886],[-4.02758688712122,42.0889206637102],[-4.22847002035015,42.0927408926969],[-4.4833071355565,42.0927616920882],[-4.5677302148666,42.10632167582],[-4.62057673220224,42.1222651539016],[-4.6835026596394,42.1510627471595],[-4.74624678962263,42.155801919212],[-4.77620461260792,42.1704057691671],[-4.8304739490642,42.1908484833079],[-4.87597880777225,42.2030085289805],[-4.93080689184366,42.2136917947039],[-5.05312406741614,42.2450178218454],[-5.09450601560124,42.2649695830115],[-5.20374929737822,42.3174923681196],[-5.13134321967735,42.4663735722439],[-5.12039577919487,42.5187269010311],[-5.11766381287133,42.5770202010667],[-5.1680010939716,42.795803595162],[-5.19470189792622,42.9774354508191],[-5.20799359185562,43.4813176281394],[-5.20256976629104,43.4783970742716],[-5.05638976507078,43.4699930749286],[-4.98000076491097,43.4611050753041],[-4.88194476481418,43.4486080748021],[-4.75375076394057,43.4256900741083],[-4.73333376522988,43.4191660748087],[-4.64708376416019,43.4076350737318],[-4.59472276377772,43.4030530747966],[-4.51455176374529,43.3963470752602]]]},"properties":{"OBJECTID":61,"DIOCESE":"HISPANIAE","PERIOD":"ca. AD303-324","PROV_NAME":"TARRACONENSIS","SUBDIVISIO":"","Shape__Area":246744428814.53357,"Shape__Length":2597421.9743604343}},{"type":"Feature","id":62,"geometry":{"type":"Polygon","coordinates":[[[7.39328400296393,43.7281043016901],[7.39160924683027,43.7275470750573],[7.31861024690589,43.7097170747251],[7.24680524633468,43.7016600751094],[7.19457495262272,43.6781127601535],[7.14141861712536,43.6868853240096],[7.08932771679267,43.6853674558505],[6.90912970872548,43.6444051917591],[6.81863473315373,43.6320691222811],[6.71768564670066,43.6311371312958],[6.50534345009561,43.6877749682314],[6.39011415998125,43.7499349248194],[6.34035006332106,43.8073136578015],[6.32296077159681,43.8682516680908],[6.3686063262413,43.9646879988528],[6.45144880543594,44.0482338539145],[6.56192115230316,44.1160853570688],[6.61681996073691,44.1819467983177],[6.61310465987582,44.2387027892292],[6.57864151534775,44.3110136859185],[6.53493704665739,44.4209469382573],[6.44820748266821,44.5270088371519],[6.44575206539981,44.5625046149266],[6.45035556831156,44.6279071107675],[6.51525793400255,44.6017086328549],[6.62251535779165,44.5863929847642],[6.70817479471548,44.5963506712676],[7.02600267506129,44.667917775192],[7.05263436712951,44.6094088767096],[7.0813538822586,44.5130261667643],[7.13490510188348,44.2656879761377],[7.1821624704046,44.1248793228104],[7.30162373011064,43.9150532008428],[7.39328400296393,43.7281043016901]]]},"properties":{"OBJECTID":62,"DIOCESE":"VIENNENSIS","PERIOD":"ca. AD303-324","PROV_NAME":"ALPES MARITIMAE","SUBDIVISIO":"","Shape__Area":11953786433.628174,"Shape__Length":491949.6472033984}},{"type":"Feature","id":63,"geometry":{"type":"Polygon","coordinates":[[[4.14806557602311,43.4888200991838],[4.13232524261417,43.5084990752665],[4.13041624268535,43.539856073838],[4.10451324421264,43.5556180749918],[4.05624924334709,43.5627750752273],[3.96472224275274,43.540832075067],[3.91319424384506,43.521248075073],[3.84361124409541,43.4755550740723],[3.72250024274312,43.4116590751231],[3.54666624313968,43.3197170751623],[3.41409724291483,43.2872160749495],[3.33499924186171,43.2652740742618],[3.31305524281365,43.2552720752913],[3.25805524275642,43.2274930752827],[3.14111124303786,43.138886074842],[3.08138824167822,43.0694430748833],[3.07777724240816,43.0413820738615],[3.045277241966,42.9541630739447],[3.0036112428948,42.8811030751804],[2.96131924293638,42.8422160739515],[2.97277724270723,42.8122180748994],[2.97916624156927,42.8066630752224],[3.0122222416801,42.7980500739617],[3.03805524342584,42.7283330741178],[3.04138824196325,42.6126370738624],[3.05812424198198,42.5441630739765],[3.11027724195195,42.5263140729664],[3.14138824304728,42.5177770738041],[3.16000024338286,42.4783320738521],[3.17444424315811,42.4455490740777],[3.17765424257021,42.4368060739854],[2.77528462444843,42.4093845617079],[2.71420103475946,42.4119068617421],[2.64232107516765,42.4230478143138],[2.43847293825748,42.5068682096988],[2.38508310277001,42.5216485281913],[2.31649530699779,42.5304555270073],[2.14256807590799,42.5141207030758],[2.06655330581066,42.5079181502299],[2.00953981289247,42.5245759970254],[1.92530881225475,42.5721571318682],[1.84980032726166,42.6038035191606],[1.68839449732155,42.6494393459481],[1.54559330422662,42.6774602257695],[1.46510724795604,42.677534390089],[1.39490701487633,42.6737048058351],[1.14824145609299,42.6277247539432],[1.10743839036181,42.6216108602734],[1.03337419781794,42.6219100831759],[0.950169059759951,42.6379379187995],[0.980691824244292,42.7560916190043],[0.965408335361283,42.8640647959775],[0.915442548055173,42.9474292480433],[0.773588264609648,43.0911772592486],[0.622189726223439,43.2291665201202],[0.601632815805586,43.2891352880462],[0.594290823004704,43.3480011292589],[0.596149635855226,43.4101421968596],[0.6419100356172,43.5193959739174],[0.691361161029034,43.5908409940018],[0.771162144097655,43.677031478068],[0.849804049819771,43.7153601138955],[0.994475156247191,43.7906573836816],[1.07628335295297,43.8123882442793],[1.21255511625245,43.8627389451103],[1.35401531596933,43.9228714907518],[1.41628521722924,43.9449714000357],[1.60761024888566,43.9851940637355],[1.7492323977803,44.02805174509],[1.9526607860942,44.0995382161089],[2.1759108479019,44.1745188551436],[2.33453244124706,44.2201988569236],[2.49789629667262,44.2350201001117],[2.6537919397117,44.2561579079858],[2.93121088836057,44.3095255036831],[3.09767334401818,44.3283145172555],[3.17508367655377,44.3193637680591],[3.293099496662,44.3035782122393],[3.44745166875296,44.2876746470368],[3.62147108675383,44.2989479567062],[3.73113439380821,44.3225340677452],[3.8422098264381,44.3627197331637],[3.98552981277929,44.4403723742926],[4.10094121565623,44.5042842192249],[4.21131027333379,44.6153082476965],[4.31271989459199,44.5711878101649],[4.42536690376029,44.5442377549057],[4.53182705566672,44.5429691297843],[4.67743262109371,44.548424823181],[4.68208560680458,44.5035347450401],[4.68673047983009,44.4586488217641],[4.67440170981669,44.4176168011565],[4.64134989944835,44.3849768860873],[4.62661017428155,44.3675624310589],[4.62833568073717,44.3510306379642],[4.6704076482482,44.2962920003047],[4.69341426085259,44.2334130289757],[4.71187399135764,44.1821675400026],[4.71901893420934,44.1445681129007],[4.74229323578526,44.1101985208145],[4.76058829431892,44.0921777690109],[4.77678942034948,44.0621796102371],[4.78226415523783,44.0078937449063],[4.78000679672668,43.9650702289135],[4.76207321936504,43.9475192110542],[4.72734634204595,43.9338200458239],[4.68260536034987,43.9219438097677],[4.66145583403402,43.9042027197911],[4.64986492941519,43.8893445179091],[4.64227119363742,43.8675845268118],[4.65448276764223,43.8445222101009],[4.65185039483929,43.806429029318],[4.62823511973099,43.7814328646988],[4.62367668799201,43.7622123382125],[4.62635758958321,43.7362711391263],[4.61725179424785,43.697833365038],[4.60190918184611,43.6566867601933],[4.56668205969479,43.6500128590572],[4.51372247321098,43.6257465312194],[4.44308846524014,43.6146832298867],[4.40091692307311,43.6123006418984],[4.35951271283865,43.60282942919],[4.29203868877981,43.5633785402742],[4.22686250491213,43.533498573945],[4.14806557602311,43.4888200991838]]]},"properties":{"OBJECTID":63,"DIOCESE":"VIENNENSIS","PERIOD":"ca. AD303-324","PROV_NAME":"NARBONENSIS I","SUBDIVISIO":"","Shape__Area":86041307560.994263,"Shape__Length":1387024.4362410572}},{"type":"Feature","id":64,"geometry":{"type":"Polygon","coordinates":[[[38.2404171269998,39.4237992058383],[37.8687327866821,39.4691231518789],[37.4939606043563,39.5238122453289],[37.320308678155,39.5525494600054],[37.129536705083,39.6112991391942],[36.9809974674152,39.6767907476969],[37.1864315467219,39.7220880116907],[37.3055669641181,39.7634631506616],[37.4441039488825,39.8541768886994],[37.5666291131893,39.9195566400989],[37.6841882998757,39.9561356610208],[37.8745661452016,40.0304280891406],[38.015606655611,40.0543017208979],[38.1451415708109,40.0563327572299],[38.4342282542899,40.0603843138788],[38.8768919670759,40.0720289339046],[38.9316994222352,40.0693799653012],[38.9976740377105,40.0808485268873],[39.0580873925694,40.0762874253175],[39.1172906197224,40.0695372027437],[39.1516850323515,40.0658383151514],[39.1873047533163,40.0821001786981],[39.2316900228211,40.0725228317776],[39.2716735330607,40.0669278278958],[39.3005277622448,40.0828518903166],[39.3626700173944,40.1106680342342],[39.4078897355599,40.1083797366906],[39.4518903518499,40.1039239861951],[39.4991698620462,40.1111121239405],[39.5309072970167,40.1260337531301],[39.5902614716802,40.1368091416896],[39.6272780217079,40.155052787087],[39.6706254109711,40.201835541694],[39.7259228099812,40.2343830020918],[39.8477450156288,40.2982284659051],[39.8369756625581,40.2737105321498],[39.8294417527816,40.2199566148154],[39.8159005158495,40.1963855149747],[39.7884029816963,40.1775302392317],[39.7696425832691,40.1506126296996],[39.7543684799842,40.1122983690386],[39.7490474279763,40.0680789068522],[39.7380262340123,40.04879424815],[39.7294592993884,40.0337946499922],[39.7121938296462,40.0268419160507],[39.7060819188285,40.0161276521032],[39.7280493315662,39.9090761502814],[39.7174966620235,39.8207003590549],[39.6920478230124,39.7118785213115],[39.665341962441,39.6647789463243],[39.6224187774179,39.6180774727526],[39.5914509327446,39.615790275735],[39.5506199330013,39.6193709480445],[39.5146050638043,39.6315045240232],[39.4906310276226,39.665055897922],[39.469285210434,39.6798738386762],[39.4375605468119,39.6879734141828],[39.3802904061154,39.6740431008054],[39.3314457046058,39.6750968722992],[39.2647400922544,39.6795322468789],[39.2178198991887,39.654437353853],[39.1812467719584,39.618266922941],[39.1316429742707,39.5940557279564],[39.0162650587909,39.581440163793],[38.9071982402718,39.5920114580841],[38.8457798269168,39.581737255075],[38.8045968708385,39.5724099279881],[38.744939527343,39.5412151838798],[38.6784842790547,39.5274369828628],[38.6243518341696,39.5121438122382],[38.574363473997,39.480280470783],[38.5499743442889,39.4654168430647],[38.4669832388305,39.4569111100671],[38.4220158143092,39.4461643240087],[38.3629370280774,39.4273117207787],[38.2902098089507,39.4254753356648],[38.2404171269998,39.4237992058383]]]},"properties":{"OBJECTID":64,"DIOCESE":"PONTICA","PERIOD":"ca. AD303-324","PROV_NAME":"ARMENIA MINOR","SUBDIVISIO":"","Shape__Area":20272743648.023438,"Shape__Length":767072.80771349487}},{"type":"Feature","id":65,"geometry":{"type":"Polygon","coordinates":[[[34.2654038068101,40.5507349200992],[34.2088446476266,40.5410236773379],[34.1372588764089,40.5054966410092],[34.0933750069698,40.4948393319662],[33.999208093114,40.4950169179363],[33.8297607262102,40.529788353675],[33.7569542136916,40.5340092070345],[33.6131584319652,40.5318953120567],[33.1896253753188,40.5346102430775],[32.9399404387284,40.5411160591056],[32.9892976623452,40.6175561620322],[33.0270970627019,40.6969432861336],[33.0873770914029,40.8720496140484],[33.0922004506923,40.9722364890424],[33.0823842846982,41.0019218709033],[33.0381773199975,41.072415955271],[32.9742932512749,41.1131723761444],[32.9133238931541,41.1383022960767],[32.8227730639312,41.1707311150799],[32.7678234063609,41.1571718082771],[32.7255124923741,41.1651712492169],[32.6909678356155,41.1835868996912],[32.6623779141442,41.1931070709459],[32.62696728235,41.1944132367673],[32.585568008358,41.2045850441302],[32.548070431157,41.2162481361136],[32.5184793274201,41.2234913110792],[32.4506643118626,41.2178340732646],[32.4151362091753,41.226488794934],[32.3923989222729,41.2344875460939],[32.3684930574415,41.2551007572676],[32.3338794936124,41.2659628698565],[32.2943847926515,41.2730549182356],[32.2254615030701,41.272427076956],[32.1779938667887,41.2838532929634],[32.1372511579631,41.3035005162314],[32.0951111538491,41.3431802548103],[32.0518187881937,41.3880361371966],[32.0269605932785,41.4457306347655],[31.9925989413095,41.5426450077525],[32.1606862687547,41.608883073214],[32.1794362691825,41.6333240727769],[32.2774962703756,41.7194370730913],[32.5302662695867,41.8091660728512],[32.6026992697967,41.8317990729579],[32.6844332710499,41.8337550729683],[32.6924892699914,41.839432073854],[32.7213742700672,41.8491520743085],[32.7727732709,41.8580470727168],[32.7980502702822,41.8588870729556],[32.8280482704186,41.8591540728735],[32.9122082700129,41.8749850731906],[32.9508282697035,41.8849940742772],[32.9870112702841,41.9063800732154],[33.068329269814,41.9380450730691],[33.2197192697134,41.9763790730517],[33.3386002698483,42.0198520727893],[33.3985972699459,42.0169300740641],[33.5436062695827,42.0041620730607],[33.5731922708887,41.9951290727901],[33.5988842712708,41.9899980728728],[33.6322102708201,41.9863810737311],[33.7380442709224,41.9797130728836],[33.7741542708097,41.9777760738098],[33.8347172706218,41.9749910728586],[33.9238812717259,41.9730530732933],[33.993889271623,41.9811090729632],[34.1019442718237,41.9761050727608],[34.2094342712364,41.9594340737922],[34.2555462716006,41.9476280732865],[34.3152692720619,41.9408190727955],[34.364441271152,41.9433290736782],[34.516350466743,41.9471238120757],[34.4793738710842,41.7611968250135],[34.4503725140263,41.5518289090225],[34.4404685718492,41.1855497392637],[34.4376789426676,41.1514201806619],[34.4069980073197,41.1421823918852],[34.3957966202929,41.1252504810439],[34.4004448422378,41.1140478668133],[34.434355112336,41.0950212762532],[34.467390119717,41.0811943691837],[34.4854183606449,41.0564337879646],[34.5027692907133,41.0443033268946],[34.53594718592,41.037875963909],[34.5622376367579,41.0307995478379],[34.5958418077197,41.004299287799],[34.6171083719406,40.9935728757267],[34.6433668768904,40.9864749568114],[34.7062990889413,40.9943576830232],[34.7383791242932,40.9856510200194],[34.7623024721366,40.9666817119417],[34.7566317823454,40.9407954087558],[34.7617897901292,40.916952719862],[34.7817200160419,40.8965655747595],[34.8066367460794,40.879798621307],[34.8043157841511,40.8679641039115],[34.7867806841782,40.8378453581057],[34.742888258286,40.8074386707483],[34.698217746729,40.7822216920638],[34.6247588902275,40.7374157733019],[34.5834994506876,40.7261915002679],[34.5557443237284,40.7088133757361],[34.5433608948232,40.6822977971669],[34.5127377516907,40.6656935690658],[34.4676247686523,40.6529953928823],[34.4256104532196,40.64690808221],[34.3941912796761,40.6354703513299],[34.3409536358658,40.6050268607711],[34.3228963622862,40.5800488052292],[34.2857372577078,40.5701334293],[34.2654038068101,40.5507349200992]]]},"properties":{"OBJECTID":65,"DIOCESE":"PONTICA","PERIOD":"ca. AD303-324","PROV_NAME":"PAPHLAGONIA","SUBDIVISIO":"","Shape__Area":44416598437.164063,"Shape__Length":956548.91277121683}},{"type":"Feature","id":66,"geometry":{"type":"Polygon","coordinates":[[[0.6419100356172,43.5193959739174],[0.596149635855226,43.4101421968596],[0.594290823004704,43.3480011292589],[0.601632815805586,43.2891352880462],[0.622189726223439,43.2291665201202],[0.773588264609648,43.0911772592486],[0.915442548055173,42.9474292480433],[0.965408335361283,42.8640647959775],[0.980691824244292,42.7560916190043],[0.950169059759951,42.6379379187995],[0.831480474267422,42.690971952199],[0.726193885939725,42.7213874920666],[0.63556188404945,42.7412226711598],[0.486048753137766,42.7647412882383],[0.297883717969743,42.7865692269698],[0.0456458537834832,42.8038778807276],[-0.0345701392682987,42.8003755547208],[-0.320948012296852,42.8084477859045],[-0.376293845772157,42.8263824271041],[-0.430749641040366,42.8396160853077],[-0.499421161593734,42.8751368659813],[-0.56512345009579,42.9276469221966],[-0.66033936623471,43.0127021612462],[-0.717613464010099,43.0541496262074],[-0.753286365239696,43.069313403717],[-0.866588036044355,43.0973258827355],[-0.969227432061864,43.1049221018065],[-1.05718116532303,43.1045268242403],[-1.11308783319989,43.1220561691421],[-1.22448157576585,43.2001147471094],[-1.26023144464903,43.2294656241339],[-1.31365334729718,43.2495882239828],[-1.41652770486377,43.2710872181586],[-1.50352350165542,43.2943631751902],[-1.78087676189748,43.3599240748426],[-1.72999976219472,43.3788830739065],[-1.66694476122428,43.3852770751677],[-1.59013876221123,43.4376330746874],[-1.5299997618233,43.5124970752612],[-1.48666676177432,43.5705490747795],[-1.44388876156908,43.6405490750414],[-1.44249976132394,43.6655500748733],[-1.44027776229901,43.691383074862],[-1.42472276211295,43.7847210751683],[-1.34444476195039,44.0618020762178],[-1.32895876225961,44.0910380758774],[-1.30499976118089,44.195549075161],[-1.26753967696486,44.3770438452454],[-1.13825298783757,44.3242691019029],[-1.08257403659704,44.2058947061298],[-1.03073261728335,44.1661615670277],[-0.966976689642773,44.1636595287466],[-0.910453689446111,44.1794777909348],[-0.877657366232801,44.1974507551932],[-0.836765777818575,44.2402435361744],[-0.541954113965882,44.5233725417383],[-0.471883860819593,44.5570920940339],[-0.39646631228272,44.5649746791114],[-0.330823353911929,44.5550307440104],[-0.25629232577952,44.5339920407638],[-0.213653765665968,44.48810797312],[-0.176239136203337,44.4345071290566],[0.0433014601993882,43.7015563668316],[0.107381777573863,43.6244689696758],[0.171064582350308,43.5831273956838],[0.271528998063164,43.554951213893],[0.36031202994348,43.5183842909772],[0.457111989440363,43.5087630920674],[0.6419100356172,43.5193959739174]]]},"properties":{"OBJECTID":66,"DIOCESE":"VIENNENSIS","PERIOD":"ca. AD303-324","PROV_NAME":"NOVEM\nPOPULI","SUBDIVISIO":"","Shape__Area":43308371783.155167,"Shape__Length":1032193.7587143737}},{"type":"Feature","id":67,"geometry":{"type":"Polygon","coordinates":[[[7.57681030239645,43.7906010018154],[7.5319352471442,43.7820430748701],[7.51583324661195,43.7909700749144],[7.48416624584795,43.7827760750698],[7.43929324594107,43.7575230752108],[7.42027724717111,43.7370800752357],[7.39328400296393,43.7281043016901],[7.30162373011064,43.9150532008428],[7.1821624704046,44.1248793228104],[7.13490510188348,44.2656879761377],[7.0813538822586,44.5130261667643],[7.05263436712951,44.6094088767096],[7.02600267506129,44.667917775192],[6.94794705031777,44.8624947837435],[6.94511448166556,44.9098697162289],[6.95768754043564,44.9790746732513],[6.99425351617802,45.0395071521037],[7.07775476320818,45.1012943227467],[7.17538691389941,45.1539120431855],[7.25771438714501,45.1359898449852],[7.37767250233976,45.1510279299502],[7.42852532837823,45.1404605549034],[7.48076606141213,45.101421266225],[7.49601951332695,45.0638257157091],[7.49776668085901,45.0282720557362],[7.45739263703281,44.9655699660257],[7.39347255125722,44.8429438220259],[7.37085474837241,44.7640787401848],[7.37057130744241,44.7047786302948],[7.37312115741005,44.6550443727257],[7.38488590310434,44.6197821499081],[7.43781216927765,44.5571277716973],[7.4628648234007,44.5198339617232],[7.4646164133389,44.484321411046],[7.45443450007355,44.4224373282699],[7.4728074209828,44.3849840037912],[7.48467171977348,44.3449965071767],[7.5490239230485,44.3110506351703],[7.58068714819337,44.269175219217],[7.59617311374815,44.2198005337575],[7.61130169714358,44.1775267800211],[7.61764181597605,44.1113638250954],[7.61379997303413,44.0520698482868],[7.57504291109237,43.9682641797305],[7.56155812159771,43.9063829040434],[7.57681030239645,43.7906010018154]]]},"properties":{"OBJECTID":67,"DIOCESE":"ITALIA","PERIOD":"ca. AD303-324","PROV_NAME":"ALPES\nCOTTIAE","SUBDIVISIO":"","Shape__Area":9153022740.1889648,"Shape__Length":517932.58559346525}},{"type":"Feature","id":68,"geometry":{"type":"Polygon","coordinates":[[[35.4931712725616,41.6438670727011],[35.5063862728236,41.6380540728278],[35.5494312720942,41.6308290729468],[35.5766522715652,41.6272120729252],[35.61694327333,41.630962073153],[35.6438822727687,41.6366580728326],[35.7767942740235,41.6715200728183],[35.8766552733937,41.7008290743037],[35.9111102728971,41.7130510727615],[35.9313812729162,41.7255480732528],[35.9530482737515,41.7345730728822],[35.9730532736318,41.7322160728035],[36.0561022728154,41.6887440740867],[36.0745732735839,41.6748470728233],[36.1136012737036,41.6320720729607],[36.1311072736513,41.5951270732346],[36.1331862725611,41.5443000728148],[36.1171452739248,41.5092960727847],[36.1237832732072,41.4757350727961],[36.1727672728747,41.4194330729474],[36.2402722726411,41.3561100728417],[36.3449932726828,41.2833330726741],[36.4001312737306,41.2541580732912],[36.4315182732138,41.2420770732774],[36.4669342733401,41.2411040728982],[36.4924922729297,41.2479100718255],[36.5351332737659,41.2698520721167],[36.5711022731878,41.2956890727225],[36.6124882736732,41.3474880730582],[36.6577682741842,41.3608320720997],[36.7116542743559,41.3649980731526],[36.7344432736759,41.3630450719701],[36.8099972727112,41.3555530729614],[36.8640172727772,41.3451270729537],[36.930832273879,41.3158190730435],[37.0042992736085,41.2790220732083],[37.0288082736098,41.2574880732678],[37.0294422739946,41.2241590729972],[37.0322152735637,41.1936030732694],[37.0523492742138,41.1704060719106],[37.0659318641918,40.9706281431768],[37.051345598225,40.9043418639674],[37.019255615828,40.7979267711129],[37.0099270526752,40.6393684598864],[36.9819590663161,40.4638475118708],[36.9840943491701,40.3146326107479],[36.9782248460369,40.2585068218794],[36.951541772131,40.1810000069692],[36.9343680140912,40.1283234189922],[36.9261204350423,40.0226778327041],[36.8877960574369,39.6724673368147],[36.7340059711007,39.6637635880158],[36.5127733538429,39.6624675970823],[35.7812199949506,39.6751377472242],[35.6884689247973,39.676999331804],[35.6193844954202,39.694407335906],[35.4085911587566,39.7597257749101],[35.2346034414038,39.821523786854],[35.1333773073306,39.8873841018288],[35.0557946680421,39.9763421207816],[34.9972229241944,40.0648787698126],[34.9466405278874,40.1088175527552],[34.884027535766,40.1411122562806],[34.8142116468806,40.1927508630161],[34.6012554059647,40.3904282819677],[34.521159522158,40.4420426567222],[34.4502634558559,40.4786406643162],[34.2654038068101,40.5507349200992],[34.2857372577078,40.5701334293],[34.3228963622862,40.5800488052292],[34.3409536358658,40.6050268607711],[34.3941912796761,40.6354703513299],[34.4256104532196,40.64690808221],[34.4676247686523,40.6529953928823],[34.5127377516907,40.6656935690658],[34.5433608948232,40.6822977971669],[34.5557443237284,40.7088133757361],[34.5834994506876,40.7261915002679],[34.6247588902275,40.7374157733019],[34.698217746729,40.7822216920638],[34.742888258286,40.8074386707483],[34.7867806841782,40.8378453581057],[34.8043157841511,40.8679641039115],[34.8066367460794,40.879798621307],[34.7817200160419,40.8965655747595],[34.7617897901292,40.916952719862],[34.7566317823454,40.9407954087558],[34.7623024721366,40.9666817119417],[34.7383791242932,40.9856510200194],[34.7062990889413,40.9943576830232],[34.6433668768904,40.9864749568114],[34.6171083719406,40.9935728757267],[34.5958418077197,41.004299287799],[34.5622376367579,41.0307995478379],[34.53594718592,41.037875963909],[34.5027692907133,41.0443033268946],[34.4854183606449,41.0564337879646],[34.467390119717,41.0811943691837],[34.434355112336,41.0950212762532],[34.4004448422378,41.1140478668133],[34.3957966202929,41.1252504810439],[34.4069980073197,41.1421823918852],[34.4376789426676,41.1514201806619],[34.4404685718492,41.1855497392637],[34.4503725140263,41.5518289090225],[34.4793738710842,41.7611968250135],[34.516350466743,41.9471238120757],[34.5547102721065,41.9480440728377],[34.6147152717018,41.9402690732641],[34.6413882719001,41.9397120741619],[34.7155452720909,41.9424900732701],[34.7444302712684,41.9466630740531],[34.7924952719423,41.9565200732098],[34.8324962723805,41.96832307415],[34.8508222733842,41.979439074249],[34.8897092721402,42.0102770731332],[34.9172132723668,42.0366510729564],[34.9489822723397,42.0859260731067],[34.9788822725668,42.0919420727868],[35.0063862727934,42.0860980739879],[35.0274882728408,42.0780490727428],[35.0472102728639,42.0652690740209],[35.1573682731621,42.0253180730273],[35.1149902720917,42.0009650729928],[35.0992962728868,41.9672130739125],[35.0963782717561,41.9186710740052],[35.1369322723882,41.8580470727168],[35.2124942727177,41.7705530728344],[35.2652662730039,41.7258220728292],[35.2866512729086,41.7130510727615],[35.4563832728068,41.6536030730507],[35.479438273164,41.6466600726779],[35.4931712725616,41.6438670727011]]]},"properties":{"OBJECTID":68,"DIOCESE":"PONTICA","PERIOD":"ca. AD303-324","PROV_NAME":"DIOSPONTUS","SUBDIVISIO":"","Shape__Area":73680911322.876953,"Shape__Length":1244361.0857369704}},{"type":"Feature","id":69,"geometry":{"type":"Polygon","coordinates":[[[-7.0448187672395,43.4904020752219],[-7.01916676704036,43.5397190748649],[-6.99944476701723,43.5608290748008],[-6.94333376565089,43.5777740741903],[-6.76666776709256,43.5677720748606],[-6.60083376562122,43.5583270747967],[-6.48138876632014,43.5549930752138],[-6.34277776576627,43.5569380747554],[-6.29583376734553,43.5694430746845],[-6.10180576608461,43.5618020747343],[-6.07583376621832,43.5658260750761],[-5.9447227658356,43.5938870751136],[-5.88333376511971,43.6233290751766],[-5.85416676590995,43.6480480748578],[-5.77861076542823,43.6172180749527],[-5.75361176498215,43.5904120752375],[-5.73333376529031,43.5763850747788],[-5.67750076555496,43.5448570747197],[-5.64583376568926,43.5449940750402],[-5.61000076491309,43.5502780750462],[-5.54888876510495,43.5522150749558],[-5.45972276524934,43.553886075318],[-5.39805576559743,43.5524980751312],[-5.27986176555091,43.5294380738743],[-5.25916676520924,43.5183260751647],[-5.23444476477258,43.4955520751021],[-5.20799359185562,43.4813176281394],[-5.19470189792622,42.9774354508191],[-5.1680010939716,42.795803595162],[-5.11766381287133,42.5770202010667],[-5.12039577919487,42.5187269010311],[-5.13134321967735,42.4663735722439],[-5.20374929737822,42.3174923681196],[-5.26412578178456,42.2234952258624],[-5.60354006072844,41.8478081729451],[-5.73151506670881,41.7036928498577],[-5.77160604330416,41.6222994893174],[-5.77734621329099,41.5876079740986],[-5.77696968982955,41.5539436190884],[-5.78984203760789,41.532512546746],[-5.84164629092333,41.4804415561242],[-5.85541861227581,41.4299427386794],[-5.92008542802122,41.4214151070744],[-5.97019095455795,41.4177266307437],[-6.01156004964797,41.4275509220604],[-6.10946121612241,41.4758952262864],[-6.13592508133599,41.478587884884],[-6.16030096987684,41.474398673034],[-6.18188397823307,41.4610375088897],[-6.24331168915115,41.3997891756677],[-6.27654489003663,41.3723253720143],[-6.30086264590048,41.3367508189087],[-6.31814745637068,41.3096290662999],[-6.35246736632333,41.296409628667],[-6.38140504540401,41.2865280839936],[-6.40188084693487,41.2491798750066],[-6.43958997918193,41.2160322820696],[-6.50036967420015,41.1956799949912],[-6.5683876569096,41.1884720990149],[-6.58975642425706,41.1750305120143],[-6.63103473560448,41.1435652080881],[-6.66303279699172,41.1233837741286],[-6.70017257611342,41.1095071569331],[-6.71472087658136,41.0948366509865],[-6.71265753081537,41.0373013500107],[-6.73178468442365,41.0169814852276],[-6.79897696716498,40.9976511352082],[-6.85249817497454,40.9855686642909],[-6.88851751688335,40.9886949321687],[-6.93068784991799,40.9810353608191],[-6.97128242026501,40.9784714842608],[-6.99972402988284,40.9877669772907],[-7.01903356125677,41.0083851808979],[-7.04335516819824,41.0546528968784],[-7.05667547706268,41.0763689002351],[-7.08664300724297,41.0902064717396],[-7.11369682395143,41.0949064899898],[-7.1679770578704,41.084923379845],[-7.18305241069531,41.082144651089],[-7.20253769206467,41.0930499831703],[-7.22732613908627,41.1005567352678],[-7.25667509205685,41.1023785290395],[-7.30564863623273,41.0957127510302],[-7.32822762381241,41.0963526012279],[-7.35753368671974,41.1078233989059],[-7.39656371074373,41.1392427897531],[-7.41838316286925,41.1472624141549],[-7.4613463507703,41.1416437042077],[-7.55629633234745,41.1189628451607],[-7.64439167064011,41.0950521178258],[-7.65944514589461,41.0921977612458],[-7.70085954571938,41.1012775032201],[-7.75056024916827,41.106341795967],[-7.78366754038688,41.1000224206907],[-7.85726971680374,41.0617062083197],[-7.89033898143804,41.0553502338817],[-8.00905557819773,41.037272526965],[-8.09527415260557,41.0084024322865],[-8.11327941373026,41.0048924459965],[-8.16283150798338,41.0000609868627],[-8.20327085124593,40.9872918561811],[-8.26988829215547,40.9669260183122],[-8.31483453260577,40.9580630610196],[-8.34114497365369,40.9601403661206],[-8.36680738532698,40.9696165817204],[-8.39861317041249,40.9875737157657],[-8.43422265417633,41.0071981851713],[-8.51088670859468,41.0526222000449],[-8.55999170773765,41.0646711652158],[-8.64554376813726,41.0185770726949],[-8.65722276873937,41.0419390716859],[-8.72944476816381,41.2366640730119],[-8.78972276936722,41.4213870732682],[-8.7788407675599,41.4675750730057],[-8.7811127686102,41.4844440727315],[-8.79972276929595,41.566666073087],[-8.81508876843779,41.6172410729564],[-8.87305676895608,41.7243000728354],[-8.88083476806325,41.7516630730003],[-8.87972376765247,41.8413850732899],[-8.86236176764484,41.864025073804],[-8.81361176922742,41.9024960728972],[-8.7862167678825,41.9190900731946],[-8.75241876922844,41.9317320728142],[-8.74500876767237,41.9524990739049],[-8.76500076803223,41.9349970743027],[-8.78388976837724,41.9227750730249],[-8.81644376834775,41.9201890732288],[-8.8480437691646,41.8995820731237],[-8.87513976806386,41.8795090728408],[-8.88833476913269,41.9336090740915],[-8.89750076866009,42.110554072711],[-8.81083476856206,42.1869430743078],[-8.7663897691757,42.2162740738961],[-8.72277876839403,42.2402730732244],[-8.64416676758769,42.2883300740442],[-8.57986276791082,42.3490220739025],[-8.60000076875888,42.3536070741097],[-8.62597276772687,42.3452760742477],[-8.65329976929974,42.3027380737337],[-8.68361276818209,42.2797160743076],[-8.76083376909346,42.2591630731705],[-8.79411176806382,42.2533840739966],[-8.86486176830075,42.2496490740031],[-8.85277976819084,42.2961040741789],[-8.8219447690767,42.328331074023],[-8.79361176936994,42.337776073797],[-8.69222276893911,42.4008330742562],[-8.67194576817387,42.4144440741641],[-8.65611276815349,42.4277720742103],[-8.69611176894186,42.437634073745],[-8.74694576898689,42.4126360737721],[-8.78041776902435,42.3969540743234],[-8.84083376762507,42.3913880728649],[-8.88055576930229,42.4216610742689],[-8.90611276906691,42.4751360742505],[-8.88875076905928,42.4984700739997],[-8.86072976862379,42.4874230742323],[-8.86861276821126,42.4597890736912],[-8.8361127677691,42.4619370733173],[-8.81444576873045,42.4916610739173],[-8.80972276832638,42.5194400738787],[-8.83187576940847,42.5491640738868],[-8.81180576923076,42.5760380742151],[-8.77889076778861,42.5961070742449],[-8.74694676881182,42.6380540740081],[-8.71972276896771,42.6752780738528],[-8.7204967690946,42.6984900739162],[-8.8513887682959,42.6611100742794],[-8.92083476867652,42.6268000738853],[-8.93743076895313,42.6003420743226],[-8.99555576893197,42.5324940739862],[-9.02937476840071,42.5241620738618],[-9.06138976931929,42.5794370739641],[-9.05666776874008,42.6099930742489],[-9.03472376879369,42.6708300740925],[-9.0225007691168,42.699581074324],[-9.00638976836373,42.7208330737596],[-8.91583376843808,42.7890240743161],[-9.00861176828699,42.7763820747925],[-9.08666776942462,42.7402720740087],[-9.10583476870565,42.7524950738237],[-9.12333476880552,42.7688830742745],[-9.13238476888029,42.7997890738109],[-9.1244447693914,42.8399960741745],[-9.14389076923002,42.8933260747796],[-9.16277876885179,42.9258270738705],[-9.18819576887433,42.9512480753245],[-9.2638897694483,42.9137460750845],[-9.29333476939074,42.9224930740558],[-9.25916676904419,43.0472180751483],[-9.20819576873179,43.1551320749868],[-9.16972376917916,43.1858290751419],[-9.13208376858139,43.1961750747805],[-9.08944476919166,43.1905520751561],[-9.03527776881256,43.2038880747854],[-8.94402876895087,43.2349970741644],[-8.97750076809,43.2786060739999],[-8.95027976772062,43.293610074096],[-8.87639076911505,43.3197170738552],[-8.82444576776088,43.3272170748149],[-8.78277776814155,43.303055074702],[-8.72416676791593,43.2911070747808],[-8.70138976918971,43.2872160742955],[-8.68944576827374,43.2922210753131],[-8.65750076857372,43.3033290746808],[-8.40555576774646,43.384720075195],[-8.32972376797855,43.4038850738329],[-8.26555676767072,43.5527720752333],[-8.00666776813765,43.7038880751199],[-7.8980557666468,43.7641600748088],[-7.85826476806752,43.7643010748502],[-7.85055676838225,43.7147220752948],[-7.80249976720592,43.7269400747188],[-7.72444576661643,43.7474970750763],[-7.6855567682106,43.7486040747238],[-7.5166677680362,43.7344440752003],[-7.46361176716955,43.7263870750148],[-7.36361176788218,43.6741640748925],[-7.33347276817879,43.6386070747496],[-7.2959727673231,43.5961080751098],[-7.24736176792454,43.5622220750203],[-7.20472276673818,43.5648570749111],[-7.03847276713687,43.5502740748596],[-7.0448187672395,43.4904020752219]]]},"properties":{"OBJECTID":69,"DIOCESE":"HISPANIAE","PERIOD":"ca. AD303-324","PROV_NAME":"GALLAECIA","SUBDIVISIO":"","Shape__Area":143215849217.12305,"Shape__Length":1875487.5060400101}},{"type":"Feature","id":70,"geometry":{"type":"Polygon","coordinates":[[[22.0700897595954,44.6150217882664],[22.0358446837975,44.4619671520608],[22.0219106360494,44.3459548693091],[22.0339670979541,44.2124178680495],[22.0980267774333,43.8901435880167],[22.1029940306615,43.798356378287],[22.0883625408083,43.637050814094],[22.0722484687153,43.4831910141629],[22.0426681016427,43.4125385359427],[22.0041310469955,43.3453968057436],[21.9508403010738,43.2992355892054],[21.8047163313711,43.2188619646805],[21.5361126700811,43.129016579279],[21.402917691427,43.0873238330734],[21.2542895223427,43.0711684130341],[20.9793330831613,43.0810874862809],[20.8801380722849,43.0898412840071],[20.7302415269352,43.089764986969],[20.5397512592481,43.0819290850156],[20.4600758606562,43.0905210498012],[20.3471477488726,43.1121275817605],[20.1805378096083,43.1678395802299],[20.1764108764295,43.2135967987427],[20.1498793626851,43.2616873998684],[20.1315004212669,43.3351756847775],[20.1143262230526,43.4825353778668],[20.1213151527939,43.7205879460585],[20.0907529441838,44.003247883938],[20.0904364838789,44.1538665369709],[20.1060785981896,44.5038495492175],[20.1231962806944,44.6409088919513],[20.1513072042865,44.697901123087],[20.2298652711415,44.8383636477539],[20.2600806213558,44.8879707932344],[20.2912467520601,44.9087367122991],[20.3385528910163,44.9262926641012],[20.4086783662981,44.9538610279109],[20.4793225926053,44.9959986562111],[20.5191059914372,45.0010089378132],[20.551971888271,44.9975663783064],[20.5750012354386,44.9841500392287],[20.5803344434489,44.9725916297458],[20.5695758881279,44.9334021858003],[20.5477101179681,44.9027143559309],[20.5428639118261,44.8794013668872],[20.546702737327,44.86067406086],[20.5675258760557,44.849321572162],[20.5927303643264,44.846663136201],[20.6185758778075,44.8347668817801],[20.6536199188123,44.8053942870256],[20.683455887126,44.8003851789078],[20.713913830976,44.7861371391684],[20.7700340769049,44.7837857408136],[20.8369750793017,44.7838969657371],[20.9329267030819,44.7991380012304],[20.966988548613,44.8137522009008],[21.0376851934137,44.8426693158646],[21.0770595794153,44.8695102387705],[21.1424625214169,44.8971219730149],[21.1826274652928,44.9036619769535],[21.2182995059363,44.9015146131061],[21.253836530691,44.9103809758052],[21.2927048606588,44.9225320190096],[21.3027844360504,44.9213970772469],[21.315104599305,44.9071593010855],[21.3340580358054,44.8995127403171],[21.3642824652923,44.8960923242706],[21.3962164363756,44.8887970311825],[21.4262179120938,44.8615161317202],[21.4602332796904,44.8521239692293],[21.4728978731947,44.8396590202748],[21.4802904860618,44.8039303831253],[21.5154740120741,44.7998889238543],[21.5406026771449,44.7969945678658],[21.5896256888485,44.7858205930408],[21.6222760591844,44.7820330547557],[21.6662014936717,44.7824294647975],[21.7021804599018,44.7819009691174],[21.741498974286,44.7846395060328],[21.7808384796035,44.7763402909961],[21.8419315384339,44.7397300638452],[21.8812135120473,44.6983251219181],[21.9288083264167,44.6816258292864],[21.9730032411162,44.6506122717774],[22.0021661116689,44.6324094139499],[22.0284192357101,44.623733934295],[22.0700897595954,44.6150217882664]]]},"properties":{"OBJECTID":70,"DIOCESE":"MOESIAE","PERIOD":"ca. AD303-324","PROV_NAME":"MOESIA\nSUPERIOR","SUBDIVISIO":"","Shape__Area":56762730204.719727,"Shape__Length":948143.89255825628}},{"type":"Feature","id":71,"geometry":{"type":"Polygon","coordinates":[[[24.4285414415884,43.8347138751517],[24.4334043510047,43.6680761740958],[24.4386174866009,43.5563223231992],[24.4074039571889,43.4090009037215],[24.3861860511136,43.3446343161373],[24.3199178230843,43.2483803888678],[24.1950620282818,43.1053524718236],[23.736967280124,43.2050449030389],[23.6455053040815,43.232374861907],[23.3359641441781,43.2945747313259],[23.2357806702822,43.3274797300428],[23.0918087774376,43.3829808816958],[22.9881160214095,43.4160687152968],[22.8697904181739,43.443759783977],[22.5455018839491,43.4787600690726],[22.4336061277681,43.4930610690623],[22.3575304671658,43.5194992919553],[22.2363924903039,43.606685539842],[22.1782067866697,43.6259291820584],[22.0883625408083,43.637050814094],[22.1029940306615,43.798356378287],[22.0980267774333,43.8901435880167],[22.0339670979541,44.2124178680495],[22.0219106360494,44.3459548693091],[22.0358446837975,44.4619671520608],[22.0700897595954,44.6150217882664],[22.1244106602473,44.6378343431608],[22.1399619063737,44.6598362879533],[22.1404461010068,44.6726441251287],[22.1359233090284,44.6860600979582],[22.1406775169055,44.7167318460448],[22.147030243593,44.7325039420212],[22.1550365899538,44.7443990242688],[22.1843232240982,44.7481843306851],[22.2127528133592,44.7483907578583],[22.235819215134,44.758438665851],[22.2413423925723,44.7706345899302],[22.2724658775551,44.7925645947867],[22.2968640631797,44.8079576839722],[22.3305425643413,44.829563029287],[22.3603268157458,44.8350842289629],[22.3879314416572,44.8316688988482],[22.4083273712812,44.8199415246859],[22.4144238580255,44.8026263760016],[22.4430773119469,44.7825044658109],[22.4743419303457,44.7730858851575],[22.5070835775992,44.7487503817222],[22.5291844099195,44.7441388749873],[22.5537825829842,44.7392092862764],[22.5914708527571,44.7142181237706],[22.5952786082272,44.6879750160941],[22.6104092379848,44.6658200200434],[22.6114199387992,44.649131162042],[22.6037656197404,44.639059352991],[22.5837759100845,44.6415858230863],[22.5617241518299,44.6462082919121],[22.5492279951363,44.647782578184],[22.5136294672257,44.670655602935],[22.4911214375703,44.6734777348006],[22.4734839646892,44.6646482312702],[22.4641025087325,44.6474265741471],[22.4592876331327,44.6277961157131],[22.4400456038642,44.622842876011],[22.4027654782507,44.6072600762837],[22.3850561679947,44.5873969722554],[22.3836429581527,44.5710236977078],[22.3741996352224,44.5427790100214],[22.3770200011597,44.5332357432995],[22.3951277609567,44.5125949692176],[22.40075778132,44.4935071962375],[22.4137420493013,44.4624715058383],[22.4347361266488,44.443299925951],[22.4687242770889,44.4353609791311],[22.5091561499615,44.4118885321415],[22.530390137677,44.3834688121139],[22.5363940871672,44.3661625316943],[22.5347960013448,44.3387862842422],[22.5545254187572,44.3252583270102],[22.5838891373361,44.3196951063082],[22.6389566996859,44.3145254257143],[22.6726562932904,44.2955078688166],[22.7024352024139,44.291692795258],[22.7369849768747,44.2762196651839],[22.7535250318721,44.2501804667867],[22.7715747766713,44.2404964207],[22.8062700171227,44.2360109751138],[22.8486295739837,44.2213192008579],[22.884666177919,44.2019137981159],[22.9098791193366,44.1802275049006],[22.911910557842,44.1578878067303],[22.9029241755574,44.142507545315],[22.8707970298571,44.1264681972772],[22.8384471801197,44.1196462710263],[22.8207379057963,44.099881514957],[22.792715116815,44.0796163841503],[22.7804193500069,44.060985596299],[22.7666135870713,44.0260074377136],[22.7525701972852,44.0002519671351],[22.7600360138648,43.9790670651946],[22.7948552478766,43.9451396002497],[22.8349635368041,43.9325641959704],[22.8743728097781,43.927415611178],[22.921832486986,43.9138400893191],[22.9779989530329,43.9046050962303],[23.060804897745,43.9101913958296],[23.1329582892379,43.9336903510122],[23.2382673857534,43.9471703610254],[23.2864104518221,43.9462005682086],[23.3245534793345,43.9557637797809],[23.3590097328861,43.9510896450912],[23.4029743339198,43.9340618858287],[23.4341534704328,43.9169186709442],[23.4759471659199,43.9111960968011],[23.5332984900637,43.9162029127072],[23.6629663128064,43.9056211777385],[23.7327740351076,43.8903570072598],[23.8733910662173,43.8355674201898],[24.010654428555,43.8160463482556],[24.0949152505652,43.8076492818426],[24.1869821143908,43.8091117779131],[24.2771152009554,43.8218410933232],[24.3609076027489,43.829888047781],[24.4285414415884,43.8347138751517]]]},"properties":{"OBJECTID":71,"DIOCESE":"MOESIAE","PERIOD":"ca. AD303-324","PROV_NAME":"DACIA RIPENSIS","SUBDIVISIO":"","Shape__Area":30360385457.194336,"Shape__Length":986127.34773340379}},{"type":"Feature","id":72,"geometry":{"type":"MultiPolygon","coordinates":[[[[17.7455542557994,42.6930500739556],[17.7399982557172,42.6916660740002],[17.7274972562059,42.6983260738126],[17.6997182556198,42.7055510740838],[17.6894422564048,42.7077710737323],[17.6347202552836,42.7183300742321],[17.6113852554423,42.7205500741826],[17.5486102557526,42.7283330741178],[17.3724972555916,42.7572170741928],[17.3586082556601,42.7616650741568],[17.3316652560234,42.7748600738487],[17.3234692564415,42.7890240743161],[17.3630522546083,42.8022150741115],[17.3780522558489,42.8019410742948],[17.3994402552283,42.7977750742339],[17.6648602557102,42.7359690742737],[17.7305522558073,42.7099990740118],[17.7402762555515,42.7030490742176],[17.7455542557994,42.6930500739556]]],[[[17.135830254941,42.9619370742809],[17.1836092562829,42.91861007411],[17.1344412546958,42.9116590741099],[17.1238862549233,42.9113850739324],[16.9411082548174,42.9113850739324],[16.8661082549027,42.8977740741353],[16.8316652559932,42.9038850747375],[16.7236102548943,42.919441073961],[16.6722222548304,42.9261090748238],[16.6338862557202,42.9823570736793],[16.643329255257,42.9866640742321],[16.6861072563605,42.9908290749464],[16.7211072556619,42.9849930748674],[16.7336082551732,42.979996073887],[16.7569432550146,42.9727710740986],[16.7722202553663,42.9691620742215],[16.8205532558288,42.9599990739966],[16.8633312551357,42.9561080738829],[16.8736072552489,42.956940074705],[16.8963852555967,42.9619370742809],[16.9113882554137,42.968887073687],[16.940552256047,42.9733280739824],[16.965553256143,42.9763870747414],[17.0197222561719,42.9766620739463],[17.0447192551715,42.9752730740753],[17.135830254941,42.9619370742809]]],[[[16.093330255408,43.0099940743026],[16.0644412542359,43.0105510739221],[16.0505522543044,43.0630490742785],[16.0661082543154,43.0702740752492],[16.0849992552085,43.0774990737065],[16.1036112537475,43.0811080739638],[16.113888254584,43.0822220752564],[16.1397212536348,43.0824970737434],[16.1849972548461,43.0816650738615],[16.2305522548184,43.0783310750441],[16.2521152549983,43.0646090750453],[16.2098602548498,43.0234680742376],[16.093330255408,43.0099940743026]]],[[[16.6661112549044,43.1191630751381],[16.6541632555871,43.1197200751579],[16.5338862546361,43.1436080746826],[16.4647222551861,43.1602710749191],[16.4305532550147,43.1694410750364],[16.3777752548807,43.1953430747581],[16.457222255015,43.2102740741376],[16.4758302551526,43.2119370749064],[16.5652772561139,43.2180480739779],[16.6133312551206,43.2138820740918],[16.6622202552518,43.2002720747645],[16.8111072550206,43.1613840747829],[16.9613872552325,43.1491620752907],[17.1163862556505,43.1361080742782],[17.1099972558902,43.1163860750791],[17.057777255973,43.1124950739497],[16.879718255175,43.1205520747564],[16.6661112549044,43.1191630751381]]],[[[16.6872212553477,43.2616650752765],[16.6288872551315,43.2619400742186],[16.5774992550676,43.2686080748675],[16.5197222552434,43.2763820750864],[16.487777254645,43.2852710751309],[16.4147202549943,43.3147200741614],[16.4055542545686,43.3260380751556],[16.432150254774,43.3904800747968],[16.6011082554437,43.3791660751382],[16.7002752550529,43.3686070747377],[16.7530512546388,43.3627780751],[16.7761082546458,43.3594440752797],[16.8073592563815,43.3513870751788],[16.8847202561366,43.3172150741249],[16.8872182553461,43.2977750749773],[16.8473582553732,43.2679140746741],[16.8261102548376,43.267494074284],[16.7933312547362,43.2686080748675],[16.7163882545575,43.2661060752507],[16.7061082560429,43.2652740742618],[16.6872212553477,43.2616650752765]]],[[[15.2172222539699,43.8908310751482],[15.1941662537878,43.8711090749178],[15.1843042539513,43.8736080750859],[15.1483322541563,43.8899990750297],[15.1374992536511,43.8963850751305],[15.1080552544319,43.9199980748967],[15.0997222536843,43.9274980750484],[15.0716652532638,43.9574960760587],[15.0572202527653,43.9738840752985],[15.047222254283,43.9888840760286],[15.0361102532203,44.0036090751364],[15.0288892536067,44.0119400750626],[14.9894432530123,44.055549076064],[14.9745812536606,44.0676380752298],[14.9169422539286,44.1091610760324],[14.8819432535538,44.1302720749366],[14.8713862541314,44.142776075238],[14.8599982537825,44.1569440751474],[14.8542342541861,44.1725650758418],[14.9924982544103,44.083611075258],[15.036665253064,44.0269390750731],[15.0502772538844,44.0138850746886],[15.0840262530329,43.9856910751705],[15.1430552537333,43.9516600750836],[15.2195822539854,43.9097170749968],[15.2251372542427,43.8995780750362],[15.2172222539699,43.8908310751482]]],[[[14.5259712533442,44.4756890761208],[14.5166662530013,44.473328076263],[14.511110252919,44.4741590762119],[14.3674982530251,44.590271076297],[14.3477762530019,44.6552730747621],[14.3380542529076,44.7067340762286],[14.3827762532017,44.6969410758629],[14.3919442523789,44.6898570758081],[14.3954152519069,44.677219076192],[14.3938882533661,44.6594390760363],[14.3954152519069,44.6265260752643],[14.4072212527306,44.6038820757605],[14.4161112538701,44.5922170759129],[14.42638825291,44.5816650763013],[14.4766642527382,44.5358280761931],[14.4897212528165,44.5266650761107],[14.5041652525917,44.5224990760665],[14.5158332533232,44.5124970761626],[14.5334702527921,44.4911040759306],[14.5259712533442,44.4756890761208]]],[[[14.7452772529137,44.6944430761211],[14.8738882526406,44.6080510761233],[14.9091662526747,44.607773075884],[14.9286102528634,44.5983280758853],[14.9602772536274,44.579162076144],[15.0426382528978,44.5228420751918],[15.0733332540665,44.4799960752589],[15.0584702530933,44.481663075163],[15.0108322531149,44.5141600763066],[14.9762762533292,44.5191610751297],[15.0079432540932,44.4899940759642],[15.0424442536273,44.4644930760323],[15.0369432537967,44.4820780759948],[15.0500692525736,44.4761050757968],[15.0852772540841,44.4586110762423],[15.1169432541249,44.4394380762491],[15.2405552541614,44.3502730750749],[15.2500682540185,44.3354830750213],[15.2191662540588,44.3058320760546],[15.1715272542555,44.2958300760108],[15.1402762543165,44.3038860763208],[15.1288882530692,44.30986007618],[15.1097222527148,44.3236080747749],[15.1001362530628,44.3347170757948],[15.0236652537855,44.4223860747016],[15.0126652528758,44.4418830760993],[14.9178322544065,44.5048870762227],[14.7447202543185,44.6755520757804],[14.7366652534053,44.6877750759755],[14.7352062528399,44.6977730761194],[14.7452772529137,44.6944430761211]]],[[[14.42638825291,44.9847180767689],[14.4594442530208,44.8274990762794],[14.4705542544337,44.7405550759698],[14.5063872543116,44.6708300758678],[14.5301372542546,44.6336780759277],[14.5168032541669,44.6140250762323],[14.4933322538831,44.6063840760968],[14.488054252737,44.6058270759675],[14.4838882536231,44.607773075884],[14.4511112540698,44.6263880759723],[14.3894442526213,44.6950000758198],[14.3313882531378,44.8497160761297],[14.3413872532416,44.91610707592],[14.3620822526849,44.9073600762301],[14.3971852528169,44.9115940760483],[14.3925002529459,44.9561080758177],[14.3536092530936,45.0451350760018],[14.3411102532322,45.0566630762853],[14.3174992532063,45.0659710767649],[14.3080542531214,45.0730510761584],[14.2752762519465,45.1033320757465],[14.2747902525981,45.1218720758609],[14.3087482528823,45.170135077085],[14.3176382531235,45.1754110769195],[14.3530542532498,45.1668010757163],[14.3636092530224,45.1605530758477],[14.3663872526143,45.1465910758279],[14.35805525259,45.1361080759484],[14.353887252928,45.1191630759081],[14.3588882522681,45.1011050759319],[14.37694325311,45.0524980757952],[14.4100002530458,45.0047150762968],[14.4188882527388,44.9930500756954],[14.42638825291,44.9847180767689]]],[[[14.7336102538039,44.9399950758614],[14.7213882539519,44.9402770757593],[14.6983312539449,44.9477770761902],[14.6408332537799,44.9677730759937],[14.4833322530561,45.0354160761214],[14.4636092532081,45.0480500771012],[14.4363882528387,45.0699960757035],[14.4288172534208,45.0862430772145],[14.5391642529665,45.2394410771779],[14.5543052528758,45.2476350768813],[14.5895812532601,45.2383310768141],[14.6577762525895,45.1227720762321],[14.704166252788,45.068329076314],[14.7924992529655,45.0091630757365],[14.8066652529064,44.9963840758433],[14.814442253087,44.9804120760458],[14.8049982537252,44.9694440770092],[14.75819425325,44.9419400761889],[14.7336102538039,44.9399950758614]]],[[[14.7023683268491,45.4325783513067],[15.3020761383408,45.2223023777237],[16.2856817649901,44.9518443508567],[16.8340093728962,44.8399881462359],[17.4104738728926,44.7515386721316],[17.9680641022197,44.7231632940733],[18.1911424420777,44.6956666622557],[18.4989348489225,44.655738516792],[18.7691525599958,44.6324537611626],[19.0951194373271,44.6224809070099],[19.501167342127,44.6468949101583],[19.7355780550584,44.681762838113],[19.9106766245999,44.7459335230182],[19.9449120488984,44.7664736640217],[19.9806257255571,44.7772845559908],[20.0295417937245,44.7867649631222],[20.0534941679313,44.8059108307487],[20.092520757696,44.8331143230171],[20.134443485394,44.8408618672727],[20.2298652711415,44.8383636477539],[20.1513072042865,44.697901123087],[20.1231962806944,44.6409088919513],[20.1060785981896,44.5038495492175],[20.0904364838789,44.1538665369709],[20.0907529441838,44.003247883938],[20.1213151527939,43.7205879460585],[20.1143262230526,43.4825353778668],[20.1315004212669,43.3351756847775],[20.1498793626851,43.2616873998684],[20.1764108764295,43.2135967987427],[20.1805378096083,43.1678395802299],[20.0404623638002,43.1680467118974],[19.8694115678945,43.1592721320334],[19.5994749756063,43.1075653997104],[19.2259373901962,42.9983854769296],[19.063853609796,42.9422221842154],[18.8305146597622,42.8637935900868],[18.7697504040888,42.8288793301513],[18.7313277570795,42.7919304043035],[18.7104754302905,42.7438944683213],[18.6934852169279,42.6408722371177],[18.6813708568065,42.6063250229539],[18.6297707537242,42.4586734623192],[18.5080522567796,42.4538840738687],[18.503197256131,42.4494400741288],[18.5227752571124,42.4301340739695],[18.5169432568457,42.3999940740623],[18.3570672560378,42.4965590740038],[18.2147212572636,42.5794370739641],[18.0577772560334,42.663605073839],[17.8772202560259,42.7677760737415],[17.7426372562903,42.7970810742858],[17.5524982559305,42.8408280741923],[17.4391632558321,42.8738860746944],[17.3649982552454,42.915275075188],[17.2037462564078,42.9819410746909],[17.1804832556381,42.9754830738105],[17.1452752559243,42.9766620752608],[17.0716632546331,42.9863810738396],[17.0123592562681,43.0062450739933],[17.0106222558684,43.04805007395],[17.2688862552375,43.0119400741195],[17.2988852551988,43.0069430738528],[17.438955256318,42.953953073741],[17.5227772558035,42.9202730737019],[17.6573582558893,42.8808290741422],[17.6498412559997,42.8890760750177],[17.5785252560483,42.943825074287],[17.5188862561509,42.9527700740419],[17.4806932562575,42.9812470750014],[17.4716642560992,42.9905550741408],[17.4705542564116,43.0177760741125],[17.454998254604,43.0333330737913],[17.3265262547944,43.1163860750791],[17.2516632560454,43.1541600747797],[17.2225002561353,43.1613840747829],[17.1778452557883,43.1738850743011],[17.1313862550944,43.198883074297],[17.0681932549301,43.2409700748112],[17.0449982557291,43.2724950748332],[16.9399982551299,43.364716075027],[16.881664255812,43.4036060752114],[16.860832255203,43.4052730749009],[16.8380542548552,43.4052730742483],[16.8136102551513,43.4069440749521],[16.7641642564247,43.4113850738002],[16.7363852549403,43.4161070749783],[16.6377772553727,43.4411090747512],[16.6188892548526,43.4488830750429],[16.4991642542707,43.503052075117],[16.4692322551549,43.5335390747193],[16.4305532541164,43.5456890751541],[16.3540262547626,43.5508270746962],[16.3102762549621,43.5430530742087],[16.1905522542051,43.5116650748481],[16.1702762550614,43.4919390749972],[16.1027072548226,43.4758300749715],[16.0369432547555,43.4818040748626],[15.9883322553569,43.5044400740043],[15.9188182543059,43.5669400740086],[15.9258312544053,43.627739075042],[15.9659012553388,43.6318010752565],[15.9408322536742,43.683609074945],[15.7821522536659,43.7562450747261],[15.6888882553668,43.7788850749321],[15.5994432540553,43.8452760757872],[15.5338882551239,43.8819430751408],[15.526035253877,43.8950390748732],[15.4909712541031,43.9130520751948],[15.4574992540657,43.9226340749682],[15.4055542536099,43.9652710752251],[15.2816662542872,44.0730510752852],[15.2322212535889,44.1191630746801],[15.1516662543153,44.1963880750851],[15.1179842542155,44.270759074775],[15.1451382537394,44.2800670760673],[15.2038882538822,44.2549970746988],[15.2913182540614,44.2533990752768],[15.2799982543828,44.3058320747688],[15.3213872543429,44.3004950761056],[15.3418882536175,44.2874950762331],[15.3850542541602,44.2701640761272],[15.4144442529527,44.2599940758423],[15.5222902538143,44.2632560757057],[15.5033322547706,44.2761080749702],[15.4786102534356,44.2755510758531],[15.4486102536494,44.2831880759865],[15.2705552539476,44.3691630763127],[15.1816652542765,44.4386060759705],[15.1408332538101,44.4730530761964],[15.0958332527833,44.5180510757154],[15.0137482536974,44.5654790759697],[14.990555253248,44.5794370748171],[14.9711102541326,44.6016620759832],[14.9263882538385,44.6549990759443],[14.8947212530745,44.6952740758633],[14.887777252572,44.7162440762758],[14.8786092542931,44.8113860763064],[14.880276252576,44.852077075977],[14.8940262525903,44.8894420762981],[14.9095822526012,44.9115220758589],[14.9193042526957,44.965969076045],[14.8315272539835,45.1154140767302],[14.8002782536942,45.1230540757639],[14.7527772530849,45.1356890758784],[14.7248602542031,45.1486050769409],[14.6744442528361,45.1822200759693],[14.5849992533213,45.2522200767457],[14.4827762533874,45.31110407582],[14.4486092537641,45.3212430758643],[14.3230542525653,45.350967076947],[14.3185915569811,45.3465672968668],[14.3345443733957,45.3775456493105],[14.408577342297,45.4528382737932],[14.509584561427,45.5245310990308],[14.7023683268491,45.4325783513067]]]]},"properties":{"OBJECTID":72,"DIOCESE":"PANNONIAE","PERIOD":"ca. AD303-324","PROV_NAME":"DALMATIA","SUBDIVISIO":"","Shape__Area":150848370809.98633,"Shape__Length":3540966.2865412552}},{"type":"Feature","id":73,"geometry":{"type":"Polygon","coordinates":[[[39.8477450156288,40.2982284659051],[39.7259228099812,40.2343830020918],[39.6706254109711,40.201835541694],[39.6272780217079,40.155052787087],[39.5902614716802,40.1368091416896],[39.5309072970167,40.1260337531301],[39.4991698620462,40.1111121239405],[39.4518903518499,40.1039239861951],[39.4078897355599,40.1083797366906],[39.3626700173944,40.1106680342342],[39.3005277622448,40.0828518903166],[39.2716735330607,40.0669278278958],[39.2316900228211,40.0725228317776],[39.1873047533163,40.0821001786981],[39.1516850323515,40.0658383151514],[39.1172906197224,40.0695372027437],[39.0580873925694,40.0762874253175],[38.9976740377105,40.0808485268873],[38.9316994222352,40.0693799653012],[38.8768919670759,40.0720289339046],[38.4342282542899,40.0603843138788],[38.1451415708109,40.0563327572299],[38.015606655611,40.0543017208979],[37.8745661452016,40.0304280891406],[37.6841882998757,39.9561356610208],[37.5666291131893,39.9195566400989],[37.4441039488825,39.8541768886994],[37.3055669641181,39.7634631506616],[37.1864315467219,39.7220880116907],[36.9809974674152,39.6767907476969],[36.8877960574369,39.6724673368147],[36.9261204350423,40.0226778327041],[36.9343680140912,40.1283234189922],[36.951541772131,40.1810000069692],[36.9782248460369,40.2585068218794],[36.9840943491701,40.3146326107479],[36.9819590663161,40.4638475118708],[37.0099270526752,40.6393684598864],[37.019255615828,40.7979267711129],[37.051345598225,40.9043418639674],[37.0659318641918,40.9706281431768],[37.0523492742138,41.1704060719106],[37.1292992740652,41.1467970729661],[37.152282273554,41.1449130721515],[37.2380452736537,41.1411060722025],[37.2966532753029,41.1369320732887],[37.4177632750337,41.0805430733097],[37.4991602751046,41.041939073041],[37.5396422748684,41.0288770721007],[37.5813822735595,41.0374910717127],[37.6104092748238,41.0505450726864],[37.6297152749203,41.0794300717751],[37.6562462739301,41.11749307224],[37.6827662739675,41.1352000733266],[37.7536082751642,41.1191630731969],[37.7854082750993,41.0987400730177],[37.7828372742983,41.0656130721948],[37.7936092747041,41.0455470726634],[37.8148532750417,41.0272180722659],[37.8951302753794,40.982353073069],[37.9344402746331,40.9883190728468],[37.9881892754357,40.9876330727807],[38.0972212752545,40.9636000720113],[38.1160892747848,40.9554750732793],[38.1599882754466,40.9494320719525],[38.3277702763065,40.9184650722439],[38.3558232747324,40.9102710721466],[38.3896482749472,40.9200060729522],[38.4205472754321,40.9122080717024],[38.5186002751559,40.9202730721526],[38.7099912763918,40.9499970721474],[38.7344432755934,40.9630510730883],[38.7641602764207,40.9815220719546],[38.7836032758863,40.9969440719056],[38.8161092752779,41.0099940722381],[38.92902427615,41.0409660732608],[39.0057562764415,41.0337450717109],[39.0547102750734,41.0410990719396],[39.0983272757029,41.0508190723204],[39.1238782756197,41.0572130729809],[39.1479152756179,41.0655520732345],[39.1547162760052,41.0734020721143],[39.1658282761696,41.0824970722533],[39.2108232762752,41.0741580729111],[39.2330512768021,41.056381073061],[39.2629052761001,41.0493010731706],[39.284717275802,41.0515210727921],[39.3266522771817,41.0661090727875],[39.353599276118,41.0763780719741],[39.3854102759238,41.0891570720543],[39.4142262764026,41.1067310727834],[39.4873542770967,41.0975650727585],[39.5511092758793,41.0522160719888],[39.6905512755631,41.0030520720388],[39.7214202759108,41.0100290717205],[39.9124912765813,40.9566570722804],[40.0813822782021,40.9216540727602],[40.1066632759856,40.9170760723234],[40.1285932756883,40.9163820722351],[40.1499942772831,40.9202730721526],[40.2691502777775,40.9572070728021],[40.3452682768773,40.9835930717906],[40.3599888778101,40.9925705091685],[40.3204485082967,40.8948645882275],[40.2491140398814,40.785452792196],[40.1092029130068,40.604426883782],[39.8808449164075,40.3382515367125],[39.8477450156288,40.2982284659051]]]},"properties":{"OBJECTID":73,"DIOCESE":"PONTICA","PERIOD":"ca. AD303-324","PROV_NAME":"PONTUS\nPOLEMONIACUS","SUBDIVISIO":"","Shape__Area":50350798124.410156,"Shape__Length":1108981.3926197323}},{"type":"Feature","id":74,"geometry":{"type":"Polygon","coordinates":[[[28.150411266428,43.4044420752005],[28.1272202647301,43.3949850748845],[28.0848542660502,43.3570710748615],[28.0716632660776,43.3227770751407],[28.0533312661245,43.2808230751818],[28.0158312661672,43.2258220751271],[27.9449992659145,43.1672130750751],[27.8873562659845,43.0369380742828],[27.8863872649656,43.014152074326],[27.8963812659449,42.9249880739669],[27.9038832657658,42.891109073993],[27.9016652660405,42.8555530746751],[27.8791652646288,42.8411030741833],[27.898121264921,42.7840190747934],[27.8940942657243,42.7030520739509],[27.6701128504095,42.8569890449034],[27.5487026310159,42.9085012560421],[27.4668841998041,42.9307405011044],[27.2781843229872,42.9600513692674],[27.1378362304056,42.9657742216773],[26.9555685829755,42.9544224293185],[26.6989218493586,42.9678297291943],[26.4860898966505,43.0045538589458],[26.2908172472241,43.0135738519915],[26.1145779421375,43.0093244307802],[25.8720821850366,43.0036061509519],[25.6331436073405,42.9870480747827],[25.4148498536875,42.9835432187717],[25.0807144786967,42.988084460754],[24.8667318038726,43.0212826793003],[24.5846936668288,43.0232924281828],[24.3702645598512,43.0554082019871],[24.1950620282818,43.1053524718236],[24.3199178230843,43.2483803888678],[24.3861860511136,43.3446343161373],[24.4074039571889,43.4090009037215],[24.4386174866009,43.5563223231992],[24.4334043510047,43.6680761740958],[24.4285414415884,43.8347138751517],[24.4760512393993,43.831395100013],[24.5347262796232,43.8134744642126],[24.6007687232924,43.8036462599975],[24.6683882061553,43.8083074348858],[24.7159530401503,43.814095720191],[24.8003080846541,43.8235429247948],[24.8589816821837,43.8146514280109],[24.8956414438383,43.8090768880462],[24.9446415610786,43.8108435992062],[24.9896538366854,43.8076536512848],[25.036064690375,43.8005292128042],[25.1255527120055,43.7663849859433],[25.2158114135895,43.7523689480753],[25.3525323003951,43.7402194301515],[25.4793696754081,43.7460964998806],[25.6356412948346,43.8063668302335],[25.7637861731335,43.8487609967774],[25.8321801528916,43.8877463681923],[25.9252258300339,43.9560705948416],[26.0339706707957,44.0162242121825],[26.1646364418691,44.0634151827587],[26.2906512134067,44.0871101981045],[26.4186586638402,44.1084729651334],[26.5575819493296,44.1074004162988],[26.6034582533228,44.1293835852787],[26.6567088301782,44.1500982079246],[26.7083953062751,44.1580417831092],[26.770802355126,44.1827294762028],[26.8344375797351,44.2109028591851],[26.8923824333635,44.2139684491529],[26.9321259083693,44.2089774150763],[26.9796068630731,44.2193859448716],[27.033942260737,44.2192735572735],[27.0834588679431,44.2125221868162],[27.1618363958839,44.1839281169422],[27.2155930206884,44.1744964331956],[27.2918155432631,44.1778401987928],[27.352718537444,44.1968920230561],[27.3904689481767,44.2162989172033],[27.4214916691341,44.2462166821671],[27.4562533912047,44.2642761098074],[27.4989992874183,44.2753093688622],[27.5753974980048,44.2635095522223],[27.6199985509257,44.2648314422005],[27.7019199066111,44.2911337968601],[27.9814575929431,43.9890902908703],[28.0654946329379,43.873399334114],[28.1231628342049,43.7698518160309],[28.1624931506553,43.67213591382],[28.1743702046247,43.6015343859179],[28.150411266428,43.4044420752005]]]},"properties":{"OBJECTID":74,"DIOCESE":"THRACIA","PERIOD":"ca. AD303-324","PROV_NAME":"MOESIA\nINFERIOR","SUBDIVISIO":"","Shape__Area":64909016208.924805,"Shape__Length":1209094.8090142594}},{"type":"Feature","id":75,"geometry":{"type":"Polygon","coordinates":[[[7.11874456892399,45.7984789279777],[7.10213893960582,45.6150101617809],[7.11553791663464,45.5583621449423],[7.17904432642527,45.4508532282823],[7.24150497325766,45.3575553187549],[7.26242540492154,45.2821295892616],[7.25181686915136,45.2296074511193],[7.17538691389941,45.1539120431855],[7.07775476320818,45.1012943227467],[6.99425351617802,45.0395071521037],[6.95768754043564,44.9790746732513],[6.94511448166556,44.9098697162289],[6.94794705031777,44.8624947837435],[7.02600267506129,44.667917775192],[6.70817479471548,44.5963506712676],[6.62251535779165,44.5863929847642],[6.51525793400255,44.6017086328549],[6.45035556831156,44.6279071107675],[6.41788390432674,44.6647186757232],[6.37987157180665,44.7321744330337],[6.33748347636736,44.7662419977211],[6.25673277461744,44.8226165308905],[6.15701563325346,44.9067130230727],[6.10622112943652,44.9593853590108],[6.07832380725268,45.0176800322904],[6.07266328728882,45.0910942632039],[6.0883529521225,45.1487141687058],[6.12490843015247,45.1976311210967],[6.24701163241416,45.3186373252948],[6.32298524978999,45.3855684347912],[6.36582148597843,45.4465167432217],[6.5059831440027,45.5678688348765],[6.62038181407611,45.6786779462889],[6.77891887774966,45.7978922491462],[6.90522951301937,45.8992553179973],[7.00700072414571,45.8345084690924],[7.11874456892399,45.7984789279777]]]},"properties":{"OBJECTID":75,"DIOCESE":"GALLIAE","PERIOD":"ca. AD303-324","PROV_NAME":"ALPES GRAIAE ET POENINAE","SUBDIVISIO":"","Shape__Area":16250022747.664551,"Shape__Length":538651.6148086281}},{"type":"Feature","id":76,"geometry":{"type":"Polygon","coordinates":[[[18.8196909074129,45.6539703510699],[18.8537258376214,45.6546792539308],[18.8858306817465,45.6592048561109],[18.9115223686166,45.656962971157],[18.9452361142801,45.6412034219131],[18.9603164455684,45.6234126862879],[18.9606322348318,45.6105777180623],[18.9439465386723,45.5900906311532],[18.9400976709049,45.568476395129],[18.9259999348408,45.547762593784],[18.9093490250424,45.5272722956984],[18.9090389239113,45.5108381027093],[18.8994530886511,45.4860713438394],[18.8965863247293,45.4698625448275],[18.9132256309891,45.461090008098],[18.9413748865927,45.4586169231574],[18.9890076440031,45.4342937068479],[19.0509289809664,45.3885529548032],[19.0834887840537,45.3819854677979],[19.1221279241481,45.3803468149989],[19.1635784937394,45.3656348097809],[19.2515109791492,45.3356958169018],[19.2901095073079,45.333994904973],[19.3320337549553,45.3502699492472],[19.4009169644037,45.343904324959],[19.4713196543922,45.3318579077328],[19.5076947255603,45.3321109843096],[19.5617578321835,45.3434986247577],[19.5955928468172,45.3439608398212],[19.6710464698992,45.3312934327436],[19.7099713667804,45.331230841994],[19.7272258986356,45.3533802587152],[19.7485540971666,45.3696434988133],[19.7906542376416,45.3857307168551],[19.8081619641512,45.3822062609176],[19.8327105547037,45.3615126401736],[19.8608417649499,45.345956809315],[19.8849968978995,45.3234545392478],[19.9134445073652,45.309682896975],[19.9363640831,45.3074354667219],[20.054552471371,45.301257737123],[20.086924584056,45.2943703422087],[20.1174852170211,45.2784919850547],[20.1520404442557,45.2438796530915],[20.1807333449979,45.231831957714],[20.2007013836959,45.2023326069794],[20.2104918282284,45.173857539095],[20.2253058072382,45.0679281152822],[20.2292617964083,45.0235623531261],[20.2581458712194,44.987650765925],[20.2772839151039,44.9802020267681],[20.3093681788258,44.9476088978486],[20.3385528910163,44.9262926641012],[20.2912467520601,44.9087367122991],[20.2600806213558,44.8879707932344],[20.2298652711415,44.8383636477539],[20.134443485394,44.8408618672727],[20.092520757696,44.8331143230171],[20.0534941679313,44.8059108307487],[20.0295417937245,44.7867649631222],[19.9806257255571,44.7772845559908],[19.9449120488984,44.7664736640217],[19.9106766245999,44.7459335230182],[19.7355780550584,44.681762838113],[19.501167342127,44.6468949101583],[19.0951194373271,44.6224809070099],[18.7691525599958,44.6324537611626],[18.4989348489225,44.655738516792],[18.1911424420777,44.6956666622557],[17.9680641022197,44.7231632940733],[17.9697562434491,44.8518237101207],[18.0860125361053,45.1193759750453],[18.1324628680566,45.282787469758],[18.1560574423875,45.4289782908186],[18.1631096620339,45.5144182708474],[18.1362834981814,45.726854186089],[18.1382885118444,45.8653402152836],[18.1909338676418,45.8420165857177],[18.214181227844,45.8377629827615],[18.2471607777309,45.8303301402837],[18.2949035068984,45.7882150641385],[18.3371692607791,45.7752137531737],[18.3809904035569,45.7716313661768],[18.4109290043917,45.7667810922294],[18.4592706951563,45.7293125980695],[18.5479137758036,45.6884511597084],[18.5946043496012,45.6821381503099],[18.625399652163,45.6627972521683],[18.6401786633521,45.6495882757691],[18.6864154495907,45.6408772881533],[18.7204244957427,45.6403655850663],[18.8196909074129,45.6539703510699]]]},"properties":{"OBJECTID":76,"DIOCESE":"PANNONIAE","PERIOD":"ca. AD303-324","PROV_NAME":"PANNONIA\nINFERIOR","SUBDIVISIO":"","Shape__Area":30564206772.779297,"Shape__Length":813948.10606073344}},{"type":"Feature","id":77,"geometry":{"type":"Polygon","coordinates":[[[9.51696472603713,46.2214833637536],[9.45962630170088,46.1403884651139],[9.40560698615113,46.0830553778691],[9.38196732807105,46.0615292967653],[9.41393943802807,45.9547914750326],[9.47309027543379,45.8363311959899],[9.5456522431758,45.7036740997385],[9.55306383205498,45.6324687939143],[9.53319751768147,45.5848938959122],[9.50723684557089,45.4731941102688],[9.50776821612944,45.418604085857],[9.52827584766575,45.3878461978474],[9.56881287732556,45.3737858146964],[9.5959586922989,45.3477921822941],[9.66334384243339,45.3361719052201],[9.69711784259463,45.3149206833036],[9.75106734916534,45.2865919958137],[9.76466723081419,45.2534049412365],[9.79840027318837,45.2178884939894],[9.8420757487529,45.206103723893],[9.92262333423054,45.2038240719334],[9.96624978334016,45.2014750738154],[9.99645202623617,45.1872462877963],[10.0098674855538,45.1658951382384],[10.0266299068217,45.1587754191525],[10.073578194698,45.163497553002],[10.0903393250868,45.1611113817322],[10.0970131186399,45.1444994622712],[10.1203369290661,45.0851737422309],[10.1470948847374,45.075651895875],[10.1906187112073,45.0779504618591],[10.2676879534295,45.0920076837849],[10.2911124021169,45.0895720958609],[10.3210675121901,45.0610195871204],[10.3477589565978,45.0490719862058],[10.3778518933883,45.0465934129153],[10.4213039597384,45.0416779203114],[10.4712830960096,45.0201129716973],[10.5311973028791,44.9937299191958],[10.5679314863618,44.9911587150551],[10.6047181916442,44.9933176951834],[10.6853368500305,45.0236356408039],[10.7223888915967,45.0423518098686],[10.729553729437,45.0755062130025],[10.7666937412224,45.0965803762221],[10.8169983577823,45.1009328409891],[10.867230720149,45.1005160168096],[10.9109775408117,45.1119931338509],[10.9578699319177,45.111561452268],[11.0114143441093,45.1086693992912],[11.0754005593645,45.1246180010556],[11.1222507143808,45.1217381763136],[11.1987983417485,45.0995122348124],[11.2523143105833,45.096494449841],[11.3228731906503,45.1050876519624],[11.3427780337664,45.0977091589355],[11.3555401699375,45.0738173643103],[11.4083001013578,45.044632146206],[11.4444861193794,45.0227740932155],[11.4878083333568,45.017402344813],[11.5269989474075,44.9859841107465],[11.5770346487955,44.9828449089351],[11.6598515143265,44.9601736947589],[11.7267904847341,44.963797359935],[11.7641753781641,44.9821298728915],[11.8144488510315,44.9859853458868],[11.8385981161857,45.0068997161601],[11.8827417819983,45.0250672587774],[11.9329765832909,45.0264942810185],[11.9769868349107,45.0398802857877],[12.0304852147322,45.0388226371977],[12.0738560096002,45.0355714188678],[12.1922978503421,45.0662984689843],[12.242788507099,45.0723130581392],[12.2859612090737,45.0642300467539],[12.3315951871291,45.0370876147288],[12.3874263830474,45.014431660004],[12.4308661343932,45.0133985299353],[12.4350707844205,45.0132975400229],[12.4437032511444,45.0082360759987],[12.4952762520546,44.9870110768012],[12.5201372506118,44.9826360758252],[12.5380532524349,44.9606170759798],[12.4799992508046,44.852772075994],[12.4487842508505,44.817749076215],[12.4268042518174,44.8536070758404],[12.4393732511007,44.8817330760734],[12.422637251082,44.9001310757252],[12.3898602524271,44.8684010758246],[12.396944250875,44.7913820762118],[12.3561092518321,44.803886075998],[12.2901372513525,44.838260076215],[12.2615262509131,44.7762450757929],[12.2476372509816,44.7238840763155],[12.2454142503351,44.6938860761735],[12.2799992513315,44.4761050757968],[12.2888872510245,44.4516600746808],[12.3534702521573,44.2783320748156],[12.3683322506106,44.2466660750567],[12.4223592512477,44.1893040749981],[12.44638825085,44.1677700747241],[12.5186102511727,44.1099930761424],[12.5458312524404,44.088608074775],[12.6897212512704,43.9874950758626],[12.7205542507347,43.9769440750076],[12.7405552513154,43.9722210751427],[12.7535742508605,43.9710010747561],[12.7647212511851,43.9702760750127],[12.8186092519049,43.9631920762622],[12.9030552517295,43.924721074845],[12.9097543831636,43.9208375977978],[12.8399716861296,43.8909830691834],[12.8195897522577,43.8773586037674],[12.796715678887,43.8780053488065],[12.7557353261429,43.9075605541154],[12.7070558068477,43.9160011408628],[12.6191739298262,43.9917533828283],[12.5646603800717,44.0168508836792],[12.5092925756012,44.0253653570985],[12.4470138690548,44.0269152277771],[12.4043998203721,44.0279532392855],[12.3851667733581,44.0378873749531],[12.3799131210477,44.0664278739129],[12.3574870428991,44.0788017090768],[12.2368885196366,44.1005243342026],[12.0853918007797,44.0919688118701],[12.0260254710121,44.0860895790491],[11.9391792491051,44.0475674500181],[11.7408838433078,43.9092150082917],[11.6886935749316,43.9148479047639],[11.5941697325657,43.9282417851852],[11.5319872445695,43.9292192249921],[11.4732756051843,43.9372057610292],[11.350355534292,43.995748082031],[11.2265998846584,44.0304836818214],[11.0464081333572,44.0420068847752],[11.0039928001002,44.0542769609831],[10.9779651037879,44.0663696970259],[10.8483494075861,44.1693439042859],[10.7894069559701,44.1863996350539],[10.7304925425708,44.2081554162573],[10.5570526538108,44.301615545829],[10.4552795337645,44.3518606802561],[10.3432850356658,44.3854643110282],[10.2014297065812,44.4261136952654],[10.08580666242,44.4618094540975],[9.97994743672623,44.5068533921295],[9.88053613668218,44.5494284150564],[9.82751106570913,44.55408947508],[9.79437607404039,44.5540271578394],[9.72164691994255,44.5230522997325],[9.71226936896239,44.4235342472811],[9.73219809019702,44.4046415300746],[9.77194887479426,44.3810551557679],[9.7918775430283,44.3526790677277],[9.80217873010549,44.2485110342979],[9.81874881668114,44.2201313863078],[9.85172928374793,44.1988786690471],[9.87809508617016,44.1823424437795],[9.91832799388546,44.0687427842848],[9.71499624812647,44.1147160758773],[9.66111024795476,44.1408310762608],[9.37277624758095,44.28527107597],[9.33652724777646,44.3097190756936],[9.23111024832403,44.3469390757328],[8.81555324774535,44.4255520759719],[8.74722124814855,44.4280510750901],[8.63999924672773,44.3883280759167],[8.49527624821962,44.3226320749787],[8.44392224759256,44.2679100757881],[8.39923524656023,44.1797900751501],[8.33222224688838,44.1586070761568],[8.30138824670081,44.1534690762664],[8.27402724658935,44.1408310749715],[8.23430424778216,44.1004140758664],[8.15631824696472,43.9827730749192],[8.16465124771232,43.9587480749124],[8.0677772472731,43.8930510747548],[7.94888924656731,43.84638207531],[7.91388824564433,43.8399960751588],[7.77277724712951,43.8152770749845],[7.73888824734055,43.7962450753093],[7.66548524628681,43.7795750760373],[7.61388924670874,43.7888870749579],[7.58020824733228,43.7912480749818],[7.57681030239645,43.7906010018154],[7.56155812159771,43.9063829040434],[7.57504291109237,43.9682641797305],[7.61379997303413,44.0520698482868],[7.61764181597605,44.1113638250954],[7.61130169714358,44.1775267800211],[7.59617311374815,44.2198005337575],[7.58068714819337,44.269175219217],[7.5490239230485,44.3110506351703],[7.48467171977348,44.3449965071767],[7.4728074209828,44.3849840037912],[7.45443450007355,44.4224373282699],[7.4646164133389,44.484321411046],[7.4628648234007,44.5198339617232],[7.43781216927765,44.5571277716973],[7.38488590310434,44.6197821499081],[7.37312115741005,44.6550443727257],[7.37057130744241,44.7047786302948],[7.37085474837241,44.7640787401848],[7.39347255125722,44.8429438220259],[7.45739263703281,44.9655699660257],[7.49776668085901,45.0282720557362],[7.49601951332695,45.0638257157091],[7.48076606141213,45.101421266225],[7.42852532837823,45.1404605549034],[7.37767250233976,45.1510279299502],[7.25771438714501,45.1359898449852],[7.17538691389941,45.1539120431855],[7.25181686915136,45.2296074511193],[7.26242540492154,45.2821295892616],[7.24150497325766,45.3575553187549],[7.17904432642527,45.4508532282823],[7.11553791663464,45.5583621449423],[7.10213893960582,45.6150101617809],[7.11874456892399,45.7984789279777],[7.17421419383871,45.7940778487588],[7.21571572395779,45.7809502038653],[7.27556475805347,45.7421526537762],[7.31297604488493,45.7407622119047],[7.34335486871806,45.7439301680588],[7.38957781640973,45.7688806810224],[7.4234922546909,45.7697374270318],[7.47133106676281,45.7637974779988],[7.50512566619179,45.7670011809965],[7.55553625880242,45.7777198007855],[7.60540295564447,45.8002823918795],[7.63945359469239,45.7986936508634],[7.66409151461509,45.780246569278],[7.70173679371344,45.7739672391415],[7.79640831462052,45.7831709830867],[7.93474768798864,45.8050542408383],[8.01858482857826,45.8328420299803],[8.13345700602782,45.8516251106975],[8.20481701893654,45.8528955450222],[8.2792540168149,45.8636726052781],[8.4111442230616,45.8871786392311],[8.46215599431146,45.8879535737472],[8.61447917041627,45.916252694996],[8.81408083892608,45.9686423379319],[8.89489855679283,46.0123125568102],[8.92150848268171,46.0434873772543],[8.9816648591822,46.1058878858597],[9.01048347106353,46.2036195658665],[9.06724987966788,46.2802160359436],[9.10788044011841,46.3091034372389],[9.15247116421019,46.3094773959576],[9.19721758430704,46.3003234372648],[9.22830476387763,46.2862954772485],[9.26944842944207,46.2865935608991],[9.31712362506308,46.3106921309302],[9.40943386316041,46.337409701148],[9.45062069636747,46.3376359171174],[9.48506686902488,46.3259259510136],[9.5265157623599,46.2975956137885],[9.53010282332431,46.280970956843],[9.51696472603713,46.2214833637536]]]},"properties":{"OBJECTID":77,"DIOCESE":"ITALIA","PERIOD":"ca. AD303-324","PROV_NAME":"AEMILIA ET LIGURIA","SUBDIVISIO":"","Shape__Area":114238076814.61523,"Shape__Length":2286762.7046973347}},{"type":"Feature","id":78,"geometry":{"type":"Polygon","coordinates":[[[6.90522951301937,45.8992553179973],[6.77891887774966,45.7978922491462],[6.62038181407611,45.6786779462889],[6.5059831440027,45.5678688348765],[6.36582148597843,45.4465167432217],[6.32298524978999,45.3855684347912],[6.24701163241416,45.3186373252948],[6.12490843015247,45.1976311210967],[6.0883529521225,45.1487141687058],[6.07266328728882,45.0910942632039],[6.07832380725268,45.0176800322904],[6.10622112943652,44.9593853590108],[6.15701563325346,44.9067130230727],[6.25673277461744,44.8226165308905],[6.33748347636736,44.7662419977211],[6.37987157180665,44.7321744330337],[6.41788390432674,44.6647186757232],[6.45035556831156,44.6279071107675],[6.44575206539981,44.5625046149266],[6.44820748266821,44.5270088371519],[6.53493704665739,44.4209469382573],[6.57864151534775,44.3110136859185],[6.61310465987582,44.2387027892292],[6.61681996073691,44.1819467983177],[6.39981976761836,44.1293220329583],[6.24694918602717,44.1047238711399],[6.0445082968405,44.0850422812474],[5.93979063942999,44.0784580761848],[5.89137375787948,44.0669898297096],[5.82214563488789,44.0285506839831],[5.70799850117887,43.9786528760411],[5.55506523963874,43.9245214676842],[5.45057422537783,43.8818610590017],[5.39274897164974,43.831784596291],[5.34408655178602,43.753667311154],[5.33761885242024,43.6799007192247],[5.36363619205557,43.6076758912062],[5.41552007293612,43.5366666397709],[5.4915436689811,43.4856988388402],[5.65255568558549,43.4266371377153],[5.90807596417554,43.3571112928921],[5.98137119793789,43.3317358670912],[6.04902486169736,43.2942533368818],[6.08718578814183,43.260293557958],[6.12651513081849,43.2098135368675],[6.14748078008054,43.1444171098313],[6.13602440176878,43.0565111831243],[6.11555524507605,43.0644380738782],[6.06222124617171,43.10138707483],[5.95555524531793,43.1183320736728],[5.93333324463885,43.0863150737481],[5.86680524538892,43.0586050736893],[5.83388824609356,43.0615230749317],[5.78256924562662,43.0987090751578],[5.81652724501257,43.117638075221],[5.67847424557385,43.1904830746909],[5.51999924380833,43.2099990750222],[5.40694424499082,43.2172160750247],[5.36291624355933,43.2246470738198],[5.35868024412527,43.2487450740455],[5.37347124512849,43.2717320750251],[5.36277724543878,43.3318020736917],[5.34208324492204,43.3566630747425],[5.31277724399845,43.3663140748885],[5.25763824492238,43.3488160752255],[5.21805424513403,43.3390230749593],[5.09638924376287,43.336937074709],[5.03958324370901,43.3479120751284],[5.04806824389422,43.3913270738801],[5.08427724441406,43.4037020747066],[5.14680424530489,43.4166640742331],[5.1886112439431,43.4338840752363],[5.23152724424058,43.4658320747972],[5.22902724358467,43.4931910751657],[5.02416624541185,43.5526350750125],[5.01027724458204,43.5144390752608],[5.02819424443345,43.4840930752094],[5.05500024470109,43.4741630741915],[5.03911724355367,43.4431230741349],[5.01738824459075,43.4282720747097],[4.99084624391373,43.4272310742347],[4.95777724518076,43.4249950751535],[4.92472224489483,43.4347880750643],[4.87611124369964,43.4238810740838],[4.85361124408457,43.4133300738896],[4.83515924358254,43.4003410750397],[4.81505524486632,43.3992160746868],[4.78863824386278,43.4118840741131],[4.74291624528256,43.4414520751558],[4.75041624365707,43.4911080750962],[4.74659724397451,43.5218700746901],[4.70749924443299,43.5720790740599],[4.73444324389458,43.4274250747637],[4.73672124389433,43.3981090748677],[4.75896124411675,43.3741490752539],[4.65277724421011,43.3597180750463],[4.61305524432949,43.3615230747894],[4.59263824382218,43.3665240737931],[4.57368024388022,43.3874930751725],[4.5961102440734,43.4281540751313],[4.57472124397081,43.4466630752202],[4.53555524375887,43.4583280748229],[4.50611024381643,43.4627760751536],[4.47388824410695,43.4619370747348],[4.44624924416118,43.4597170748274],[4.42194324365111,43.4538880740826],[4.31888824386403,43.4660030748376],[4.31687424435323,43.5020750748194],[4.28611124341245,43.5055540751281],[4.24930524321608,43.4929160750836],[4.24143324260094,43.4859540750334],[4.28986024367312,43.4580500749814],[4.19777724341007,43.4611050753041],[4.16222224336655,43.4711070752473],[4.14806557602311,43.4888200991838],[4.22686250491213,43.533498573945],[4.29203868877981,43.5633785402742],[4.35951271283865,43.60282942919],[4.40091692307311,43.6123006418984],[4.44308846524014,43.6146832298867],[4.51372247321098,43.6257465312194],[4.56668205969479,43.6500128590572],[4.60190918184611,43.6566867601933],[4.61725179424785,43.697833365038],[4.62635758958321,43.7362711391263],[4.62367668799201,43.7622123382125],[4.62823511973099,43.7814328646988],[4.65185039483929,43.806429029318],[4.65448276764223,43.8445222101009],[4.64227119363742,43.8675845268118],[4.64986492941519,43.8893445179091],[4.66145583403402,43.9042027197911],[4.68260536034987,43.9219438097677],[4.72734634204595,43.9338200458239],[4.76207321936504,43.9475192110542],[4.78000679672668,43.9650702289135],[4.78226415523783,44.0078937449063],[4.77678942034948,44.0621796102371],[4.76058829431892,44.0921777690109],[4.74229323578526,44.1101985208145],[4.71901893420934,44.1445681129007],[4.71187399135764,44.1821675400026],[4.69341426085259,44.2334130289757],[4.6704076482482,44.2962920003047],[4.62833568073717,44.3510306379642],[4.62661017428155,44.3675624310589],[4.64134989944835,44.3849768860873],[4.67440170981669,44.4176168011565],[4.68673047983009,44.4586488217641],[4.68208560680458,44.5035347450401],[4.67743262109371,44.548424823181],[4.53182705566672,44.5429691297843],[4.42536690376029,44.5442377549057],[4.31271989459199,44.5711878101649],[4.21131027333379,44.6153082476965],[4.23758862206819,44.7071627297459],[4.27645896066895,44.8663272198663],[4.37191559835457,45.1833312681816],[4.42238516536359,45.366994365785],[4.55652939467677,45.5873149669215],[4.81923996756566,45.7033391590679],[5.02135708685596,45.7895439509339],[5.13761360858253,45.8189251732534],[5.21330905544412,45.8462888438538],[5.29203575763748,45.8784939551155],[5.32715742386267,45.9039028980645],[5.34753085068881,45.9048268401799],[5.37239608210765,45.8940457088117],[5.39799034399024,45.8380676930141],[5.41754440217438,45.8103812657749],[5.47348726407232,45.7938249850777],[5.51224811331132,45.778869020866],[5.53489206705239,45.7536821607303],[5.57563873924496,45.6769324109422],[5.61048176603533,45.6665371911764],[5.64766632078405,45.668124524723],[5.67687256379531,45.6836350859378],[5.70251096889097,45.7013655398406],[5.71579161623733,45.7447440170483],[5.75043168665554,45.7771143537145],[5.8058557112898,45.805565013853],[5.81065921242144,45.8295539960235],[5.80050342485951,45.869588607154],[5.80392106984952,45.910181673005],[5.8215373020657,45.9442141521966],[5.82398585710361,45.9966711290522],[5.82041984276799,46.039367928937],[5.82346702073822,46.0847154939611],[5.8435827415706,46.1307559878893],[5.86950795088871,46.1484600432331],[5.91027945790563,46.1524618032645],[5.95918712502846,46.1829527611698],[6.00340548665518,46.2299007531844],[6.04503762732501,46.2672096879421],[6.08156302796263,46.2828823440965],[6.13273292066882,46.2871866169739],[6.19075974466854,46.2917177067372],[6.21743504006238,46.3022163217676],[6.25803576566571,46.3560632580504],[6.31043561459092,46.3912691251312],[6.36807917417131,46.4028252169074],[6.44702962963397,46.405557176064],[6.47741895117948,46.4137342241303],[6.51008847719045,46.4386429892752],[6.55474900397309,46.4401336287662],[6.5864836361999,46.429278119116],[6.65502401080661,46.433888540759],[6.7163902967222,46.4429870168318],[6.75418705693029,46.4441745611663],[6.78229412135994,46.4355276790756],[6.81832432300223,46.4104572928334],[6.83074575064394,46.3775188751071],[6.84661706560783,46.2899551931178],[6.87194571003396,46.2145864629327],[6.8995822333245,46.1559436798848],[6.93470517515741,46.0856317007066],[6.95537984482753,46.026784311909],[6.95768915560652,45.9888017512099],[6.94652950879943,45.9480462398753],[6.90522951301937,45.8992553179973]]]},"properties":{"OBJECTID":78,"DIOCESE":"VIENNENSIS","PERIOD":"ca. AD303-324","PROV_NAME":"VIENNENSIS","SUBDIVISIO":"","Shape__Area":80622064501.9209,"Shape__Length":1955327.8238763567}},{"type":"Feature","id":79,"geometry":{"type":"Polygon","coordinates":[[[18.1382885118444,45.8653402152836],[18.1362834981814,45.726854186089],[18.1631096620339,45.5144182708474],[18.1560574423875,45.4289782908186],[18.1324628680566,45.282787469758],[18.0860125361053,45.1193759750453],[17.9697562434491,44.8518237101207],[17.9680641022197,44.7231632940733],[17.4104738728926,44.7515386721316],[16.8340093728962,44.8399881462359],[16.2856817649901,44.9518443508567],[15.3020761383408,45.2223023777237],[14.7023683268491,45.4325783513067],[14.509584561427,45.5245310990308],[14.5568215202249,45.5604948230693],[14.6162058549258,45.6173058729679],[14.6896183466805,45.7139104011331],[14.8747649589505,45.9766760119671],[14.9821264588535,46.1287412990834],[15.0577205200555,46.2322823258535],[15.4151454068966,46.2189452333073],[15.5692706160378,46.1845297401263],[15.8046076707917,46.1715684249609],[15.9847261069894,46.1851322048943],[16.1027544873419,46.2235456067386],[16.1920036487349,46.2778799647971],[16.2634574439627,46.3260746187465],[16.3305251761882,46.4198498860697],[16.3576177102854,46.4158056597201],[16.4012147117216,46.4059610521078],[16.4279867646547,46.3995287329321],[16.4756168280175,46.3679161998589],[16.5026692307777,46.3638345187314],[16.5614341016317,46.3649015021502],[16.5779051947614,46.3590819022315],[16.6012113820383,46.3528225979106],[16.6559110160072,46.3493196800596],[16.7031264466793,46.3414973642938],[16.785971741194,46.3169941981654],[16.837528777245,46.3159857470167],[16.8890838711382,46.3149529086943],[16.9321541939167,46.3025208692233],[16.9946006294013,46.3054802691006],[17.0288679088581,46.2553857501171],[17.0694989750601,46.2263394492378],[17.0821592557527,46.1944215872417],[17.1060287379168,46.1688958827391],[17.1455172791298,46.1566140551686],[17.2060819866393,46.1476200772696],[17.2475525338642,46.1256031858543],[17.2790830158579,46.0827735390438],[17.2823673328934,46.0347709252416],[17.2857029491216,46.0106521780174],[17.310073120784,45.9898147518331],[17.3248702195513,45.9505487699548],[17.3390331813899,45.9304326107245],[17.3593531881011,45.9289777600095],[17.393217832766,45.9265440682249],[17.5561076076903,46.0078503568328],[17.6137480438284,46.0035960087084],[17.6424491650538,45.9895184931347],[17.6994422976561,45.9589777023033],[17.7485852703827,45.9003198547168],[17.7738107998923,45.8864636997434],[17.8252723225707,45.8873273556983],[17.8448193819804,45.8810544503097],[17.867033773929,45.8482853986896],[17.8940625689636,45.8462061097839],[17.927842763907,45.8435972261561],[18.0044175787867,45.8519819638525],[18.1382885118444,45.8653402152836]]]},"properties":{"OBJECTID":79,"DIOCESE":"PANNONIAE","PERIOD":"ca. AD303-324","PROV_NAME":"SAVIA","SUBDIVISIO":"","Shape__Area":70523141392.092773,"Shape__Length":1142898.8673209189}},{"type":"Feature","id":80,"geometry":{"type":"MultiPolygon","coordinates":[[[[12.3911442521919,45.4303250769833],[12.4269022517267,45.4149590768397],[12.3792262512152,45.4199940770382],[12.3143322506361,45.341328076959],[12.3691602511642,45.4258190768034],[12.3911442521919,45.4303250769833]]],[[[13.7410945369904,46.7954855137203],[13.7667753012449,46.7683581691769],[13.7995193505936,46.7433494040917],[13.887866454321,46.721039959797],[13.9740302512594,46.67253004228],[14.0483771499114,46.6506123061469],[14.0897569942422,46.6489974290633],[14.1420751818165,46.6540796660862],[14.1696643135859,46.6529800387577],[14.2065848921001,46.6395829490692],[14.2564558999572,46.616114357782],[14.31075444244,46.6043518801442],[14.3471835580522,46.5861583827686],[14.4529008957452,46.4935296841134],[14.5248163657401,46.4499198518136],[14.6028955254458,46.4369574328838],[14.8076413416329,46.4157611469625],[14.8890218648049,46.4024256830404],[14.9525109937044,46.382732226165],[15.014513428775,46.3487694759289],[15.0387842261057,46.3166101999394],[15.0561839993727,46.2847825858232],[15.0577205200555,46.2322823258535],[14.9821264588535,46.1287412990834],[14.8747649589505,45.9766760119671],[14.6896183466805,45.7139104011331],[14.6162058549258,45.6173058729679],[14.5568215202249,45.5604948230693],[14.509584561427,45.5245310990308],[14.408577342297,45.4528382737932],[14.3345443733957,45.3775456493105],[14.3185915569811,45.3465672968668],[14.2865952526985,45.3149950771291],[14.2538872527423,45.2319410767001],[14.2481932525678,45.1971510759126],[14.2397212528013,45.164162076838],[14.23083325221,45.1441610772399],[14.2166652526193,45.1233290757181],[14.1601382531229,45.0768700760233],[14.1558322533687,45.0394440759382],[14.1674462518768,44.9890560763031],[14.1443042532776,44.9621510759407],[14.0874992530487,44.9613880757213],[13.9948602522186,44.890552075995],[13.9758322519564,44.8469390760995],[13.9758312530298,44.8240240758908],[13.9941652517344,44.8180540760419],[13.996178253217,44.8106920759634],[13.9044432531084,44.7725640759143],[13.816944252434,44.8601340760085],[13.8391652532881,44.8763850760235],[13.7569432521383,44.9813840759433],[13.6811102516472,45.0513840770849],[13.6030542523062,45.1577760762297],[13.5949992531896,45.2506900772604],[13.5758322521119,45.300278076067],[13.5336092517505,45.4016650772336],[13.5047902517969,45.50201007679],[13.5549982518531,45.4944380761332],[13.5917392526505,45.4816970772783],[13.5894432522091,45.5169370769067],[13.6658332530921,45.5430530761352],[13.7499292531123,45.5490230771838],[13.7169442531466,45.5961070771602],[13.7980542531624,45.6074940762498],[13.7356932519529,45.6943020770569],[13.6561102531728,45.7536090770728],[13.6299992515927,45.7699970771533],[13.5794722525926,45.7819590768529],[13.5426372520839,45.7833290771158],[13.5250682532854,45.7609710769652],[13.5264582533554,45.735134077296],[13.4994432528504,45.7094420767678],[13.4288882526071,45.6772190769842],[13.3874292523268,45.6782910761894],[13.4221512517939,45.6956210768846],[13.4150672524477,45.7205500773007],[13.3679432523053,45.7374420769458],[13.2169432505965,45.7769390769347],[13.1933322523673,45.7780530769658],[13.1209012518072,45.7678410768249],[13.0712492514197,45.7096480769256],[13.0961092510503,45.6516650770981],[13.087777251026,45.6365240770769],[13.0636102522297,45.633888075868],[13.0008312523421,45.6299970772452],[12.9224982520934,45.6183320762646],[12.8638872509694,45.5955500761723],[12.7988872509834,45.5688860768754],[12.7069442513608,45.531105077296],[12.6380542506489,45.5022200763054],[12.6172212511133,45.4944380767629],[12.5874992511614,45.4838870771168],[12.4182622508325,45.4411740768162],[12.4484712517544,45.4832570770594],[12.503991250597,45.4912600772159],[12.5806932516495,45.5438160772293],[12.4896512523754,45.567493077066],[12.3944442511173,45.5330500770452],[12.2870812501295,45.4733280757041],[12.1542252507479,45.3019640759181],[12.1611102508008,45.2638850768887],[12.2333312512986,45.1974940761583],[12.3619442506752,45.0561060767389],[12.4350707844205,45.0132975400229],[12.4308661343932,45.0133985299353],[12.3874263830474,45.014431660004],[12.3315951871291,45.0370876147288],[12.2859612090737,45.0642300467539],[12.242788507099,45.0723130581392],[12.1922978503421,45.0662984689843],[12.0738560096002,45.0355714188678],[12.0304852147322,45.0388226371977],[11.9769868349107,45.0398802857877],[11.9329765832909,45.0264942810185],[11.8827417819983,45.0250672587774],[11.8385981161857,45.0068997161601],[11.8144488510315,44.9859853458868],[11.7641753781641,44.9821298728915],[11.7267904847341,44.963797359935],[11.6598515143265,44.9601736947589],[11.5770346487955,44.9828449089351],[11.5269989474075,44.9859841107465],[11.4878083333568,45.017402344813],[11.4444861193794,45.0227740932155],[11.4083001013578,45.044632146206],[11.3555401699375,45.0738173643103],[11.3427780337664,45.0977091589355],[11.3228731906503,45.1050876519624],[11.2523143105833,45.096494449841],[11.1987983417485,45.0995122348124],[11.1222507143808,45.1217381763136],[11.0754005593645,45.1246180010556],[11.0114143441093,45.1086693992912],[10.9578699319177,45.111561452268],[10.9109775408117,45.1119931338509],[10.867230720149,45.1005160168096],[10.8169983577823,45.1009328409891],[10.7666937412224,45.0965803762221],[10.729553729437,45.0755062130025],[10.7223888915967,45.0423518098686],[10.6853368500305,45.0236356408039],[10.6047181916442,44.9933176951834],[10.5679314863618,44.9911587150551],[10.5311973028791,44.9937299191958],[10.4712830960096,45.0201129716973],[10.4213039597384,45.0416779203114],[10.3778518933883,45.0465934129153],[10.3477589565978,45.0490719862058],[10.3210675121901,45.0610195871204],[10.2911124021169,45.0895720958609],[10.2676879534295,45.0920076837849],[10.1906187112073,45.0779504618591],[10.1470948847374,45.075651895875],[10.1203369290661,45.0851737422309],[10.0970131186399,45.1444994622712],[10.0903393250868,45.1611113817322],[10.073578194698,45.163497553002],[10.0266299068217,45.1587754191525],[10.0098674855538,45.1658951382384],[9.99645202623617,45.1872462877963],[9.96624978334016,45.2014750738154],[9.92262333423054,45.2038240719334],[9.8420757487529,45.206103723893],[9.79840027318837,45.2178884939894],[9.76466723081419,45.2534049412365],[9.75106734916534,45.2865919958137],[9.69711784259463,45.3149206833036],[9.66334384243339,45.3361719052201],[9.5959586922989,45.3477921822941],[9.56881287732556,45.3737858146964],[9.52827584766575,45.3878461978474],[9.50776821612944,45.418604085857],[9.50723684557089,45.4731941102688],[9.53319751768147,45.5848938959122],[9.55306383205498,45.6324687939143],[9.5456522431758,45.7036740997385],[9.47309027543379,45.8363311959899],[9.41393943802807,45.9547914750326],[9.38196732807105,46.0615292967653],[9.40560698615113,46.0830553778691],[9.45962630170088,46.1403884651139],[9.51696472603713,46.2214833637536],[9.54438018291942,46.2192302609762],[9.58560816705135,46.2027660197162],[9.61295672190282,46.2076252040478],[9.66081872937369,46.2173010379739],[9.71216573571794,46.2198325778038],[9.79424936127968,46.2437981157818],[9.85933512073087,46.2462843469246],[9.9586943580143,46.2416167990676],[10.0237886325961,46.2511307120103],[10.1163549543298,46.274839213005],[10.1952266482033,46.2818520821843],[10.2981948806154,46.3006242249643],[10.4425395590315,46.3333921279132],[10.5731464787757,46.3493942819856],[10.6590355170013,46.3536403491048],[10.847701274007,46.3427603656908],[11.0393184907944,46.312487417758],[11.2141973000781,46.3082095917756],[11.5943370572621,46.286418364715],[11.7860377859299,46.2761589657695],[12.2495775733677,46.2885372860389],[12.3222129433499,46.3012059282324],[12.4783564109146,46.4046380460615],[12.5516892849857,46.4932753319133],[12.5611463260888,46.5430142570934],[12.5637272892063,46.5929261780248],[12.561256888039,46.6786683422575],[12.5682910641246,46.7808532338499],[12.6732733158104,46.7996492358741],[12.7152100527352,46.8057118093004],[12.7722112854464,46.8327888708084],[12.8290021443962,46.8550813958395],[12.8922196658729,46.8676422987474],[12.9407481810638,46.8662910830192],[12.9819108127588,46.8579830271211],[13.065885056922,46.8126923252848],[13.1339183163812,46.7916245311107],[13.1962073724179,46.7897394710342],[13.3044272817451,46.8006657248177],[13.4128593704475,46.8138571488165],[13.4276955288617,46.8276636839831],[13.4359468125628,46.8464486887417],[13.4618614424218,46.869416488218],[13.5176452890397,46.8723216571126],[13.5696250974162,46.870562805208],[13.5999427917926,46.8576135621094],[13.6461532546984,46.8250433088266],[13.7041101843791,46.8110960638501],[13.7410945369904,46.7954855137203]]]]},"properties":{"OBJECTID":80,"DIOCESE":"ITALIA","PERIOD":"ca. AD303-324","PROV_NAME":"VENETIA ET\nHISTRIA","SUBDIVISIO":"","Shape__Area":115624265373.77148,"Shape__Length":2128715.5306323497}},{"type":"Feature","id":81,"geometry":{"type":"Polygon","coordinates":[[[29.6741642668348,45.4655460763128],[29.7329792681732,45.4714470758367],[29.7534672679273,45.4494320759705],[29.7604122682547,45.3222080771995],[29.7319392679075,45.2262380759665],[29.708606267716,45.213326076726],[29.668188266628,45.2101290757756],[29.6643312673106,45.2118030771667],[29.6273652681789,45.2143670757525],[29.6411052672492,45.1738810760016],[29.6602742670784,45.1127620757787],[29.6413802667105,44.9819340756909],[29.6083262671478,44.84540907616],[29.5494382669128,44.8202670758163],[29.4508282667971,44.8088840763019],[29.3899952657499,44.8022160762649],[29.3441772669102,44.799721075767],[29.2508312667987,44.7958300757618],[29.2141612670448,44.7930530761077],[29.0674932659279,44.8227620758823],[29.0497172656435,44.8473470762684],[29.0429092673801,44.9241520762089],[29.0674972670241,44.9474790760466],[29.1033972668492,44.9632870759595],[29.0444372666441,45.0031890759212],[28.9838102672579,45.0057560761571],[28.8999972670949,44.9666600759957],[28.8691942659711,44.9405100758836],[28.8646452656443,44.8788070763076],[28.8937432670537,44.8631900757199],[28.9473552666907,44.8266560760668],[28.9269412656582,44.7783280761672],[28.9016632655528,44.7554090759395],[28.8659652662925,44.7490200761414],[28.7958282674223,44.7163810759821],[28.7820792672329,44.6956790760516],[28.7808282661817,44.6609610761876],[28.7899282655868,44.6423870759299],[28.7997152659785,44.6401980756856],[28.8493022660687,44.6483190757958],[28.9065912668946,44.6863060757349],[28.9104002674298,44.6923370762765],[28.9018692672138,44.7065120747471],[28.9300272670183,44.7012250761266],[28.9566612668586,44.6984600747417],[28.990862266817,44.6856460762046],[28.9709642661685,44.644016075895],[28.9484992658152,44.6308520760187],[28.9754452667233,44.6721760763187],[28.9573552666195,44.6898460759771],[28.8196712663534,44.6169510760092],[28.7965182660869,44.6308440760164],[28.7630502662475,44.6255840761582],[28.7574992661881,44.5197220761444],[28.8081342669398,44.531437076108],[28.9277722656865,44.6174930758322],[28.9130512668001,44.5880510759402],[28.8768042666454,44.5356860758141],[28.8452762666969,44.4972080762806],[28.828329266791,44.4795800757619],[28.8011622668483,44.4614520758687],[28.7518002668891,44.4261090762117],[28.6442982668824,44.3276980759731],[28.6295792658492,44.2965200758248],[28.6288832673368,44.2719340758653],[28.6327702667914,44.1574930747547],[28.660274267018,43.9755480748587],[28.6472202673127,43.9544300747776],[28.6136052662618,43.8816530747089],[28.5949932659263,43.8316570749045],[28.5852772656797,43.8008190748762],[28.5794372659153,43.7613750750455],[28.5832442668006,43.7477650747242],[28.5763812655907,43.733047074909],[28.5700002662263,43.6897120749585],[28.5775642668698,43.5916560750208],[28.6004122657411,43.5618670750631],[28.6051352661452,43.5339510747228],[28.5924952667168,43.5033220737813],[28.5576322667844,43.4533200750531],[28.5416602668468,43.4377750749194],[28.525554267015,43.4258190749447],[28.4794422657525,43.3933260750518],[28.453331265969,43.3852770751677],[28.4313892656725,43.3894350750383],[28.4084662655597,43.3984640749107],[28.3824962662416,43.4127650749596],[28.335966266301,43.4216540752594],[28.2997202659712,43.4216540752594],[28.150411266428,43.4044420752005],[28.1743702046247,43.6015343859179],[28.1624931506553,43.67213591382],[28.1231628342049,43.7698518160309],[28.0654946329379,43.873399334114],[27.9814575929431,43.9890902908703],[27.7019199066111,44.2911337968601],[27.7582177692346,44.3108254849083],[27.8102280673302,44.3181992529205],[27.8622894454294,44.3330117431237],[27.9095332709493,44.3561554218177],[27.9194958138256,44.3842324132582],[27.9608717927057,44.4346052716895],[27.9979981572852,44.4801511532721],[28.0180181428611,44.5288348571148],[28.0074133629471,44.5868721860542],[27.9962137411099,44.6506315178995],[27.9517155497806,44.716713996211],[27.9181779197268,44.7770374121203],[27.8728036068908,44.8338719140059],[27.8482172242142,44.860751197683],[27.8236677919403,44.9025726581972],[27.8120195128226,44.9289778432099],[27.8160472037221,45.0068017259368],[27.8093880491147,45.0472748112329],[27.8207802733422,45.1013510247641],[27.815338094298,45.1378701339901],[27.8278560333406,45.1580785556891],[27.8242713663864,45.1924005276961],[27.8369728797506,45.2500061361139],[27.8538741158827,45.2675672528059],[27.8807107289386,45.2758582672803],[27.9031666778671,45.2793160550059],[27.9350948898511,45.3016594970385],[27.9408099393493,45.3174821500235],[27.9512324582786,45.3830186208724],[27.9428685474005,45.4407020670798],[27.9395367786567,45.5049782140721],[27.9509690075586,45.5291514969584],[27.9748187034302,45.5361125777896],[28.0099072272114,45.5373020009707],[28.0567318916332,45.5194990862557],[28.0849514763403,45.5237732500987],[28.0970276113497,45.5422054967456],[28.1322774258435,45.5583214508865],[28.1668205500762,45.5651821681511],[28.1855433198729,45.5580345172673],[28.2231629035608,45.5080686010236],[28.2850171534404,45.4517739130697],[28.350745465238,45.413464698924],[28.4202909010357,45.385646219098],[28.5245984056538,45.3513151031832],[28.6302343910163,45.3278668178936],[28.6681834578858,45.3226372960229],[28.6852373312594,45.3325811520755],[28.6983098146999,45.3601693610856],[28.7381041208761,45.409032660018],[28.7563610333495,45.4149909618723],[28.7837414002402,45.409837313261],[28.8351459634413,45.3907460620427],[28.8708194431859,45.3933916178259],[28.8867889682649,45.4072794607973],[28.8826705663864,45.4174547721806],[28.876730362247,45.4298542247277],[28.8861018307344,45.4543886851055],[28.9219285486935,45.4851918609349],[28.9646731270786,45.4921175679317],[29.0404856971852,45.494605620083],[29.0676343032241,45.5025873502189],[29.1203691878177,45.5282392340481],[29.1624971311507,45.5333323149057],[29.2055250094303,45.526944347083],[29.2703180106254,45.5351598667191],[29.304562817827,45.5473679427692],[29.380573276011,45.5702993892423],[29.4079713630689,45.5649772147764],[29.4368938157055,45.5499323520141],[29.4721607332239,45.5034985281089],[29.5160695147425,45.4723043767957],[29.5483700388859,45.4659718421422],[29.5788721322373,45.4618658299069],[29.5923858133481,45.4554401467578],[29.6741642668348,45.4655460763128]]]},"properties":{"OBJECTID":81,"DIOCESE":"THRACIA","PERIOD":"ca. AD303-324","PROV_NAME":"SCYTHIA","SUBDIVISIO":"","Shape__Area":36959805969.15918,"Shape__Length":1279288.0936827571}},{"type":"Feature","id":82,"geometry":{"type":"Polygon","coordinates":[[[16.2048434649236,47.6505491388357],[16.2136018125683,47.525715195744],[16.2273178769261,47.467536405778],[16.2839227720356,47.3327163661492],[16.3391994271492,47.2170730510723],[16.3679794339312,47.1149625119085],[16.3781508000768,46.978147316277],[16.3845235313474,46.597984381968],[16.3710847535616,46.4937563480003],[16.3305251761882,46.4198498860697],[16.2634574439627,46.3260746187465],[16.1920036487349,46.2778799647971],[16.1027544873419,46.2235456067386],[15.9847261069894,46.1851322048943],[15.8046076707917,46.1715684249609],[15.5692706160378,46.1845297401263],[15.4151454068966,46.2189452333073],[15.0577205200555,46.2322823258535],[15.0561839993727,46.2847825858232],[15.0387842261057,46.3166101999394],[15.014513428775,46.3487694759289],[14.9525109937044,46.382732226165],[14.8890218648049,46.4024256830404],[14.8076413416329,46.4157611469625],[14.6028955254458,46.4369574328838],[14.5248163657401,46.4499198518136],[14.4529008957452,46.4935296841134],[14.3471835580522,46.5861583827686],[14.31075444244,46.6043518801442],[14.2564558999572,46.616114357782],[14.2065848921001,46.6395829490692],[14.1696643135859,46.6529800387577],[14.1420751818165,46.6540796660862],[14.0897569942422,46.6489974290633],[14.0483771499114,46.6506123061469],[13.9740302512594,46.67253004228],[13.887866454321,46.721039959797],[13.7995193505936,46.7433494040917],[13.7667753012449,46.7683581691769],[13.7410945369904,46.7954855137203],[13.7041101843791,46.8110960638501],[13.6461532546984,46.8250433088266],[13.5999427917926,46.8576135621094],[13.5696250974162,46.870562805208],[13.5176452890397,46.8723216571126],[13.4618614424218,46.869416488218],[13.4359468125628,46.8464486887417],[13.4276955288617,46.8276636839831],[13.4128593704475,46.8138571488165],[13.3044272817451,46.8006657248177],[13.1962073724179,46.7897394710342],[13.1339183163812,46.7916245311107],[13.065885056922,46.8126923252848],[12.9819108127588,46.8579830271211],[12.9407481810638,46.8662910830192],[12.8922196658729,46.8676422987474],[12.8290021443962,46.8550813958395],[12.7722112854464,46.8327888708084],[12.7152100527352,46.8057118093004],[12.6732733158104,46.7996492358741],[12.5682910641246,46.7808532338499],[12.4784220606939,46.7854010519409],[12.3857638826292,46.8042188927238],[12.3044281476606,46.8441294411908],[12.2107925863971,46.9223261539914],[12.1499216521904,47.0402547658465],[12.1165628497602,47.1552318572002],[12.359419762843,47.1595991677486],[12.5377882790705,47.164979756156],[12.7597940825815,47.1998965759963],[13.0352342780181,47.2447442861097],[13.1723711809199,47.2550074029867],[13.5774799635656,47.2897216541581],[13.8445379970524,47.2994051351287],[13.9755786746197,47.3160121177067],[14.0684415598731,47.3363231831522],[14.179891363601,47.3677479168044],[14.2797297703418,47.3852201879086],[14.3742182909508,47.3813522751797],[14.4833407268642,47.3839370628162],[14.569318612963,47.4017292359684],[14.6539021727053,47.4409932488915],[14.7304550668955,47.4686240682981],[14.816671965047,47.4862173748591],[15.0109050696535,47.4915258670756],[15.1135434236253,47.4961676762688],[15.2002001324483,47.515825587933],[15.3364337433994,47.5687558900693],[15.4532611903031,47.6034178618626],[15.5432157717393,47.6178666049523],[15.6829602144164,47.6343672467381],[15.8488272640087,47.6612028880561],[15.9902664817755,47.6891715581686],[16.0485915338732,47.7026007447694],[16.0696900996612,47.7013973009516],[16.1109042766873,47.6631723789873],[16.127571462162,47.655039190267],[16.2048434649236,47.6505491388357]]]},"properties":{"OBJECTID":82,"DIOCESE":"PANNONIAE","PERIOD":"ca. AD303-324","PROV_NAME":"NORICUM\nMEDITERRANEUM","SUBDIVISIO":"","Shape__Area":64051490263.70459,"Shape__Length":1258531.0410442974}},{"type":"Feature","id":83,"geometry":{"type":"Polygon","coordinates":[[[2.61085454423908,47.6524161852388],[2.66211121779501,47.6416093879507],[2.70110604402953,47.6179646249083],[2.72640556687076,47.5909745891782],[2.75238557431951,47.5592393290936],[2.80352408797452,47.5244305207316],[2.82767337379001,47.4805941098093],[2.83990591806679,47.4455237710859],[2.83187172932207,47.4282254919651],[2.80674420600996,47.4073704889292],[2.80048290266556,47.3782248482286],[2.8012002936582,47.3495563541919],[2.82386789914238,47.3152077990976],[2.90806996504479,47.244349061089],[2.95973471628481,47.178448789282],[2.97621872269666,47.1125811261783],[2.98308742461536,47.0891252352088],[3.04050854426341,47.0546882500917],[3.04945588666411,47.0409344962988],[3.03482523583745,47.0208341171609],[3.01328104009138,47.0002692959798],[3.02011639564843,46.9768149131251],[3.02660872592095,46.9557286116973],[3.02752486288199,46.9247075711268],[3.01377462391583,46.8496763930861],[2.99358990707975,46.7957311367644],[2.99729641612915,46.7696858172291],[3.01376729276478,46.7516687168469],[3.09076785698691,46.7233399481661],[3.24235712118266,46.6568223660345],[3.41075483003324,46.5649123079227],[3.52463527279903,46.4884969977333],[3.63960128017835,46.3738639542254],[3.73014224679773,46.2576794508686],[3.79035703355459,46.1611126943072],[3.89752442010108,45.9028010792821],[3.98323823923556,45.7862901907887],[4.06718464281151,45.7101611479259],[4.19108569106201,45.6386482191913],[4.34647083499987,45.5854325477208],[4.44243012230775,45.5764098562461],[4.5031035780689,45.5796927448686],[4.55652939467677,45.5873149669215],[4.42238516536359,45.366994365785],[4.37191559835457,45.1833312681816],[4.27645896066895,44.8663272198663],[4.23758862206819,44.7071627297459],[4.21131027333379,44.6153082476965],[4.10094121565623,44.5042842192249],[3.98552981277929,44.4403723742926],[3.8422098264381,44.3627197331637],[3.73113439380821,44.3225340677452],[3.62147108675383,44.2989479567062],[3.44745166875296,44.2876746470368],[3.293099496662,44.3035782122393],[3.17508367655377,44.3193637680591],[3.09767334401818,44.3283145172555],[2.93121088836057,44.3095255036831],[2.6537919397117,44.2561579079858],[2.49789629667262,44.2350201001117],[2.33453244124706,44.2201988569236],[2.1759108479019,44.1745188551436],[1.9526607860942,44.0995382161089],[1.7492323977803,44.02805174509],[1.60761024888566,43.9851940637355],[1.41628521722924,43.9449714000357],[1.35401531596933,43.9228714907518],[1.21255511625245,43.8627389451103],[1.07628335295297,43.8123882442793],[0.994475156247191,43.7906573836816],[0.849804049819771,43.7153601138955],[0.771162144097655,43.677031478068],[0.827398923078492,43.8420396300069],[0.889829534739366,44.0863449319433],[0.919502901698362,44.256104956982],[0.929160718962349,44.3142700121556],[0.906157229800172,44.4816862869074],[0.795364915605163,44.8753436191374],[0.71678147493664,45.1216007750356],[0.63425559438747,45.3484775359097],[0.552258854778327,45.5323992543057],[0.54325089765551,45.6345416200696],[0.539349429036615,45.7275969741554],[0.583290178901193,45.8394629998996],[0.619510458667722,45.9386281988128],[0.666747056342851,46.1082845627573],[0.716996940349116,46.3189632739969],[0.732489910068171,46.5505321370485],[0.678401422444921,46.7999538962899],[0.634549205144851,46.9016018869911],[0.523766383447404,47.0896474977564],[0.796857716181374,47.1884166240783],[1.0463099756385,47.2867834199449],[1.22319510114242,47.3616741541257],[1.5346791157827,47.4782970452698],[1.78950058862503,47.5607526228444],[2.08681587334423,47.6265501669242],[2.51068815090995,47.6813121220861],[2.61085454423908,47.6524161852388]]]},"properties":{"OBJECTID":83,"DIOCESE":"VIENNENSIS","PERIOD":"ca. AD303-324","PROV_NAME":"AQUITANIA I","SUBDIVISIO":"","Shape__Area":182126088261.07806,"Shape__Length":1834348.4875972474}},{"type":"Feature","id":84,"geometry":{"type":"MultiPolygon","coordinates":[[[[-1.19118076138391,45.8261760768837],[-1.21194476222086,45.8069380771389],[-1.23972176225891,45.8588870771066],[-1.25083376062669,45.8736040769896],[-1.2840277617281,45.9066620767868],[-1.31666676208743,45.9236070772083],[-1.33916676080421,45.9358290769288],[-1.36555576132032,45.9502710767434],[-1.37486076166319,45.9616620773102],[-1.39923576087192,46.0498580767456],[-1.38472276239801,46.049438077791],[-1.36138876238155,46.0438840772289],[-1.27333376203842,45.9958270767781],[-1.2330557615908,45.964722077005],[-1.17124976112341,45.8913150770954],[-1.18194476243465,45.8477710772506],[-1.19118076138391,45.8261760768837]]],[[[-1.25798676136653,46.1596830779141],[-1.28416676164527,46.1555480771772],[-1.29944476092359,46.1566620769451],[-1.31861076127801,46.1608270770145],[-1.50694476236445,46.2041630779982],[-1.52055576156324,46.2091600770106],[-1.53291676223074,46.2165220778696],[-1.55138876192592,46.2460360769626],[-1.5030557623617,46.2555540782674],[-1.49222276095819,46.2566600772862],[-1.47736176232974,46.256245077237],[-1.29166676091809,46.1980510770619],[-1.25798676136653,46.1596830779141]]],[[[-1.73844914417892,47.2086192670721],[-1.66937752298118,47.2000496878834],[-1.59978748223631,47.2198534148701],[-1.49139820993533,47.2704011280782],[-1.43477327431013,47.3007136259434],[-1.30375011389082,47.2860003108521],[-1.2006486092198,47.2536915182078],[-0.717523647753038,47.116441443124],[-0.342537875696996,47.0435649640812],[-0.0146880756312152,47.0226313552858],[0.106444266098957,47.031772421724],[0.289717023229056,47.0465633500792],[0.413026374558091,47.0627472130972],[0.523766383447404,47.0896474977564],[0.634549205144851,46.9016018869911],[0.678401422444921,46.7999538962899],[0.732489910068171,46.5505321370485],[0.716996940349116,46.3189632739969],[0.666747056342851,46.1082845627573],[0.619510458667722,45.9386281988128],[0.583290178901193,45.8394629998996],[0.539349429036615,45.7275969741554],[0.54325089765551,45.6345416200696],[0.552258854778327,45.5323992543057],[0.63425559438747,45.3484775359097],[0.71678147493664,45.1216007750356],[0.795364915605163,44.8753436191374],[0.906157229800172,44.4816862869074],[0.929160718962349,44.3142700121556],[0.919502901698362,44.256104956982],[0.889829534739366,44.0863449319433],[0.827398923078492,43.8420396300069],[0.771162144097655,43.677031478068],[0.691361161029034,43.5908409940018],[0.6419100356172,43.5193959739174],[0.457111989440363,43.5087630920674],[0.36031202994348,43.5183842909772],[0.271528998063164,43.554951213893],[0.171064582350308,43.5831273956838],[0.107381777573863,43.6244689696758],[0.0433014601993882,43.7015563668316],[-0.176239136203337,44.4345071290566],[-0.213653765665968,44.48810797312],[-0.25629232577952,44.5339920407638],[-0.330823353911929,44.5550307440104],[-0.39646631228272,44.5649746791114],[-0.471883860819593,44.5570920940339],[-0.541954113965882,44.5233725417383],[-0.836765777818575,44.2402435361744],[-0.877657366232801,44.1974507551932],[-0.910453689446111,44.1794777909348],[-0.966976689642773,44.1636595287466],[-1.03073261728335,44.1661615670277],[-1.08257403659704,44.2058947061298],[-1.13825298783757,44.3242691019029],[-1.26753967696486,44.3770438452454],[-1.26416676178779,44.3933260762238],[-1.25861176063219,44.452217076179],[-1.24969476242344,44.5102730758649],[-1.23377776183917,44.5581090761721],[-1.20861176098849,44.6258310758889],[-1.1513887611831,44.6570810758856],[-1.12611176180096,44.651108075945],[-1.08999976226384,44.6537440761584],[-1.0406247609875,44.674927076163],[-1.05986076076382,44.7108310758912],[-1.12777776205555,44.7593040756938],[-1.1701387607126,44.7738840762535],[-1.22986076224733,44.7063830757383],[-1.24583376200979,44.6753420758585],[-1.24749976226438,44.7577740762467],[-1.20722176091845,45.0133290769642],[-1.16833376233749,45.2086110758584],[-1.15194476085177,45.3713840761892],[-1.15222276068613,45.3922190757342],[-1.14861176231436,45.4274980768626],[-1.13999976190754,45.4938850768093],[-1.08944476242006,45.5586050758541],[-1.06409676199451,45.569160077208],[-1.05416676058934,45.5505520768544],[-1.05631976091561,45.5226360761515],[-0.99541676134487,45.4772190762514],[-0.977221761659113,45.4687460766933],[-0.942083762265428,45.461799077127],[-0.918888761267845,45.4501380757162],[-0.801319759588662,45.3608970768297],[-0.771110761361711,45.3219380761813],[-0.759166761344078,45.3044430767206],[-0.734319761233937,45.2252460769317],[-0.730610760257926,45.1913300771376],[-0.714721761059349,45.1305540763005],[-0.702916760958894,45.104996075775],[-0.539930760298008,44.8956220758138],[-0.540416761443123,44.9869380758114],[-0.554166760559124,45.0233310770094],[-0.612360760134918,45.0561060761043],[-0.638055760890083,45.0748560768265],[-0.651666760088907,45.0920790757329],[-0.670694761249419,45.1311070762595],[-0.706038762304059,45.3220520769225],[-0.717777761383971,45.3572160772477],[-0.747777761170184,45.4231910767024],[-0.781527761041969,45.4665220769491],[-0.80361076090554,45.4872210769894],[-0.862499760965517,45.5288850767043],[-1.00027776184122,45.6144410772805],[-1.08569476143619,45.6574930756909],[-1.16583376078325,45.6874920766978],[-1.23885776082199,45.7062150761605],[-1.22902776077257,45.787914076873],[-1.18890876123193,45.7998890767135],[-1.145939761231,45.8029440772952],[-1.14805576084906,45.8677750771569],[-1.07097276182656,45.9039500772311],[-1.05333376091121,46.012215076822],[-1.0524307609129,46.0386050769044],[-1.11999976115175,46.1258310771813],[-1.14861176141606,46.1533280767416],[-1.10583376121082,46.2586060767005],[-1.11463476086524,46.3165820777814],[-1.16895876070486,46.3263850767264],[-1.20631976074504,46.3147200778336],[-1.21777776231252,46.2976340771605],[-1.26583376186728,46.3049930781493],[-1.46972176241651,46.3927760768448],[-1.65429676139991,46.4453580772861],[-1.78638876159875,46.4883270777872],[-1.82472176123424,46.5749970767125],[-1.86055576183534,46.6377710780868],[-1.91680576222052,46.6911050780437],[-2.00722276312732,46.7616650781136],[-2.03333376201249,46.7763820779493],[-2.05888876212728,46.7869410780899],[-2.08277776198748,46.7986070779577],[-2.1047227626571,46.8113860780214],[-2.12541676227554,46.8309710781597],[-2.13333376219818,46.8497160777606],[-2.12819476186748,46.8995090779347],[-2.08777776240101,46.9416650781016],[-2.03472276225762,46.9816670782351],[-1.98587176176122,47.0369300777729],[-2.00430576182155,47.0631900782354],[-2.02416676176186,47.0791630779143],[-2.06388876164247,47.1020770788311],[-2.11263876185651,47.1177750780784],[-2.17083376215554,47.1266630779079],[-2.15929176182077,47.2371480789607],[-2.13416676187631,47.2780530792765],[-2.04361176177557,47.2872160792457],[-1.99888876255482,47.2822190778178],[-1.93833376224029,47.2741620780646],[-1.91902776214378,47.2680510787382],[-1.89749976302232,47.2515220789806],[-1.80249976235182,47.2119370777903],[-1.77305576133598,47.2080530789283],[-1.73844914417892,47.2086192670721]]]]},"properties":{"OBJECTID":84,"DIOCESE":"VIENNENSIS","PERIOD":"ca. AD303-324","PROV_NAME":"AQUITANIA II","SUBDIVISIO":"","Shape__Area":114207262150.67792,"Shape__Length":2332713.6399067235}},{"type":"Feature","id":85,"geometry":{"type":"Polygon","coordinates":[[[18.8196909074129,45.6539703510699],[18.7204244957427,45.6403655850663],[18.6864154495907,45.6408772881533],[18.6401786633521,45.6495882757691],[18.625399652163,45.6627972521683],[18.5946043496012,45.6821381503099],[18.5479137758036,45.6884511597084],[18.4592706951563,45.7293125980695],[18.4109290043917,45.7667810922294],[18.3809904035569,45.7716313661768],[18.3371692607791,45.7752137531737],[18.2949035068984,45.7882150641385],[18.2471607777309,45.8303301402837],[18.214181227844,45.8377629827615],[18.1909338676418,45.8420165857177],[18.1382885118444,45.8653402152836],[18.1612546382773,46.0165429517681],[18.1677172163475,46.1188722781021],[18.1665329134096,46.1955116621326],[18.1729355442061,46.2763462501254],[18.1951379984428,46.3272266939081],[18.2214231573054,46.423256790281],[18.2433315471356,46.5340159707892],[18.2342141734145,46.6041649360646],[18.2130833338533,46.6441444751522],[18.1927026827756,46.6888485881109],[18.1998936867435,46.752931005162],[18.2287561516821,46.9254865869018],[18.2852643718973,47.1150820989441],[18.2801124169619,47.208945857181],[18.2889556931303,47.2609740530945],[18.3101130132295,47.3024468331752],[18.4605780448304,47.4990613297712],[18.6321343496958,47.6675028508745],[18.6498341809289,47.7068513367574],[18.6586291115653,47.7757249471336],[18.6680908337893,47.8085510621783],[18.7265368377517,47.8809529150233],[18.7587934558373,47.8783004482418],[18.7816153793109,47.8837600832192],[18.8528029561092,47.8998847361596],[18.8931302192687,47.8965199078704],[18.9159831912134,47.8872620061333],[18.9465506980871,47.8608269959595],[18.9663206717397,47.7912304002429],[18.9726644637834,47.752140441173],[18.9729695559083,47.7098931071831],[18.9418326869261,47.6005623031701],[18.91714632625,47.540251056201],[18.9048206482378,47.5174353257846],[18.8691698338861,47.5002522418877],[18.8498703097445,47.4835256857267],[18.845583929196,47.4600337121628],[18.8127373479375,47.4132521030686],[18.8061815651648,47.3771118689842],[18.7966517102182,47.3393891848022],[18.7580792098465,47.2600763841695],[18.752937030378,47.2164936522394],[18.7600256416748,47.1810612556987],[18.7634295541191,47.1551062859423],[18.7849859965974,47.1404662798694],[18.8029052503219,47.1206257528465],[18.7983477806786,47.0953386021503],[18.7884069572692,46.9953347718601],[18.8004299865739,46.9429925789325],[18.799863199037,46.9100444702608],[18.81964169321,46.9010432359755],[18.8374309966454,46.8958709068925],[18.8483738709914,46.8527822958803],[18.8543374951085,46.8266126587437],[18.8520848392778,46.7993098347726],[18.8485071100126,46.7794527292627],[18.8248907479428,46.7667944988751],[18.7580771868404,46.7211282362201],[18.7512761990295,46.6978812060535],[18.7520299861642,46.6721651829776],[18.7534784045755,46.6353999922383],[18.7680163941807,46.5975302377264],[18.7755991768001,46.5804006609488],[18.772709652264,46.5641570808886],[18.7573819536926,46.5526288651808],[18.7211383365933,46.5428610881231],[18.6983015217473,46.5337898152594],[18.6852985822828,46.5202278990154],[18.6710369234423,46.4994442889881],[18.6669199031726,46.4759799760251],[18.6797414503234,46.4584233327355],[18.6993617332085,46.4494499850729],[18.7336824579332,46.433738162229],[18.7569583342558,46.4006356202993],[18.7600441721225,46.3582516198034],[18.7559495252934,46.3201426297204],[18.7488875786891,46.2951060367258],[18.7359329245694,46.2815545861228],[18.7050934275907,46.2713460522387],[18.6782057183614,46.253472454038],[18.6546493942953,46.2243321027998],[18.6544171663196,46.2078766821843],[18.6393525366842,46.121283403197],[18.6480192310171,46.0802924432478],[18.6657723997203,46.0312145809114],[18.6877227929765,45.9762899832237],[18.7182569813364,45.9407611020597],[18.7400520603716,45.9004782201],[18.7659738057859,45.8689857371137],[18.7837205200937,45.8656356942082],[18.8114670861083,45.8595905569031],[18.8321359158308,45.8431702190314],[18.8463585042447,45.8199827961298],[18.8441270747059,45.8073664950525],[18.8233279425548,45.7487845862044],[18.8089473836015,45.7116072419518],[18.8115557992342,45.6967463697235],[18.8257150707936,45.6882062367552],[18.8234946438204,45.67559254472],[18.8196909074129,45.6539703510699]]]},"properties":{"OBJECTID":85,"DIOCESE":"PANNONIAE","PERIOD":"ca. AD303-324","PROV_NAME":"VALERIA","SUBDIVISIO":"","Shape__Area":19349077731.691406,"Shape__Length":856813.78508881759}},{"type":"Feature","id":86,"geometry":{"type":"Polygon","coordinates":[[[18.7265368377517,47.8809529150233],[18.6680908337893,47.8085510621783],[18.6586291115653,47.7757249471336],[18.6498341809289,47.7068513367574],[18.6321343496958,47.6675028508745],[18.4605780448304,47.4990613297712],[18.3101130132295,47.3024468331752],[18.2889556931303,47.2609740530945],[18.2801124169619,47.208945857181],[18.2852643718973,47.1150820989441],[18.2287561516821,46.9254865869018],[18.1998936867435,46.752931005162],[18.1927026827756,46.6888485881109],[18.2130833338533,46.6441444751522],[18.2342141734145,46.6041649360646],[18.2433315471356,46.5340159707892],[18.2214231573054,46.423256790281],[18.1951379984428,46.3272266939081],[18.1729355442061,46.2763462501254],[18.1665329134096,46.1955116621326],[18.1677172163475,46.1188722781021],[18.1612546382773,46.0165429517681],[18.1382885118444,45.8653402152836],[18.0044175787867,45.8519819638525],[17.927842763907,45.8435972261561],[17.8940625689636,45.8462061097839],[17.867033773929,45.8482853986896],[17.8448193819804,45.8810544503097],[17.8252723225707,45.8873273556983],[17.7738107998923,45.8864636997434],[17.7485852703827,45.9003198547168],[17.6994422976561,45.9589777023033],[17.6424491650538,45.9895184931347],[17.6137480438284,46.0035960087084],[17.5561076076903,46.0078503568328],[17.393217832766,45.9265440682249],[17.3593531881011,45.9289777600095],[17.3390331813899,45.9304326107245],[17.3248702195513,45.9505487699548],[17.310073120784,45.9898147518331],[17.2857029491216,46.0106521780174],[17.2823673328934,46.0347709252416],[17.2790830158579,46.0827735390438],[17.2475525338642,46.1256031858543],[17.2060819866393,46.1476200772696],[17.1455172791298,46.1566140551686],[17.1060287379168,46.1688958827391],[17.0821592557527,46.1944215872417],[17.0694989750601,46.2263394492378],[17.0288679088581,46.2553857501171],[16.9946006294013,46.3054802691006],[16.9321541939167,46.3025208692233],[16.8890838711382,46.3149529086943],[16.837528777245,46.3159857470167],[16.785971741194,46.3169941981654],[16.7031264466793,46.3414973642938],[16.6559110160072,46.3493196800596],[16.6012113820383,46.3528225979106],[16.5779051947614,46.3590819022315],[16.5614341016317,46.3649015021502],[16.5026692307777,46.3638345187314],[16.4756168280175,46.3679161998589],[16.4279867646547,46.3995287329321],[16.4012147117216,46.4059610521078],[16.3576177102854,46.4158056597201],[16.3305251761882,46.4198498860697],[16.3710847535616,46.4937563480003],[16.3845235313474,46.597984381968],[16.3781508000768,46.978147316277],[16.3679794339312,47.1149625119085],[16.3391994271492,47.2170730510723],[16.2839227720356,47.3327163661492],[16.2273178769261,47.467536405778],[16.2136018125683,47.525715195744],[16.2048434649236,47.6505491388357],[16.220005247357,47.7548725032515],[16.2883513549953,47.9804714530902],[16.3849488611765,48.1446220660503],[16.4728880102891,48.2398662570494],[16.5692667829869,48.2992594811049],[16.6068105506615,48.2731611920176],[16.6228275328386,48.2502095680599],[16.6484888332959,48.2376403088078],[16.6946674976373,48.2347686567081],[16.7580596192659,48.2179788120734],[16.8314873949569,48.1950177448947],[16.8950401964437,48.1799626171041],[16.9598719132309,48.1739404439562],[17.0357476016643,48.1872950471373],[17.0888599673234,48.2130969722936],[17.1187078185516,48.2111189192111],[17.1423178457021,48.2040536018821],[17.1995015981127,48.1287943002119],[17.2487034428298,48.0741873619557],[17.2724575983794,48.0505948907606],[17.3045199827342,48.0099429571123],[17.3389496928657,47.9672861870697],[17.4246439260321,47.9393739818205],[17.5696807824258,47.9255072059902],[17.6302377761019,47.9120268050514],[17.7151667138165,47.8637632540469],[17.7744388839727,47.8429567278376],[17.7959591162602,47.8413813907197],[17.8515260763309,47.8482890347368],[17.8975520360572,47.8467143219611],[17.9456698397035,47.8412966317051],[17.9833186006719,47.838476532183],[18.032349967606,47.8549489331712],[18.0756858557386,47.8534993568948],[18.1231799626764,47.8443815759988],[18.1847087286741,47.8378283669099],[18.2492188234367,47.8328412661943],[18.3111510246251,47.8445225787248],[18.39256226479,47.8583013292387],[18.477485226013,47.8607349361378],[18.5502604996175,47.8714187777946],[18.5884364656565,47.88669098371],[18.6209332258754,47.9005767319031],[18.6679588200701,47.9040962012256],[18.686787103285,47.9025603318323],[18.7265368377517,47.8809529150233]]]},"properties":{"OBJECTID":86,"DIOCESE":"PANNONIAE","PERIOD":"ca. AD303-324","PROV_NAME":"PANNONIA\nSUPERIOR","SUBDIVISIO":"","Shape__Area":70194824384.240234,"Shape__Length":1209140.1477362493}},{"type":"Feature","id":87,"geometry":{"type":"Polygon","coordinates":[[[5.95918712502846,46.1829527611698],[5.91027945790563,46.1524618032645],[5.86950795088871,46.1484600432331],[5.8435827415706,46.1307559878893],[5.82346702073822,46.0847154939611],[5.82041984276799,46.039367928937],[5.82398585710361,45.9966711290522],[5.8215373020657,45.9442141521966],[5.80392106984952,45.910181673005],[5.80050342485951,45.869588607154],[5.81065921242144,45.8295539960235],[5.8058557112898,45.805565013853],[5.75043168665554,45.7771143537145],[5.71579161623733,45.7447440170483],[5.70251096889097,45.7013655398406],[5.67687256379531,45.6836350859378],[5.64766632078405,45.668124524723],[5.61048176603533,45.6665371911764],[5.57563873924496,45.6769324109422],[5.53489206705239,45.7536821607303],[5.51224811331132,45.778869020866],[5.47348726407232,45.7938249850777],[5.41754440217438,45.8103812657749],[5.39799034399024,45.8380676930141],[5.37239608210765,45.8940457088117],[5.34753085068881,45.9048268401799],[5.32715742386267,45.9039028980645],[5.29203575763748,45.8784939551155],[5.21330905544412,45.8462888438538],[5.13761360858253,45.8189251732534],[5.02135708685596,45.7895439509339],[4.81923996756566,45.7033391590679],[4.55652939467677,45.5873149669215],[4.5031035780689,45.5796927448686],[4.44243012230775,45.5764098562461],[4.34647083499987,45.5854325477208],[4.19108569106201,45.6386482191913],[4.06718464281151,45.7101611479259],[3.98323823923556,45.7862901907887],[3.89752442010108,45.9028010792821],[3.79035703355459,46.1611126943072],[3.73014224679773,46.2576794508686],[3.63960128017835,46.3738639542254],[3.52463527279903,46.4884969977333],[3.41075483003324,46.5649123079227],[3.24235712118266,46.6568223660345],[3.09076785698691,46.7233399481661],[3.01376729276478,46.7516687168469],[2.99729641612915,46.7696858172291],[2.99358990707975,46.7957311367644],[3.01377462391583,46.8496763930861],[3.02752486288199,46.9247075711268],[3.02660872592095,46.9557286116973],[3.02011639564843,46.9768149131251],[3.01328104009138,47.0002692959798],[3.03482523583745,47.0208341171609],[3.04945588666411,47.0409344962988],[3.04050854426341,47.0546882500917],[2.98308742461536,47.0891252352088],[2.97621872269666,47.1125811261783],[2.95973471628481,47.178448789282],[2.90806996504479,47.244349061089],[2.82386789914238,47.3152077990976],[2.8012002936582,47.3495563541919],[2.80048290266556,47.3782248482286],[2.80674420600996,47.4073704889292],[2.83187172932207,47.4282254919651],[2.83990591806679,47.4455237710859],[2.82767337379001,47.4805941098093],[2.80352408797452,47.5244305207316],[2.75238557431951,47.5592393290936],[2.72640556687076,47.5909745891782],[2.70110604402953,47.6179646249083],[2.66211121779501,47.6416093879507],[2.61085454423908,47.6524161852388],[2.70954035857148,47.7442553000789],[2.82936831686471,47.8697403472662],[3.01118541695895,48.0637987431776],[3.08600291514051,48.1644453901853],[3.13376572884109,48.205830027271],[3.1555636941633,48.2287752572665],[3.27944198898599,48.2653408679031],[3.35054396981249,48.2697686140877],[3.43623725705285,48.2463142691198],[4.15488736881597,47.9936881038611],[4.24392894481824,47.9937404910506],[4.29617158587377,48.003713727171],[4.36065114420493,48.0310408682377],[4.42000474664166,48.0724009102249],[4.57244655965274,48.2069278317825],[4.84260335955985,48.4712222478502],[4.95404869327092,48.5051750641141],[5.06403849840519,48.5198191558597],[5.42026401217118,48.2942014740778],[5.5169735993538,48.2170656649319],[5.5800726007052,48.1528113408298],[5.72628264967341,47.9534099302319],[5.76192763216232,47.8712830208158],[5.76299432407003,47.7782423118607],[5.75595492787429,47.7373910622945],[5.72842209532035,47.6885606298146],[5.68954547839408,47.6488087607104],[5.57555655956615,47.5820749600935],[5.44851536310342,47.5074927151563],[5.40255194139226,47.4720972351732],[5.3547405971068,47.4198960742954],[5.32847111204935,47.3638553882254],[5.29270233273111,47.1523093948813],[5.31026917197972,47.114926695289],[5.40972185022236,46.9857601387849],[5.55230992879592,46.7964085090961],[5.73337582800517,46.5489874721835],[5.83127168992785,46.390984957724],[5.8891172141403,46.2742297420634],[5.95918712502846,46.1829527611698]]]},"properties":{"OBJECTID":87,"DIOCESE":"GALLIAE","PERIOD":"ca. AD303-324","PROV_NAME":"LUGDUNENSIS I","SUBDIVISIO":"","Shape__Area":110860754484.06494,"Shape__Length":1524013.973728772}},{"type":"Feature","id":88,"geometry":{"type":"Polygon","coordinates":[[[7.06954901241386,48.2348078851056],[7.26453216177363,48.197005829864],[7.55527861928398,48.1471599391413],[7.57860982823483,48.116690082297],[7.58542179525515,48.0894936692299],[7.5866999793268,48.0639970918861],[7.59630492804138,48.035041278763],[7.61684365386296,48.0045063061061],[7.61041569057545,47.96972592987],[7.61203787640037,47.9369474051861],[7.59741027984564,47.90380736396],[7.53464033587442,47.805767746806],[7.52280451367822,47.7726854257789],[7.52401429732922,47.749019282043],[7.56075395604358,47.7170629371958],[7.57318427161672,47.6845434598988],[7.58532451489637,47.6574846058053],[7.59718300068887,47.6358847341518],[7.6468922336414,47.6114866859221],[7.68735480464226,47.6105525117273],[7.74379871985625,47.6135884687064],[7.78106985782529,47.6234831029961],[7.84488412385703,47.6430169657802],[7.87451595810719,47.6436134297956],[7.89891539059334,47.6404547431941],[7.95409310526152,47.6105570181005],[7.99507612959524,47.5967637292594],[8.05690315333526,47.5997347421406],[8.08579414337733,47.6184764171911],[8.16001443437153,47.6507589562482],[8.20528315922906,47.666106861723],[8.24295147292791,47.6685579147802],[8.2808833676025,47.6637121429441],[8.34876211862942,47.650212506967],[8.38091502441881,47.6561720230461],[8.4106183331246,47.6547991150214],[8.4756411593019,47.6448208281084],[8.52991448337973,47.6328332132562],[8.57570990306474,47.633456537246],[8.60238506371125,47.642917971156],[8.61238278012255,47.6703743338945],[8.6168919805907,47.7014012082306],[8.64050911790659,47.7253883772497],[8.75326021576517,47.750450825936],[8.79916751792389,47.7509779978802],[8.8615804462484,47.7389105690613],[9.04107657004135,47.6751010757559],[9.01739644106109,47.5493509280624],[9.03953602041452,47.4971520501636],[9.10032638292677,47.4405252119123],[9.22845139767811,47.3296120067201],[9.26775830403224,47.2775080179586],[9.28618655038318,47.2133512899577],[9.28335418025866,47.1680991202691],[9.13683579085736,46.9646782772967],[9.11983840893875,46.9431181899709],[9.07160272925915,46.921284122858],[8.87491332613692,46.864623322135],[8.83715031114249,46.8475542561223],[8.8031129509911,46.8209944497524],[8.69906966874585,46.6912686847503],[8.67915754478443,46.6600903022457],[8.64168522820919,46.6405777692059],[8.56627685416631,46.6205362291562],[8.43198344343054,46.609088614705],[8.34996947862579,46.5840327081019],[8.28190822406912,46.5567649307013],[8.24173087266259,46.5227895551784],[8.22871780738822,46.5011600011879],[8.16771752925536,46.4739382690258],[8.12714763203595,46.454185487798],[8.05065653115753,46.3861805422775],[8.003436429246,46.3638775098346],[7.89722326373704,46.3570223537691],[7.79685176257063,46.3739696640657],[7.68344781767256,46.3738788651904],[7.48994077010619,46.3265605867192],[7.32573783789959,46.2510920737344],[7.16907037584314,45.9306276087],[7.11874456892399,45.7984789279777],[7.00700072414571,45.8345084690924],[6.90522951301937,45.8992553179973],[6.94652950879943,45.9480462398753],[6.95768915560652,45.9888017512099],[6.95537984482753,46.026784311909],[6.93470517515741,46.0856317007066],[6.8995822333245,46.1559436798848],[6.87194571003396,46.2145864629327],[6.84661706560783,46.2899551931178],[6.83074575064394,46.3775188751071],[6.81832432300223,46.4104572928334],[6.78229412135994,46.4355276790756],[6.75418705693029,46.4441745611663],[6.7163902967222,46.4429870168318],[6.65502401080661,46.433888540759],[6.5864836361999,46.429278119116],[6.55474900397309,46.4401336287662],[6.51008847719045,46.4386429892752],[6.47741895117948,46.4137342241303],[6.44702962963397,46.405557176064],[6.36807917417131,46.4028252169074],[6.31043561459092,46.3912691251312],[6.25803576566571,46.3560632580504],[6.21743504006238,46.3022163217676],[6.19075974466854,46.2917177067372],[6.13273292066882,46.2871866169739],[6.08156302796263,46.2828823440965],[6.04503762732501,46.2672096879421],[6.00340548665518,46.2299007531844],[5.95918712502846,46.1829527611698],[5.8891172141403,46.2742297420634],[5.83127168992785,46.390984957724],[5.73337582800517,46.5489874721835],[5.55230992879592,46.7964085090961],[5.40972185022236,46.9857601387849],[5.31026917197972,47.114926695289],[5.29270233273111,47.1523093948813],[5.32847111204935,47.3638553882254],[5.3547405971068,47.4198960742954],[5.40255194139226,47.4720972351732],[5.44851536310342,47.5074927151563],[5.57555655956615,47.5820749600935],[5.68954547839408,47.6488087607104],[5.72842209532035,47.6885606298146],[5.75595492787429,47.7373910622945],[5.76299432407003,47.7782423118607],[5.76192763216232,47.8712830208158],[5.72628264967341,47.9534099302319],[5.5800726007052,48.1528113408298],[5.5169735993538,48.2170656649319],[5.42026401217118,48.2942014740778],[5.06403849840519,48.5198191558597],[5.36503770403597,48.568993884044],[5.53000277860774,48.5759368538515],[5.61696610938669,48.5699380589231],[5.71616439641897,48.5476342238677],[5.80556553209683,48.5129200422143],[5.87796299315751,48.4655492801839],[5.99176732885581,48.3504354777464],[6.15268332633612,48.086550902788],[6.21345259999874,48.0385960490286],[6.29818818073828,48.0009912947821],[6.36929299664783,48.0010408422767],[6.86223691607255,48.0190124237962],[6.94280864197682,48.0380399857452],[6.98022095468434,48.0653412588464],[7.02360793719373,48.1118772401858],[7.06954901241386,48.2348078851056]]]},"properties":{"OBJECTID":88,"DIOCESE":"GALLIAE","PERIOD":"ca. AD303-324","PROV_NAME":"SEQUANIA","SUBDIVISIO":"","Shape__Area":103218411445.25781,"Shape__Length":1760003.5750900803}},{"type":"Feature","id":89,"geometry":{"type":"Polygon","coordinates":[[[16.5692667829869,48.2992594811049],[16.4728880102891,48.2398662570494],[16.3849488611765,48.1446220660503],[16.2883513549953,47.9804714530902],[16.220005247357,47.7548725032515],[16.2048434649236,47.6505491388357],[16.127571462162,47.655039190267],[16.1109042766873,47.6631723789873],[16.0696900996612,47.7013973009516],[16.0485915338732,47.7026007447694],[15.9902664817755,47.6891715581686],[15.8488272640087,47.6612028880561],[15.6829602144164,47.6343672467381],[15.5432157717393,47.6178666049523],[15.4532611903031,47.6034178618626],[15.3364337433994,47.5687558900693],[15.2002001324483,47.515825587933],[15.1135434236253,47.4961676762688],[15.0109050696535,47.4915258670756],[14.816671965047,47.4862173748591],[14.7304550668955,47.4686240682981],[14.6539021727053,47.4409932488915],[14.569318612963,47.4017292359684],[14.4833407268642,47.3839370628162],[14.3742182909508,47.3813522751797],[14.2797297703418,47.3852201879086],[14.179891363601,47.3677479168044],[14.0684415598731,47.3363231831522],[13.9755786746197,47.3160121177067],[13.8445379970524,47.2994051351287],[13.5774799635656,47.2897216541581],[13.1723711809199,47.2550074029867],[13.0352342780181,47.2447442861097],[12.7597940825815,47.1998965759963],[12.5377882790705,47.164979756156],[12.359419762843,47.1595991677486],[12.1165628497602,47.1552318572002],[12.0896943060875,47.3439269961871],[12.0875307101324,47.5393250100643],[12.1232070537062,47.5505318250845],[12.2094366046285,47.5892811578587],[12.2565109099694,47.616888492878],[12.2899952573505,47.6543041778485],[12.291006397441,47.6757322497211],[12.2781340900868,47.7022254150836],[12.2766178398884,47.7451605860803],[12.2672521098391,47.7715793170788],[12.2542323431327,47.7956923527131],[12.2521376515532,47.8267255028618],[12.2654223080807,47.8836572978432],[12.2760912654352,47.9597208507431],[12.267355322672,48.0004382122563],[12.2613748066343,48.0244085070762],[12.263052264002,48.0601394932082],[12.2908702838108,48.1215488852985],[12.3062444531302,48.1450673440341],[12.3611583092432,48.1748773940863],[12.402005026809,48.2073614181592],[12.4142540749342,48.238093761101],[12.4223479782892,48.2569928117589],[12.4514975591656,48.2682584681641],[12.5177298869229,48.3048960738718],[12.5687473283388,48.3227750961279],[12.6659924910939,48.334726525777],[12.7124405053918,48.3335672949102],[12.7560000533689,48.3443918929273],[12.810304141152,48.3549186908891],[12.8496203980699,48.3538864577912],[12.8993685119045,48.3477880519075],[12.9986792787902,48.3331388407804],[13.073695035155,48.3310247122427],[13.1605191629975,48.3452174432786],[13.2262728207607,48.3647474269095],[13.2564875421544,48.3877055212591],[13.3112773220621,48.4027447982705],[13.3764985312884,48.4126569920494],[13.4422611542382,48.4296746108281],[13.4983777170745,48.4612915259786],[13.5368283591812,48.4958490420915],[13.5500577261996,48.5288390638629],[13.5697696273623,48.5520660199397],[13.5819631236703,48.5707635488306],[13.5839330518333,48.5969624649372],[13.5857258340189,48.6207810540309],[13.5989337852008,48.6525795711094],[13.6122583691477,48.674552673281],[13.6239519377288,48.6832910708385],[13.6542058993307,48.6822759588863],[13.7168874993836,48.672843024171],[13.7658003650569,48.6638510378761],[13.8029750778634,48.6461194682152],[13.8375215932364,48.6302940488152],[13.8620947760681,48.6275943609052],[13.9006074010312,48.5933458810479],[13.9277938647711,48.5558420428893],[13.9503625280132,48.5294570429462],[13.9964978872698,48.522283364773],[14.0709471714063,48.5249832811505],[14.106100249022,48.5181751872754],[14.1248070485695,48.5119843599004],[14.1901123940054,48.441902706296],[14.2372465226527,48.4163217068308],[14.285636803291,48.4052778631385],[14.3102328069242,48.404297446076],[14.3822824079675,48.4123510067586],[14.4067123508339,48.4095298690406],[14.4328601590862,48.3956728332506],[14.5137694817557,48.3521323340811],[14.5529776758365,48.3322167871223],[14.5972591018911,48.3084168948958],[14.6325278708374,48.305078511185],[14.676326991416,48.3050094399882],[14.7166826341519,48.2977677952008],[14.800985382333,48.2648096369662],[14.8607199162643,48.2602990318186],[14.9124607476223,48.2579465540637],[14.9515205130688,48.2652884532608],[15.0471709029881,48.29007438185],[15.0936800413529,48.2897089468575],[15.1314293112252,48.284258516245],[15.16585960077,48.2734731098871],[15.1985374361974,48.2718975999386],[15.2539937714358,48.2783382380756],[15.313195699625,48.2937053007184],[15.3540537233869,48.2916784247505],[15.4376170188504,48.3039356918791],[15.4910428444414,48.3158460702844],[15.5325506223433,48.3429690641856],[15.5497659238717,48.3731642521883],[15.5724630012838,48.4030741848375],[15.6115749193223,48.4321297702449],[15.6462803610421,48.4467751558899],[15.6876876911255,48.4482557808135],[15.7490951881531,48.4559720008329],[15.7900725791517,48.4537793952416],[15.8165033845662,48.4450415899014],[15.857691231073,48.4446395887775],[15.9634941350934,48.4772551179249],[16.0181400920291,48.4742197630794],[16.0363454223406,48.4658838428011],[16.1049771322555,48.4217679440259],[16.1504305642102,48.4118633787901],[16.2297763960772,48.4091329769438],[16.3135239710397,48.4188949478706],[16.3772338357674,48.4224623289355],[16.4151814114336,48.4183780407086],[16.4734603206684,48.4020787928684],[16.5163401745555,48.3738650508223],[16.5383667647107,48.3340903549447],[16.5692667829869,48.2992594811049]]]},"properties":{"OBJECTID":89,"DIOCESE":"PANNONIAE","PERIOD":"ca. AD303-324","PROV_NAME":"NORICUM\nRIPENSE","SUBDIVISIO":"","Shape__Area":75521322428.774414,"Shape__Length":1349077.344625049}},{"type":"Feature","id":90,"geometry":{"type":"Polygon","coordinates":[[[13.6122583691477,48.674552673281],[13.5989337852008,48.6525795711094],[13.5857258340189,48.6207810540309],[13.5839330518333,48.5969624649372],[13.5819631236703,48.5707635488306],[13.5697696273623,48.5520660199397],[13.5500577261996,48.5288390638629],[13.5368283591812,48.4958490420915],[13.4983777170745,48.4612915259786],[13.4422611542382,48.4296746108281],[13.3764985312884,48.4126569920494],[13.3112773220621,48.4027447982705],[13.2564875421544,48.3877055212591],[13.2262728207607,48.3647474269095],[13.1605191629975,48.3452174432786],[13.073695035155,48.3310247122427],[12.9986792787902,48.3331388407804],[12.8993685119045,48.3477880519075],[12.8496203980699,48.3538864577912],[12.810304141152,48.3549186908891],[12.7560000533689,48.3443918929273],[12.7124405053918,48.3335672949102],[12.6659924910939,48.334726525777],[12.5687473283388,48.3227750961279],[12.5177298869229,48.3048960738718],[12.4514975591656,48.2682584681641],[12.4223479782892,48.2569928117589],[12.4142540749342,48.238093761101],[12.402005026809,48.2073614181592],[12.3611583092432,48.1748773940863],[12.3062444531302,48.1450673440341],[12.2908702838108,48.1215488852985],[12.263052264002,48.0601394932082],[12.2613748066343,48.0244085070762],[12.267355322672,48.0004382122563],[12.2760912654352,47.9597208507431],[12.2654223080807,47.8836572978432],[12.2521376515532,47.8267255028618],[12.2542323431327,47.7956923527131],[12.2672521098391,47.7715793170788],[12.2766178398884,47.7451605860803],[12.2781340900868,47.7022254150836],[12.291006397441,47.6757322497211],[12.2899952573505,47.6543041778485],[12.2565109099694,47.616888492878],[12.2094366046285,47.5892811578587],[12.1232070537062,47.5505318250845],[12.0875307101324,47.5393250100643],[12.0896943060875,47.3439269961871],[12.1165628497602,47.1552318572002],[12.1499216521904,47.0402547658465],[12.2107925863971,46.9223261539914],[12.3044281476606,46.8441294411908],[12.3857638826292,46.8042188927238],[12.4784220606939,46.7854010519409],[12.5682910641246,46.7808532338499],[12.561256888039,46.6786683422575],[12.5637272892063,46.5929261780248],[12.5611463260888,46.5430142570934],[12.5516892849857,46.4932753319133],[12.4783564109146,46.4046380460615],[12.3222129433499,46.3012059282324],[12.2495775733677,46.2885372860389],[11.7860377859299,46.2761589657695],[11.5943370572621,46.286418364715],[11.2141973000781,46.3082095917756],[11.0393184907944,46.312487417758],[10.847701274007,46.3427603656908],[10.6590355170013,46.3536403491048],[10.5731464787757,46.3493942819856],[10.4425395590315,46.3333921279132],[10.2981948806154,46.3006242249643],[10.1952266482033,46.2818520821843],[10.1163549543298,46.274839213005],[10.0237886325961,46.2511307120103],[9.9586943580143,46.2416167990676],[9.85933512073087,46.2462843469246],[9.79424936127968,46.2437981157818],[9.71216573571794,46.2198325778038],[9.66081872937369,46.2173010379739],[9.61295672190282,46.2076252040478],[9.58560816705135,46.2027660197162],[9.54438018291942,46.2192302609762],[9.51696472603713,46.2214833637536],[9.53010282332431,46.280970956843],[9.5265157623599,46.2975956137885],[9.48506686902488,46.3259259510136],[9.45062069636747,46.3376359171174],[9.40943386316041,46.337409701148],[9.31712362506308,46.3106921309302],[9.26944842944207,46.2865935608991],[9.22830476387763,46.2862954772485],[9.19721758430704,46.3003234372648],[9.15247116421019,46.3094773959576],[9.10788044011841,46.3091034372389],[9.06724987966788,46.2802160359436],[9.01048347106353,46.2036195658665],[8.9816648591822,46.1058878858597],[8.92150848268171,46.0434873772543],[8.89489855679283,46.0123125568102],[8.81408083892608,45.9686423379319],[8.61447917041627,45.916252694996],[8.46215599431146,45.8879535737472],[8.4111442230616,45.8871786392311],[8.2792540168149,45.8636726052781],[8.20481701893654,45.8528955450222],[8.13345700602782,45.8516251106975],[8.01858482857826,45.8328420299803],[7.93474768798864,45.8050542408383],[7.79640831462052,45.7831709830867],[7.70173679371344,45.7739672391415],[7.66409151461509,45.780246569278],[7.63945359469239,45.7986936508634],[7.60540295564447,45.8002823918795],[7.55553625880242,45.7777198007855],[7.50512566619179,45.7670011809965],[7.47133106676281,45.7637974779988],[7.4234922546909,45.7697374270318],[7.38957781640973,45.7688806810224],[7.34335486871806,45.7439301680588],[7.31297604488493,45.7407622119047],[7.27556475805347,45.7421526537762],[7.21571572395779,45.7809502038653],[7.17421419383871,45.7940778487588],[7.11874456892399,45.7984789279777],[7.16907037584314,45.9306276087],[7.32573783789959,46.2510920737344],[7.48994077010619,46.3265605867192],[7.68344781767256,46.3738788651904],[7.79685176257063,46.3739696640657],[7.89722326373704,46.3570223537691],[8.003436429246,46.3638775098346],[8.05065653115753,46.3861805422775],[8.12714763203595,46.454185487798],[8.16771752925536,46.4739382690258],[8.22871780738822,46.5011600011879],[8.24173087266259,46.5227895551784],[8.28190822406912,46.5567649307013],[8.34996947862579,46.5840327081019],[8.43198344343054,46.609088614705],[8.56627685416631,46.6205362291562],[8.64168522820919,46.6405777692059],[8.67915754478443,46.6600903022457],[8.69906966874585,46.6912686847503],[8.8031129509911,46.8209944497524],[8.83715031114249,46.8475542561223],[8.87491332613692,46.864623322135],[9.07160272925915,46.921284122858],[9.11983840893875,46.9431181899709],[9.13683579085736,46.9646782772967],[9.28335418025866,47.1680991202691],[9.28618655038318,47.2133512899577],[9.26775830403224,47.2775080179586],[9.22845139767811,47.3296120067201],[9.10032638292677,47.4405252119123],[9.03953602041452,47.4971520501636],[9.01739644106109,47.5493509280624],[9.04107657004135,47.6751010757559],[9.12732971611288,47.6776639551116],[9.18950527989491,47.6690488851721],[9.25454891015592,47.6476679159309],[9.46877556561452,47.5287558347379],[9.5334214676818,47.5163124328745],[9.63831427321649,47.5076175508598],[9.71899806305414,47.4969364969428],[9.7968627248329,47.5098609700365],[9.85054682684787,47.5318015348127],[9.85045732589945,47.5609379670504],[9.86112381288696,47.5937319722883],[9.89608326582971,47.6119837801768],[9.93377119693778,47.6247613869891],[10.1762511140452,47.6337428197759],[10.2976634840057,47.6607912688879],[10.3869883221732,47.7060383761553],[10.4305338160077,47.7477647087126],[10.4771449958022,47.8186104091375],[10.5476446849769,48.0733528258602],[10.5622379569046,48.1589288997194],[10.5409203396294,48.2009570767299],[10.5143610041623,48.2667019918796],[10.517700972728,48.3231918397675],[10.5509059359708,48.5964944860283],[10.5815413249373,48.6291557350112],[10.6453983157423,48.6725583042129],[10.7677679017234,48.7483555612671],[10.8822069483739,48.8222639241631],[10.909998855954,48.8311541817668],[10.9845762712911,48.8305052558652],[11.026206317988,48.8392401208885],[11.1010062990216,48.8476302360781],[11.1645990108598,48.8487919238334],[11.2500602803303,48.8405490601144],[11.2997368496408,48.8381429120679],[11.3800015583304,48.8426274598951],[11.4578561041807,48.858030376821],[11.5380527430297,48.8587520367438],[11.6459467911825,48.8608231039017],[11.7319430837615,48.8686121389554],[11.7990329531705,48.8875929152614],[11.8273844455957,48.9053662247969],[11.8735843443138,48.953844885014],[11.9159246889059,48.973180293011],[11.947366042752,48.9963454159185],[11.9702950121697,49.0141820708618],[11.995705010723,49.0246695987706],[12.0762700792127,49.0268177337904],[12.1185132925663,49.0406069860538],[12.1328736223577,49.0512773387567],[12.1351815991385,49.1023325102105],[12.1525923785643,49.1184169950205],[12.1891290674318,49.1268176022352],[12.2539907403387,49.145579388789],[12.309577546889,49.1444213600312],[12.3423850846704,49.1327730649035],[12.3756356068711,49.130231028926],[12.4228683678417,49.1291960228247],[12.461286880804,49.1192128391662],[12.5073435700995,49.0962633662726],[12.5376846682839,49.0919123018879],[12.5654440676306,49.0912648668869],[12.5871501649437,49.0816271790726],[12.6891774076041,49.0189273939815],[12.7333087691922,49.0141803810935],[12.7811661197966,49.0257508462325],[12.8061109221867,49.0251129532448],[12.8590058712925,48.9817539731551],[12.9132623995695,48.9620650178774],[12.9490138970982,48.957452615258],[12.9853353127927,48.9619413509425],[13.0073596329053,48.9595116959109],[13.0416958930944,48.933000537784],[13.0775333450229,48.9301700800528],[13.1101214423466,48.9201162971611],[13.1309166847925,48.8994394469923],[13.1852767762453,48.8430938952388],[13.2853680910779,48.7707451501198],[13.3687299617968,48.7389824109185],[13.4686270941027,48.7084521048834],[13.5368837627764,48.6989455718235],[13.582284603761,48.6791980237938],[13.6122583691477,48.674552673281]]]},"properties":{"OBJECTID":90,"DIOCESE":"ITALIA","PERIOD":"ca. AD303-324","PROV_NAME":"RAETIA","SUBDIVISIO":"","Shape__Area":152920850511.58105,"Shape__Length":2385418.6655767309}},{"type":"Feature","id":91,"geometry":{"type":"MultiPolygon","coordinates":[[[[-3.08166676343376,47.2894440778778],[-3.08583376327083,47.2877730787143],[-3.10833376288593,47.2955550790977],[-3.11833376371295,47.2980500788382],[-3.16680576409267,47.3034670778494],[-3.18888876395624,47.3027720781693],[-3.20819476405278,47.3005520780762],[-3.21944476341113,47.3045810782692],[-3.23833376375617,47.316940079228],[-3.25958376304328,47.3717310779221],[-3.24694476433806,47.3916630787036],[-3.06361076276688,47.3144380790967],[-3.08166676343376,47.2894440778778]]],[[[-3.56611176417624,48.8058320788617],[-3.57666676394874,48.8038860802564],[-3.58222276403098,48.8038860802564],[-3.58277776297642,48.807220079016],[-3.57972276427336,48.8097150797181],[-3.57555576443626,48.8124920801775],[-3.57083376385709,48.8127750797739],[-3.56527776377488,48.8116610798878],[-3.56333376278764,48.8086090790268],[-3.56611176417624,48.8058320788617]]],[[[-2.01499976240955,49.2141650802794],[-2.02111176216047,49.177216080217],[-2.0413887620274,49.172493080151],[-2.0669447619671,49.1677700799463],[-2.08916676174781,49.1811060800334],[-2.1030187627677,49.1813660800328],[-2.12277776170245,49.1958310810978],[-2.13305576326216,49.1986080802734],[-2.1491667631169,49.1990240801646],[-2.16111176295947,49.1929130812699],[-2.18194476159675,49.1841660802276],[-2.20527776178828,49.1808320802857],[-2.22638876295484,49.1897200798893],[-2.24736176223253,49.2512470798914],[-2.23361076239333,49.259022079729],[-2.15416676263209,49.2611080797761],[-2.03847276324149,49.2433320807413],[-2.01680576240622,49.2310370801093],[-2.01499976240955,49.2141650802794]]],[[[-2.50097276331435,49.50388707995],[-2.52847276244465,49.4263880800302],[-2.55555576182342,49.4233320802196],[-2.59083376275584,49.4224930810007],[-2.59722276161784,49.4224930810007],[-2.65444476339496,49.4258270802394],[-2.66861076333589,49.4327740800101],[-2.65416676266231,49.4577750811905],[-2.5791667618493,49.490829080715],[-2.53652776335786,49.5081940799227],[-2.50097276331435,49.50388707995]]],[[[-1.62055576085064,49.6552730799993],[-1.52801776209957,49.6575090809897],[-1.50111176137447,49.664444081012],[-1.47548576111459,49.6847880808545],[-1.41083376128314,49.7049940808161],[-1.37652776084435,49.7068020810434],[-1.32277776111511,49.7008280799633],[-1.2886107605935,49.6944430801707],[-1.26416676088949,49.684166080958],[-1.2386117607747,49.6558300798993],[-1.22895876117558,49.6188120811397],[-1.25916676137429,49.5983280797261],[-1.29854176092524,49.5774270798402],[-1.30402776158558,49.555549080737],[-1.2911807606713,49.5273550797685],[-1.26041676170225,49.4922180811325],[-1.24472276070071,49.4752730809648],[-1.16527776111457,49.4066620799273],[-1.10958376219473,49.3694380798197],[-1.07923576225394,49.3897860800697],[-0.976944761649695,49.3966600798141],[-0.92458376126726,49.3943020810685],[-0.8966667605888,49.3779140798819],[-0.859721761373547,49.3668020799214],[-0.827221760931421,49.3616640812599],[-0.72555576138947,49.351662080035],[-0.621944760137049,49.3449930798963],[-0.580555760176942,49.3452760797104],[-0.503055761402976,49.3461070802299],[-0.417499760992529,49.3413850801266],[-0.367985760697317,49.3252750800005],[-0.294305761430781,49.3020780802175],[-0.228333760951191,49.2836070811203],[-0.0987497609058782,49.3001370800959],[-0.0733337607082676,49.3055500797273],[-0.0394447600210083,49.3147200801536],[2.39850191729296E-07,49.3287730802901],[0.0706942391122943,49.3554150802433],[0.0920832401132449,49.37152508118],[0.113611240133009,49.3913880799781],[0.140555239594633,49.4059680801173],[0.169444239868364,49.4141620801901],[0.235278240255679,49.427215079974],[0.270278239557124,49.43027508127],[0.295240240193286,49.4314570802461],[0.376666239678249,49.4408260798228],[0.424722240131338,49.451660079881],[0.465764239761805,49.4688150800276],[0.488194239056685,49.4862480809318],[0.441389238756454,49.4716640798801],[0.379861239920048,49.4566610799492],[0.353611240219373,49.4541620802274],[0.315833240427695,49.4531900797393],[0.25611124068959,49.4572220797846],[0.160833240184771,49.4688870799972],[0.11319424038151,49.4877740808141],[0.0758332403413306,49.5225680810637],[0.169722238804388,49.6888880802272],[0.185972238576303,49.7040250797814],[0.211111239662792,49.7188830807339],[0.266944240296478,49.7336040808462],[0.311111239848521,49.7449950799328],[0.426944239156302,49.7886050808026],[0.563333239786873,49.8447190800805],[0.585833240300273,49.8527750810156],[0.640278241412025,49.8661040799706],[0.689027240902865,49.8742980811069],[0.713333239616269,49.8755490799422],[0.808036704614836,49.8892014037806],[0.895546123949957,49.8349907932157],[1.07726626168906,49.7415433667221],[1.40865029010243,49.5754913402503],[1.69655234096177,49.4534207222129],[1.98777553798666,49.3453755208811],[2.30831864994056,49.2507334799118],[2.59500361743889,49.1529652120287],[2.78076698693187,49.0862651858518],[2.84112612756497,49.0734585317477],[2.87690461228152,49.0781982799822],[2.92638901039318,49.0646373721662],[3.00862306334084,49.0267919949197],[3.04147230810419,49.0264973361192],[3.10647462664189,49.0306288717281],[3.18095001132899,49.0449009057784],[3.23596849961308,49.0171747402676],[3.3280257191258,48.9845129777788],[3.39271178217445,48.9644997862541],[3.51964031732413,48.9409889279561],[3.72392287591248,48.8811206332202],[3.90157704104628,48.8265923952248],[4.15184741330067,48.737448885881],[4.46191722995207,48.6221601098645],[4.6107033093886,48.5507539908958],[4.67173632213042,48.5203045380385],[4.74857545909597,48.476250606198],[4.78180633514149,48.4682992419986],[4.84260335955985,48.4712222478502],[4.57244655965274,48.2069278317825],[4.42000474664166,48.0724009102249],[4.36065114420493,48.0310408682377],[4.29617158587377,48.003713727171],[4.24392894481824,47.9937404910506],[4.15488736881597,47.9936881038611],[3.43623725705285,48.2463142691198],[3.35054396981249,48.2697686140877],[3.27944198898599,48.2653408679031],[3.1555636941633,48.2287752572665],[3.13376572884109,48.205830027271],[3.08600291514051,48.1644453901853],[3.01118541695895,48.0637987431776],[2.82936831686471,47.8697403472662],[2.70954035857148,47.7442553000789],[2.61085454423908,47.6524161852388],[2.51068815090995,47.6813121220861],[2.08681587334423,47.6265501669242],[1.78950058862503,47.5607526228444],[1.5346791157827,47.4782970452698],[1.22319510114242,47.3616741541257],[1.0463099756385,47.2867834199449],[0.796857716181374,47.1884166240783],[0.523766383447404,47.0896474977564],[0.413026374558091,47.0627472130972],[0.289717023229056,47.0465633500792],[0.106444266098957,47.031772421724],[-0.0146880756312152,47.0226313552858],[-0.342537875696996,47.0435649640812],[-0.717523647753038,47.116441443124],[-1.2006486092198,47.2536915182078],[-1.30375011389082,47.2860003108521],[-1.43477327431013,47.3007136259434],[-1.49139820993533,47.2704011280782],[-1.59978748223631,47.2198534148701],[-1.66937752298118,47.2000496878834],[-1.73844914417892,47.2086192670721],[-1.73499976170992,47.2086750777626],[-1.8904167626027,47.2887460781442],[-1.92138876288252,47.2977750782165],[-2.01277776158799,47.3198550790196],[-2.03416676258891,47.3202740777606],[-2.12944476309376,47.3097150777316],[-2.19113876340817,47.2800220776993],[-2.28124976219659,47.2402720777865],[-2.43361176169133,47.2624970789252],[-2.48027776297268,47.2772220791296],[-2.53965276327947,47.2980540777822],[-2.52749976302444,47.3861080779876],[-2.47319476255307,47.415275078826],[-2.44402776334331,47.4061090777443],[-2.40847276240147,47.4152720777633],[-2.45959676287474,47.4529880787485],[-2.48267376297323,47.4504430780142],[-2.48347276231618,47.4975620780097],[-2.42277776225954,47.499443078194],[-2.36708376333969,47.50152607903],[-2.3883337626268,47.5102770780171],[-2.5094447630808,47.5291600790855],[-2.58083376282708,47.5377730781552],[-2.66361176274726,47.5127720790829],[-2.7930557630505,47.4888840788618],[-2.8318757627577,47.4972840782366],[-2.86175676271821,47.5464590788905],[-2.8107777620099,47.5449410791994],[-2.77527776311627,47.5472180780158],[-2.73937476201988,47.5447200786974],[-2.68611176326066,47.5956920787225],[-2.68083376301281,47.6151350789446],[-2.70027776320159,47.6370770791542],[-2.88883376314753,47.5997200790095],[-2.92533376302219,47.5810510792255],[-3.09347176263592,47.5859680789938],[-3.12506976380296,47.5954090789619],[-3.12777776307471,47.5254100790419],[-3.12027776290356,47.5005490788829],[-3.0987497637821,47.4757610790392],[-3.13263876267273,47.4766620780076],[-3.14402776284662,47.5313150792445],[-3.13347276307409,47.5509680787152],[-3.13451376316468,47.5808260789827],[-3.15374976383932,47.6118010790008],[-3.1905557631374,47.6286090779148],[-3.21694476275522,47.6505510777384],[-3.50888876257419,47.7586060788666],[-3.63326576431337,47.7774580788486],[-3.7927777641749,47.7938840791427],[-3.84097276274854,47.8031920788554],[-3.88645876312383,47.8326380790724],[-3.90444476257219,47.8527760789551],[-3.98222276387547,47.8897170790857],[-4.10138876531395,47.8749920792262],[-4.15548676429943,47.8370090788035],[-4.16750076373896,47.8172150792307],[-4.18277876391557,47.8041610778583],[-4.2122227649314,47.79902307911],[-4.25583376391644,47.7947160789255],[-4.26944476491189,47.7949980781109],[-4.3673617641932,47.8087420787989],[-4.36458376460123,47.8300630792235],[-4.3443057640111,47.8457600792405],[-4.35000076490881,47.871940079119],[-4.36388976484028,47.8988880787052],[-4.39222276364871,47.9344410792447],[-4.41944476384299,47.9608310792709],[-4.44347276541699,47.976662078848],[-4.49034576459098,48.0029180790855],[-4.53451176521642,48.0195120791466],[-4.59111176360936,48.0169370788926],[-4.69180576535263,48.0306930789082],[-4.72223776495898,48.0391770788613],[-4.70590276389994,48.0680500788512],[-4.35388976401323,48.112911080181],[-4.33194476514026,48.1044390789053],[-4.29812576477319,48.0992320788358],[-4.28291676419354,48.1165240799302],[-4.27625076532208,48.1483960790527],[-4.31326376430939,48.2027740802668],[-4.44138876378938,48.2383270802938],[-4.4683337639742,48.2423550789675],[-4.49277876529974,48.2299610789941],[-4.51111176507774,48.1999970787294],[-4.54659776372767,48.1744380789744],[-4.62173676535616,48.2796510787288],[-4.5665287648865,48.3320770787583],[-4.53736076495348,48.3405490789806],[-4.54736176380881,48.3064540801989],[-4.53291676420866,48.2906880790524],[-4.40833376530008,48.2836070787586],[-4.26333376408758,48.2847210787952],[-4.19215376368033,48.2993700797334],[-4.29999976364358,48.3205490792586],[-4.4022227653741,48.3283310790983],[-4.44046276512314,48.3461990792594],[-4.60527776534688,48.3447190790852],[-4.71138976438519,48.3347170801806],[-4.76062576484605,48.3349950792907],[-4.78215276504091,48.3645130787674],[-4.79027876430262,48.4237480800572],[-4.77666676527889,48.5111040800791],[-4.75097276524693,48.539440079071],[-4.72888976358673,48.5588840790324],[-4.69972276527527,48.5708310791474],[-4.62874976455725,48.5798570787136],[-4.5995837642741,48.5693700802686],[-4.58972276516085,48.5599970791649],[-4.58694476467058,48.5738830790362],[-4.56458376407433,48.6223560790867],[-4.53930576486732,48.6358300801988],[-4.35416676402268,48.6741640800201],[-4.17194476538211,48.6874920798636],[-3.99361176404936,48.7227710791357],[-3.97152776436085,48.711941080205],[-3.96416676410692,48.6852720797314],[-3.94944476359898,48.6561050798946],[-3.8574997643265,48.6361080792564],[-3.85111176439107,48.6555480800177],[-3.86069476366997,48.6820790789196],[-3.83194476421172,48.7152710802739],[-3.81055576410913,48.7261050799021],[-3.72291676369256,48.7115250801787],[-3.67833376331563,48.694717079193],[-3.63861176433331,48.6819380797203],[-3.58243076444344,48.6777720802331],[-3.5319447627563,48.739166078782],[-3.5721527628837,48.7656900797631],[-3.57874976305653,48.7859690797451],[-3.5366667642338,48.8258280802795],[-3.51250076436415,48.8372190799675],[-3.47472276367414,48.8408280801939],[-3.37319476422443,48.8242990788965],[-3.22611176390415,48.8695790799811],[-3.12444476363896,48.8649980798992],[-3.06083376299981,48.8263850799718],[-2.87916676330472,48.6788860797166],[-2.8119447633955,48.6141660800004],[-2.7205557628934,48.5330500791774],[-2.69555576262242,48.5130540789157],[-2.6852777628593,48.5016630802448],[-2.46590276279442,48.6306880802653],[-2.41833376241302,48.6536100799511],[-2.30722276278611,48.676109079994],[-2.28444476333669,48.6722180801306],[-2.12833376178465,48.6386110792457],[-2.03944476193846,48.5982170798971],[-1.9761107622071,48.5130500799213],[-1.94536776225612,48.5287170788563],[-1.96027776308501,48.5840910802331],[-1.99111076344765,48.5970800798226],[-2.01419476232052,48.6431080798531],[-1.98805576204963,48.686943080078],[-1.93249976232373,48.697220078834],[-1.84749976158199,48.709160080292],[-1.8406947609967,48.6839520802398],[-1.86708376241118,48.6576350798163],[-1.8504167619894,48.6247180800781],[-1.83291676188953,48.6134680800226],[-1.81222176334452,48.6105500798451],[-1.78722276200011,48.6105500792512],[-1.72277776275623,48.6111070789912],[-1.64111076234853,48.6165240790901],[-1.61513876158391,48.6241610790838],[-1.58862676104412,48.6396790792155],[-1.52111176213025,48.6363830789075],[-1.46499976093901,48.6372150802164],[-1.36888876165436,48.6436080787622],[-1.4497217607624,48.6755520787257],[-1.49430576096431,48.6874960798973],[-1.56256976078902,48.7489550801068],[-1.57861076212019,48.8377760789783],[-1.57555576162047,48.8627780798857],[-1.56416676144661,48.9144440797358],[-1.55638876233944,49.0158310800699],[-1.58298676309296,49.0097200801281],[-1.59749976066857,49.040276079856],[-1.60999976215154,49.0894390802036],[-1.60972276214209,49.2149960801573],[-1.6811117627867,49.2944410812003],[-1.70583376142674,49.3183290801314],[-1.74541676228851,49.3555530808556],[-1.78374976102566,49.3742980798157],[-1.80909676162632,49.3763160810388],[-1.84555576239138,49.4997180811967],[-1.84076376239032,49.5828440811485],[-1.84194476312132,49.6136090799189],[-1.85652776191541,49.6486050808757],[-1.89208376088553,49.6647190798638],[-1.91305576303325,49.6677700808458],[-1.94486076299122,49.6769410807631],[-1.94208376232586,49.7215920802024],[-1.92201376214818,49.7264560802253],[-1.84472176199002,49.7138820797129],[-1.71527776168679,49.6802750810246],[-1.66520876334443,49.6609690809596],[-1.62055576085064,49.6552730799993]]]]},"properties":{"OBJECTID":91,"DIOCESE":"GALLIAE","PERIOD":"ca. AD303-324","PROV_NAME":"LUGDUNENSIS II","SUBDIVISIO":"","Shape__Area":267749791827.83917,"Shape__Length":3711690.1731586391}},{"type":"Feature","id":92,"geometry":{"type":"Polygon","coordinates":[[[7.06954901241386,48.2348078851056],[7.02360793719373,48.1118772401858],[6.98022095468434,48.0653412588464],[6.94280864197682,48.0380399857452],[6.86223691607255,48.0190124237962],[6.36929299664783,48.0010408422767],[6.29818818073828,48.0009912947821],[6.21345259999874,48.0385960490286],[6.15268332633612,48.086550902788],[5.99176732885581,48.3504354777464],[5.87796299315751,48.4655492801839],[5.80556553209683,48.5129200422143],[5.71616439641897,48.5476342238677],[5.61696610938669,48.5699380589231],[5.53000277860774,48.5759368538515],[5.36503770403597,48.568993884044],[5.06403849840519,48.5198191558597],[4.95404869327092,48.5051750641141],[5.17726926069289,48.7520048259918],[5.25487267082742,48.8797316142049],[5.29860590806476,48.9868192879218],[5.33104241198935,49.136449430714],[5.36814868574758,49.2408445201093],[5.36732313310316,49.3603759849332],[5.34204785219817,49.5410765149639],[5.28742719092249,49.7181675629282],[5.186180780975,49.8765121899857],[5.31039111109302,49.9296774169246],[5.37587622738355,49.9419903248488],[5.42018055418971,49.943823392265],[5.51295463379071,49.9428202979117],[5.70092055917261,49.9143655202264],[5.78972085487605,49.9153715108834],[5.89677055044223,49.9193732621336],[5.95911846409635,49.9264384137581],[6.01594526643726,49.9547927427265],[6.17372301743879,50.1085757011394],[6.31033497992292,50.2135971531608],[6.35676333638742,50.2390292162509],[6.40826887202312,50.2478660818997],[6.52076160182958,50.2394631621716],[6.56113738299756,50.247882520748],[6.69908379642948,50.2998437140982],[6.82648626026519,50.3465496208447],[6.87819931930792,50.3551708857498],[6.93802922018638,50.3544276522795],[6.97626587999922,50.3411222019935],[6.9986361889384,50.3417225689268],[7.10153280765606,50.3683280930861],[7.1203522137194,50.2469208428953],[7.13017392411536,50.2089340421497],[7.18929106571479,50.1554699478155],[7.2678066296804,50.0857289420723],[7.31151297495136,50.0366120341061],[7.38567631455317,49.9714757289464],[7.49455617030556,49.8760299041711],[7.53706715437739,49.8411474339461],[7.62692088644824,49.7451703912672],[7.66565502158731,49.7077769887549],[7.72994467157585,49.673288041181],[7.75395681429183,49.6331783601853],[7.75384250906183,49.5591427349818],[7.73152753544578,49.4894350020581],[7.52721200419498,49.2629657968586],[7.42001071073808,49.1554385060124],[7.2935236238887,49.0759813041255],[7.18905713363501,48.9993290730063],[7.14265908003996,48.9265003519833],[7.10391772244599,48.8490805582649],[7.07442163441502,48.7408670319908],[7.09061886535054,48.4763744510947],[7.08872690376772,48.3307644721117],[7.06954901241386,48.2348078851056]]]},"properties":{"OBJECTID":92,"DIOCESE":"GALLIAE","PERIOD":"ca. AD303-324","PROV_NAME":"BELGICA I","SUBDIVISIO":"","Shape__Area":74116584462.068848,"Shape__Length":1217094.8704305836}},{"type":"Feature","id":93,"geometry":{"type":"Polygon","coordinates":[[[7.55527861928398,48.1471599391413],[7.26453216177363,48.197005829864],[7.06954901241386,48.2348078851056],[7.08872690376772,48.3307644721117],[7.09061886535054,48.4763744510947],[7.07442163441502,48.7408670319908],[7.10391772244599,48.8490805582649],[7.14265908003996,48.9265003519833],[7.18905713363501,48.9993290730063],[7.2935236238887,49.0759813041255],[7.42001071073808,49.1554385060124],[7.52721200419498,49.2629657968586],[7.73152753544578,49.4894350020581],[7.75384250906183,49.5591427349818],[7.75395681429183,49.6331783601853],[7.72994467157585,49.673288041181],[7.66565502158731,49.7077769887549],[7.62692088644824,49.7451703912672],[7.53706715437739,49.8411474339461],[7.49455617030556,49.8760299041711],[7.38567631455317,49.9714757289464],[7.31151297495136,50.0366120341061],[7.2678066296804,50.0857289420723],[7.18929106571479,50.1554699478155],[7.13017392411536,50.2089340421497],[7.1203522137194,50.2469208428953],[7.10153280765606,50.3683280930861],[7.10074735221268,50.4400132918138],[7.12526005956119,50.4669343287338],[7.20849716866014,50.5144427208798],[7.3799483203317,50.5676044500702],[7.43541436905328,50.5506056581365],[7.47682488456273,50.5277852647851],[7.53230303808277,50.5089150129598],[7.56446443025664,50.4968244848432],[7.59146192080016,50.4736536549791],[7.59918746188799,50.4354493280909],[7.62365452493858,50.4049102781439],[7.62497596558614,50.3793598269258],[7.63246981678915,50.3448071250948],[7.65355072619038,50.3233270307562],[7.65742220904506,50.3033116278368],[7.65284124037223,50.281293796183],[7.64028601585546,50.2481475141767],[7.64397035717861,50.2317839197991],[7.65535031940241,50.2320226942503],[7.68104604240307,50.2307304139555],[7.70755714372927,50.2130084998975],[7.72890220184144,50.184217472111],[7.75146503411909,50.1298735097691],[7.77514083860954,50.1102556158846],[7.82415393560736,50.0947823690393],[7.88489323338727,50.0703782450695],[7.93341779778752,50.0639823371648],[7.98420560196907,50.070389977899],[8.09896103256769,50.1089280081152],[8.13017832502237,50.1094547382692],[8.19311257714727,50.0977060361553],[8.2420390406191,50.0802256109582],[8.27405590284693,50.058811294051],[8.28903967242866,50.0371286652473],[8.30164698575716,50.0026255971006],[8.32634251643565,49.9463927197169],[8.35617657942259,49.9030150640378],[8.38243258525922,49.8796632678185],[8.43443524138664,49.8457169602138],[8.44897118013795,49.8331400698222],[8.44933642075942,49.8221907289799],[8.42168923266984,49.8053697139908],[8.37791238492041,49.7663986460914],[8.3729165059774,49.7480681881174],[8.37380863276755,49.7225212118311],[8.37482694770224,49.6933270369253],[8.39858213361944,49.6571608787448],[8.40214324944178,49.6353060931947],[8.42091261664883,49.5789860249153],[8.42707653273497,49.5626453257543],[8.452743966889,49.5502297822272],[8.48639497061985,49.5506960169616],[8.53464143457444,49.5330931587175],[8.54384639134076,49.5076616572012],[8.54738304873286,49.4839799169085],[8.54537747272448,49.4584012472857],[8.54097183183892,49.4200137622724],[8.52750565004704,49.4034086111984],[8.4859857556686,49.3900707037913],[8.45067889725598,49.3585521062247],[8.4128763240497,49.3196870522165],[8.39725396279376,49.2866101980605],[8.35227904542464,49.216595741293],[8.32399054196888,49.1504721969057],[8.30273166103853,49.1227729617155],[8.28149967297286,49.0950690921081],[8.27132610505648,49.0693631258359],[8.23051399508702,49.0468139728169],[8.07961623333571,48.9347847648136],[8.02578965941503,48.8973322708265],[7.98640248230203,48.8473477057991],[7.96349949306063,48.8013106598397],[7.93181505240368,48.7678719458228],[7.88307343796281,48.7468655521863],[7.80783304079325,48.7034113802006],[7.77649337893225,48.6662872779857],[7.76659857172327,48.6423675977776],[7.76779459857402,48.6168530077941],[7.76641425539328,48.5876368268654],[7.74607470134156,48.5525559909723],[7.74187942613258,48.5251069921676],[7.73503304914532,48.4957785971557],[7.70158409718315,48.4494721331601],[7.69026721196365,48.3999849568417],[7.65271050944723,48.328044134952],[7.64867766581132,48.2987762220534],[7.63055565963232,48.2783188770193],[7.59080973941232,48.2537284992699],[7.56247235682529,48.2202647960874],[7.54742086505094,48.1943914918439],[7.54881489675999,48.1670703879284],[7.55527861928398,48.1471599391413]]]},"properties":{"OBJECTID":93,"DIOCESE":"GALLIAE","PERIOD":"ca. AD303-324","PROV_NAME":"GERMANIA I","SUBDIVISIO":"","Shape__Area":32918656189.958496,"Shape__Length":1058922.2401634487}},{"type":"Feature","id":94,"geometry":{"type":"Polygon","coordinates":[[[4.23889824268325,51.3504260817851],[4.25583524344172,51.3362390822226],[4.26356024284544,51.3170430819546],[4.28064924393989,51.3011250817451],[4.31201324295858,51.2863840818548],[4.30007924388497,51.2676510817965],[4.30237524432639,51.2631840818025],[4.3096772441308,51.2620310820921],[4.31617750023908,51.2721660807315],[4.33257406194624,51.2545210352005],[4.34812488227127,51.1306742790481],[4.37195350276797,51.0312079391186],[4.38207830384252,50.9190877412126],[4.34714888068137,50.7735823722383],[4.22263962537281,50.4150491507773],[4.17517169983392,50.1394604940928],[4.18767918697817,50.0993867579856],[4.22855219104581,50.0703678579757],[4.27869241590873,50.0561855139058],[4.34611620438021,50.0524419901863],[4.50340885794181,50.0746811157724],[4.6360512253725,50.0859305717609],[4.78780383742293,50.0931263861723],[4.82615924014326,50.0829426227669],[5.03303510739606,49.8889126588557],[5.06874769799159,49.8665738299695],[5.10610070302573,49.8634397308465],[5.186180780975,49.8765121899857],[5.28742719092249,49.7181675629282],[5.34204785219817,49.5410765149639],[5.36732313310316,49.3603759849332],[5.36814868574758,49.2408445201093],[5.33104241198935,49.136449430714],[5.29860590806476,48.9868192879218],[5.25487267082742,48.8797316142049],[5.17726926069289,48.7520048259918],[4.95404869327092,48.5051750641141],[4.84260335955985,48.4712222478502],[4.78180633514149,48.4682992419986],[4.74857545909597,48.476250606198],[4.67173632213042,48.5203045380385],[4.6107033093886,48.5507539908958],[4.46191722995207,48.6221601098645],[4.15184741330067,48.737448885881],[3.90157704104628,48.8265923952248],[3.72392287591248,48.8811206332202],[3.51964031732413,48.9409889279561],[3.39271178217445,48.9644997862541],[3.3280257191258,48.9845129777788],[3.23596849961308,49.0171747402676],[3.18095001132899,49.0449009057784],[3.10647462664189,49.0306288717281],[3.04147230810419,49.0264973361192],[3.00862306334084,49.0267919949197],[2.92638901039318,49.0646373721662],[2.87690461228152,49.0781982799822],[2.84112612756497,49.0734585317477],[2.78076698693187,49.0862651858518],[2.59500361743889,49.1529652120287],[2.30831864994056,49.2507334799118],[1.98777553798666,49.3453755208811],[1.69655234096177,49.4534207222129],[1.40865029010243,49.5754913402503],[1.07726626168906,49.7415433667221],[0.895546123949957,49.8349907932157],[0.808036704614836,49.8892014037806],[1.07111123982255,49.9266620811721],[1.21097223980605,49.972912080906],[1.23250024072414,49.9816660809271],[1.37243024030462,50.0657800810513],[1.40166624000969,50.0788840807912],[1.43875024183705,50.1008300811905],[1.46111124063664,50.1241610808472],[1.50555524109644,50.2019420810031],[1.5344442413702,50.290413080748],[1.55437524073237,50.3600620807346],[1.59180524126783,50.3704150821974],[1.60385124139273,50.3687900808338],[1.55979124107253,50.4018710812387],[1.57722224067708,50.5280530809514],[1.56416624222036,50.6847150809242],[1.56444424115641,50.7058260820302],[1.5986112407797,50.8091660817268],[1.62499924057261,50.8777770821971],[1.7395832420723,50.9452740821971],[1.76888924119923,50.9558260821144],[1.79277824105947,50.9627760821084],[1.94333324073263,50.9952770811778],[2.23527724234827,51.0380550817765],[2.35944424222852,51.0544430822343],[2.38472124161066,51.0519410822058],[2.4151382420467,51.0565220811538],[2.4922222417924,51.0761110818381],[2.5166662423947,51.0827710819228],[2.54166624176739,51.0911100820023],[2.55555524259719,51.0940250818884],[2.86305524332543,51.2133330821146],[2.95527724260736,51.2497180822176],[3.02000024258386,51.2763820821162],[3.1040272430071,51.3148570822029],[3.13166624205457,51.3241650821583],[3.17972224160937,51.3361050819753],[3.37086624297308,51.3738560820346],[3.40666624234068,51.3855510821397],[3.52888824320545,51.411663081974],[3.55027724330807,51.4097210821113],[3.63972224282294,51.3816600820006],[3.73437524406209,51.3507610822032],[3.76416624361094,51.3452760821709],[3.8645832444465,51.3395800821091],[3.96138824259377,51.3697200819812],[4.21239524326261,51.3705520820586],[4.23889824268325,51.3504260817851]]]},"properties":{"OBJECTID":94,"DIOCESE":"GALLIAE","PERIOD":"ca. AD303-324","PROV_NAME":"BELGICA II","SUBDIVISIO":"","Shape__Area":143030421057.58618,"Shape__Length":1691437.7778356946}},{"type":"Feature","id":95,"geometry":{"type":"MultiPolygon","coordinates":[[[[4.01430524264491,51.6187480819519],[3.97374924326126,51.6145780819509],[3.90152724293852,51.6344410822102],[3.76194424368768,51.6749950827796],[3.71265624334831,51.6746750831381],[3.69368024296464,51.6851350832158],[3.68895824238547,51.7101360830879],[3.71618024437637,51.7339550819753],[3.78083324403268,51.7463870830222],[3.81249924317515,51.7447200820556],[3.82485924401774,51.7422870828198],[3.88194424283257,51.7438890828948],[3.96402724406519,51.7335360821485],[4.00444424263333,51.7099990828806],[4.06694424376003,51.6794430830134],[4.1041662429847,51.6619410828459],[4.10614424340882,51.6509780830514],[4.09097124371251,51.6403430817922],[4.06638824319299,51.6297150820361],[4.01430524264491,51.6187480819519]]],[[[5.62778768781302,52.1108545517754],[5.70075486941004,52.0330381721152],[5.76391455734876,51.9621496669679],[5.79707974678406,51.9560331928285],[5.82938050718438,51.9590273388032],[5.91872128416,51.9859875762097],[5.94809493271602,51.9888449630234],[5.98470282115461,51.9773058128947],[6.06587619821202,51.9306800768473],[6.10862877968796,51.9156539407337],[6.15582693036722,51.9172260018222],[6.1917001082945,51.9129195632457],[6.22228438132467,51.9011122098511],[6.25098269980631,51.8764316168922],[6.28071924438094,51.8389725967545],[6.30285058618321,51.82138708379],[6.38971447166358,51.8058333950579],[6.46002191328253,51.7750794071355],[6.49747213669168,51.7487829237844],[6.51108593324427,51.7254166797289],[6.52861836342422,51.6893638681726],[6.54149124480185,51.6751186350803],[6.63202255093868,51.6448742869999],[6.65378288583365,51.6290478067832],[6.67034776307896,51.6039231971613],[6.67639564108489,51.5620366271327],[6.6841447324062,51.5366567382741],[6.69800018026181,51.507795060002],[6.69947820355161,51.4877222189268],[6.68900047057162,51.470962868052],[6.66657406363956,51.4575135880522],[6.66738719707518,51.4465648828788],[6.67722853476179,51.4322206399433],[6.71373203716773,51.4131544361001],[6.73495366496325,51.402787938977],[6.74476386794043,51.3884380842708],[6.74966074714925,51.3611481252529],[6.75571668663654,51.2772060358112],[6.7625839126232,51.2627714478994],[6.7891506502082,51.2580341647743],[6.82495188475931,51.2462332678138],[6.84619700080456,51.2340227030664],[6.85909585966359,51.2160933262681],[6.86845330365274,51.1651557997197],[6.88397384805773,51.150954096736],[6.91071171380606,51.1425382268232],[6.93188503469716,51.1303109310334],[6.95088904275473,51.1070541379678],[6.95587485517664,51.0761072049726],[6.98282292580311,51.0201508887965],[7.00524604759618,50.9878372759155],[7.02040952425219,50.9333942997827],[7.03386941065054,50.9044980687206],[7.05236991478798,50.8866996381304],[7.09081003672445,50.8730667800557],[7.12069074473253,50.8573777578364],[7.13325962543822,50.8412454209339],[7.1388972671084,50.7975204552323],[7.14314941286138,50.7756944302784],[7.15856552991126,50.7596324129419],[7.18259705198286,50.7437833918172],[7.21314418686255,50.7152964531904],[7.21735514306313,50.6934685187818],[7.22144910537603,50.6734646408955],[7.2302857097567,50.6700267038322],[7.25336926576014,50.6687619097933],[7.26242134812972,50.6616721002621],[7.28127746833869,50.6347144228689],[7.31466382209862,50.6044452847416],[7.35034388110442,50.5833594642379],[7.3799483203317,50.5676044500702],[7.20849716866014,50.5144427208798],[7.12526005956119,50.4669343287338],[7.10074735221268,50.4400132918138],[7.10153280765606,50.3683280930861],[6.9986361889384,50.3417225689268],[6.97626587999922,50.3411222019935],[6.93802922018638,50.3544276522795],[6.87819931930792,50.3551708857498],[6.82648626026519,50.3465496208447],[6.69908379642948,50.2998437140982],[6.56113738299756,50.247882520748],[6.52076160182958,50.2394631621716],[6.40826887202312,50.2478660818997],[6.35676333638742,50.2390292162509],[6.31033497992292,50.2135971531608],[6.17372301743879,50.1085757011394],[6.01594526643726,49.9547927427265],[5.95911846409635,49.9264384137581],[5.89677055044223,49.9193732621336],[5.78972085487605,49.9153715108834],[5.70092055917261,49.9143655202264],[5.51295463379071,49.9428202979117],[5.42018055418971,49.943823392265],[5.37587622738355,49.9419903248488],[5.31039111109302,49.9296774169246],[5.186180780975,49.8765121899857],[5.10610070302573,49.8634397308465],[5.06874769799159,49.8665738299695],[5.03303510739606,49.8889126588557],[4.82615924014326,50.0829426227669],[4.78780383742293,50.0931263861723],[4.6360512253725,50.0859305717609],[4.50340885794181,50.0746811157724],[4.34611620438021,50.0524419901863],[4.27869241590873,50.0561855139058],[4.22855219104581,50.0703678579757],[4.18767918697817,50.0993867579856],[4.17517169983392,50.1394604940928],[4.22263962537281,50.4150491507773],[4.34714888068137,50.7735823722383],[4.38207830384252,50.9190877412126],[4.37195350276797,51.0312079391186],[4.34812488227127,51.1306742790481],[4.33257406194624,51.2545210352005],[4.31617750023908,51.2721660807315],[4.32770224393724,51.2901230820219],[4.28676824426182,51.3124470818144],[4.28018124323645,51.3442000822323],[4.26098524274476,51.3554340820751],[4.25236824411168,51.3751450820806],[4.20249924309095,51.4049990822375],[4.05611024432824,51.425827081828],[3.92694424296103,51.4298550818194],[3.9031942439163,51.3974950822527],[3.82638824310663,51.3898580820662],[3.5730552427575,51.4444430820223],[3.53847224410588,51.456245081995],[3.44423624171993,51.5293690822775],[3.45743024296385,51.5488850820215],[3.48555524225814,51.5633310818333],[3.51736124293932,51.5772170817559],[3.57118024226554,51.5966640830136],[3.69189824325746,51.6003070821454],[3.83500024441178,51.6066660820139],[3.87083324339136,51.6002730820105],[3.89930524301526,51.568539081871],[3.86527824313402,51.546661082146],[3.84353424410251,51.5540280829445],[3.82055524301497,51.5491640822358],[3.86585024359456,51.538662082056],[3.88633724262544,51.5430490817315],[3.929722242553,51.5478440821578],[4.00666624255659,51.5252760820371],[4.04805524341499,51.509163082861],[4.06833224328193,51.4933280819619],[4.08194324337905,51.4691620821817],[4.10347224322375,51.4474940820983],[4.12555524308732,51.438332081939],[4.14902724319603,51.4356920828372],[4.24673524313827,51.4368710830902],[4.26427924272074,51.4439700818046],[4.28361124365487,51.4480510818572],[4.2920132431011,51.4695780820715],[4.28472124424075,51.4883270820744],[4.26486024430044,51.5094410820505],[4.22963224269842,51.5186160819505],[4.20958324423376,51.5156940819634],[4.08277724288208,51.5308300819601],[3.99784624443226,51.5901340821404],[4.04194324276578,51.6052700821784],[4.07069424294727,51.6113850828604],[4.16972124281443,51.6055530832179],[4.19305524372919,51.599995082775],[4.20751024427343,51.589478083123],[4.20131924398147,51.6052400821561],[4.18616624258001,51.6170420829711],[4.15986024280288,51.614857082969],[4.13722224309554,51.615551082865],[4.11194324316527,51.6336060817251],[4.11517224284394,51.6479950830899],[4.14010124386813,51.6518900819578],[4.17437824399463,51.6522790818368],[4.2055392426237,51.6522790818368],[4.20943524409576,51.67409108327],[4.16931524383189,51.6857760819251],[4.12722224316678,51.7066650817581],[4.05819424326093,51.7547190832048],[4.02090224371604,51.7920760830582],[3.98680524261631,51.8020780818753],[3.9558332432348,51.8016660822271],[3.87418924418991,51.7863690819374],[3.86798524258087,51.8121490820241],[3.99208324286416,51.8467980822581],[4.0215272429817,51.839439082799],[4.06111024294514,51.8602750831549],[4.01805524273048,51.9790570832503],[4.0518052443989,51.9854120831424],[4.08972224320946,51.9840240818299],[4.11833324275054,51.9876330830015],[4.14374924294814,51.9991610831899],[4.36541624325651,52.1744380830041],[4.40444424427448,52.2102740829789],[4.42472124414138,52.2313840830968],[4.44166624439748,52.2524950829366],[4.49449424296353,52.3272170831314],[4.51777724382468,52.3608320832635],[4.54083224418185,52.3959690828381],[4.55111024394493,52.4197160829523],[4.57437124416643,52.4544720828441],[4.65795724275205,52.45312508322],[4.70684824432973,52.4272270828101],[4.84525124357281,52.4101980829985],[4.88597924428223,52.3903730829134],[4.90688424378784,52.3741570828571],[4.95240124502359,52.3731230831478],[4.99194424480405,52.3611070830122],[5.12694324356795,52.3302760832465],[5.24430424393638,52.311870083139],[5.29499924496256,52.2992320832128],[5.33044224395479,52.2758250830841],[5.3377772451678,52.2755510830873],[5.37173524365538,52.2690960830488],[5.40749924483459,52.2519380828894],[5.62778768781302,52.1108545517754]]]]},"properties":{"OBJECTID":95,"DIOCESE":"GALLIAE","PERIOD":"ca. AD303-324","PROV_NAME":"GERMANIA II","SUBDIVISIO":"","Shape__Area":111088633166.15161,"Shape__Length":1849133.9465425988}},{"type":"Feature","id":96,"geometry":{"type":"MultiPolygon","coordinates":[[[[-1.09388876136826,50.7205500809448],[-1.05972276067154,50.687492082247],[-1.1683337614392,50.6019440808765],[-1.19138876089804,50.5936050810519],[-1.21527776165657,50.587219081274],[-1.24166676217272,50.5824970818678],[-1.28249976066749,50.5788880811682],[-1.36749976230756,50.618606081013],[-1.47305576077886,50.6608280820382],[-1.49638876186869,50.6679150822168],[-1.51222276171401,50.6688840811828],[-1.52333376205351,50.6674960807272],[-1.53805576076482,50.6636050818713],[-1.56958376161164,50.659023081211],[-1.55083376208214,50.6752780811771],[-1.52333376115521,50.69527408119],[-1.30888876118364,50.7711110821969],[-1.29416676157403,50.7716640807828],[-1.11597176123183,50.7363850812741],[-1.09388876136826,50.7205500809448]]],[[[0.904722241202398,51.3580550817803],[0.899166240221863,51.3572160821132],[0.885277241188684,51.3583300821096],[0.784305239611056,51.3699950818151],[0.762777239591292,51.378330081807],[0.745278240214621,51.3944400822654],[0.737916241034082,51.4043040821944],[0.740555239810545,51.4297180817457],[0.748889240383016,51.4436040821531],[0.76027824055691,51.4447170830277],[0.791111240919547,51.4399950830786],[0.892222239719428,51.4213870820069],[0.9065272395775,51.4179110821375],[0.933611239679501,51.3962480822559],[0.94388924123921,51.3849940821754],[0.946180239861129,51.373398082234],[0.904722241202398,51.3580550817803]]],[[[-4.32555576358327,53.1449970839136],[-4.35138876443071,53.1244430829909],[-4.40222276357747,53.1258310838665],[-4.47888976357164,53.176666083793],[-4.494444764656,53.189438083952],[-4.56749976465687,53.2733310841876],[-4.56805576522388,53.3897210840469],[-4.56000076431066,53.3966600838194],[-4.47472276463287,53.4186090838557],[-4.4261107654094,53.4247170839507],[-4.41611176440724,53.4249950847525],[-4.31388976429829,53.411941083784],[-4.28805576542257,53.4054110839136],[-4.27694476508303,53.3983310837712],[-4.27000076368227,53.3886110838805],[-4.22222276486016,53.3216630840309],[-4.12458376361657,53.3112490839646],[-4.11291776433159,53.3123550839469],[-4.06000076428045,53.3055490838463],[-4.04652876320217,53.301525083782],[-4.08999976424176,53.2549970838237],[-4.10138876441562,53.2477720840055],[-4.21805576502306,53.2002720839697],[-4.32555576358327,53.1449970839136]]],[[[-1.51499976237934,55.1497190849199],[-1.48291676079041,55.0862460849542],[-1.41277776227038,54.9994430857438],[-1.38138876223903,54.9763870848901],[-1.36499976165165,54.9277720861989],[-1.34555576056454,54.8713830859843],[-1.30444476223541,54.771385084943],[-1.29749976100974,54.7636110851895],[-1.16527776111457,54.6497190860218],[-1.06138876182443,54.6172180851135],[-1.04388876082626,54.6130520848307],[-0.875833761053186,54.5702740848709],[-0.56472276015656,54.479996084776],[-0.518472760598433,54.4474940849239],[-0.457499760707469,54.376938084986],[-0.436110759706551,54.3502730850419],[-0.421666759931269,54.3322220851331],[-0.393333761122875,54.2727740850453],[-0.393472761040019,54.2674980851697],[-0.381944760948981,54.2555540841291],[-0.262499759851275,54.174438085068],[-0.200528761324045,54.1517100849154],[-0.151666760058692,54.1413880850146],[-0.116944759693305,54.1322170848728],[-0.0793057607171009,54.1133990848089],[-0.11249976002188,54.0983280838179],[-0.138749760620851,54.0948560848701],[-0.161110761217073,54.0880510838395],[-0.173888759839439,54.0816650840915],[-0.205694759622318,54.0515250840092],[-0.214583760936893,54.0312460850862],[-0.215555759633867,54.0187490849057],[-0.212221761271552,54.0083310840231],[-0.169166761056893,53.9184680838128],[-0.127499761262465,53.8638840840228],[-0.112777759856201,53.8505550841037],[-0.0994447613900617,53.8397220850639],[-0.0538887606945541,53.8030550848132],[-0.0130557613014872,53.7686080840418],[0.0626392399957077,53.7038880840528],[0.126389239653706,53.6452710839766],[0.14111124016164,53.6272200839877],[0.149444239112581,53.6147160840869],[0.153889239682336,53.6027750837354],[0.149444240010878,53.5884700839911],[0.142083240655241,53.5805510840572],[0.116041239570436,53.5667990839544],[0.123333240227414,53.5755540839176],[0.137708240405708,53.5936050840296],[0.130555238767576,53.6083300840426],[0.109166238664956,53.6191630849142],[0.0891662397058003,53.6266630837989],[0.0675002386954314,53.6333310840422],[0.0441662395772989,53.6391600841091],[0.0297222398020501,53.6399990840397],[0.0140282388005144,53.6390270840903],[2.39850191729296E-07,53.6355360849454],[-0.0347217614135256,53.6255490837417],[-0.0516667607712929,53.6230540841779],[-0.0751387599816999,53.6229130841846],[-0.0855557605602553,53.6244430841694],[-0.105833760252096,53.6316600850106],[-0.129721760287396,53.641388083897],[-0.14194475996432,53.6480480842404],[-0.171666759916178,53.6752780850273],[-0.23138875965425,53.7216640837954],[-0.249444761219457,53.7297210841401],[-0.272499760678332,53.7355500850083],[-0.293888760780952,53.736664084787],[-0.357277759865613,53.7305530838414],[-0.380944760866282,53.7265510837946],[-0.422610760835807,53.7175520837388],[-0.549166761043926,53.7061080852357],[-0.564999760165978,53.7113840842628],[-0.581944761320407,53.7241630837854],[-0.605833761180609,53.729721085203],[-0.619722761112085,53.7299960847849],[-0.632222761696758,53.7291640841581],[-0.654444759680878,53.7252730850055],[-0.678749761264303,53.717495084207],[-0.716527761056015,53.6963840841451],[-0.693055760947311,53.686104083941],[-0.519721761101486,53.6852720842355],[-0.504888760265472,53.6864390852592],[-0.457888759971573,53.6961060841681],[-0.390221759823431,53.7079430839505],[-0.301666760786417,53.7131920849609],[-0.287777759956611,53.7086110849146],[-0.264444759765084,53.6908260842309],[-0.241567760581473,53.668053085167],[-0.230555759976155,53.6533280842186],[-0.222777760868987,53.6444400840002],[-0.207221759959693,53.6308290842652],[-0.117221760601054,53.5819400851765],[-0.100833759838568,53.5730510840796],[0.0269442393117828,53.5097200838661],[0.0852782386296566,53.4863810851156],[0.125694240067853,53.4744380840114],[0.143472239103747,53.4752730839903],[0.168611240190237,53.4599990838736],[0.216944238856151,53.4169390842494],[0.235555240265131,53.3994370839125],[0.247500240107667,53.3805540839471],[0.255000241177142,53.3677750840484],[0.270000238824439,53.346382083886],[0.33958324037072,53.2347180841581],[0.353889240053728,53.1872180838234],[0.356389238913013,53.1763840841203],[0.357778240056477,53.1608270838957],[0.355416238594509,53.1440240842479],[0.339166238822594,53.092357084237],[0.326666240034549,53.0831910839798],[0.27666624128918,53.0669400837932],[0.203889240224333,53.0280530841091],[0.173333239871114,53.0091630839252],[0.0322222395596658,52.9172210828793],[0.00211023872213955,52.8798560829209],[0.0280552397225619,52.880829083801],[0.057778240397687,52.8891600839686],[0.0720832402557585,52.8909680840058],[0.0863892399387662,52.8897170842079],[0.122222238918305,52.8774950829837],[0.147500239023674,52.868606083934],[0.16125023993627,52.862495084099],[0.173889238641492,52.8520770842685],[0.186944239968235,52.8377760841462],[0.217777240330906,52.8069380829524],[0.240069240431842,52.7961730840797],[0.363333240313779,52.7802730841282],[0.378889239426412,52.7813870829686],[0.429027240060683,52.8240240842475],[0.43500024079275,52.8329120842157],[0.438333240228493,52.8455510827865],[0.444305241135623,52.865692082974],[0.491389240196781,52.9342990841191],[0.547777239775909,52.9661790838374],[0.667222240873649,52.9761050831696],[0.884722241344912,52.9663810828614],[0.898611241276387,52.9577710831064],[0.909583240800419,52.9526330838947],[0.942222241159755,52.9508280839708],[0.969722241188352,52.9499970841237],[0.99472223966274,52.951111084074],[1.00583324000225,52.9527740841472],[1.18388824060237,52.9388890837477],[1.28222224143182,52.9274980827985],[1.30583323966107,52.9216610828342],[1.35250024076732,52.9097210841642],[1.37277724063426,52.9024960830071],[1.39333324105872,52.8936080841074],[1.43222224126121,52.8747180827632],[1.46861123990946,52.8544390831924],[1.50361124190583,52.8374940838729],[1.51722224200298,52.831383082874],[1.5308332421001,52.8252720840605],[1.64527724116275,52.7711100829638],[1.65694424117097,52.7641600828548],[1.67527724005067,52.7480540839735],[1.68638924201174,52.7366640842506],[1.70250024096814,52.7158280829847],[1.70722224244565,52.7061080827927],[1.7211112405805,52.676666082764],[1.74590224241077,52.620205083148],[1.74898224212652,52.5291060828496],[1.74944424118555,52.4558260831374],[1.73027824083109,52.4113840828254],[1.73305524239479,52.3930510829733],[1.72666624173613,52.3816600831136],[1.68575124232728,52.3263020831489],[1.63000024170937,52.1952740832482],[1.62638824171608,52.1780510831553],[1.58736124142131,52.0838850827418],[1.57972224133302,52.0763850821789],[1.39027724073413,51.9699930831132],[1.33125024058191,51.9287450828463],[1.31777724237366,51.9436030827429],[1.27750024085264,51.9855500832514],[1.26472224133194,51.9924930828838],[1.16347224081829,52.023609082886],[1.20833324102958,51.9508280832416],[1.28097224110386,51.880966082723],[1.29326424127607,51.8740920832578],[1.2833332409443,51.8523560819684],[1.26611124067878,51.8391650827573],[1.22361124120619,51.8088840820278],[1.204027240377,51.7980500817612],[1.18138924066966,51.7897180820923],[1.13222223980579,51.776939082235],[1.11166624027963,51.7733310831881],[1.0883332400881,51.770553082759],[1.05000023955429,51.7705530822031],[1.03569424076961,51.7741620820784],[0.997500241051304,51.8108290822014],[0.982777240718467,51.8252750832216],[0.932361240249876,51.805832081965],[0.862111239605135,51.7736050829238],[0.724166240121453,51.726662082052],[0.701111239764281,51.7184720818072],[0.761398240290211,51.6916430819786],[0.86305524140797,51.7116620819216],[0.876389239699012,51.7169420829709],[0.902569239977795,51.7346500832401],[0.922500241136623,51.7404140821687],[0.935694240583916,51.7365260832165],[0.946944240840598,51.7255550822114],[0.952500240024506,51.609230081842],[0.91000024055195,51.5813830830637],[0.875277241259958,51.5611040822283],[0.820833239973109,51.5355530817228],[0.808055241350742,51.5299990818292],[0.789444239941762,51.5241620828821],[0.779166241076978,51.5219420818039],[0.76694424122499,51.5213850817417],[0.680555240238119,51.5322190818398],[0.65194424069704,51.5368000818205],[0.465000239680632,51.5030520821173],[0.451666239592963,51.4980540817607],[0.388935240284239,51.4482190818177],[0.412222241343327,51.4469370822631],[0.452152239839747,51.4556200819948],[0.465972240174268,51.4712490819364],[0.475000239609392,51.4801330817369],[0.489166240448617,51.4844440831737],[0.536111239592597,51.4880520831348],[0.548889240011625,51.4880520820161],[0.59194424112458,51.4877740832248],[0.697500239595886,51.4708330821743],[0.711944240269465,51.4654160830288],[0.724722239790162,51.4541630821697],[0.721597240766882,51.4404110817575],[0.708889239769746,51.4361040820014],[0.68750023966716,51.4354130822661],[0.665833239730185,51.4391630821933],[0.642361239621481,51.4404140819442],[0.559444239784124,51.4059680832546],[0.584028240128543,51.3876340817568],[0.619722240089235,51.3830490822166],[0.704166240263967,51.3774950819392],[0.908055239739811,51.3406910822072],[0.981388239575037,51.3455510817782],[0.99916624130589,51.3477710817838],[1.01222223976261,51.3519440819943],[1.03333324003088,51.3619380818346],[1.05277824004456,51.3672180820065],[1.06625024022453,51.3691630822719],[1.19194424044219,51.378609082125],[1.38555524195159,51.3877720819418],[1.42750024158037,51.3311080817776],[1.41111124099295,51.2011110822249],[1.40763824091682,51.1838870821015],[1.39833323967562,51.1638870821211],[1.3902772398358,51.1541590817981],[1.36888924135474,51.1358260820255],[1.3558332411014,51.1276360822367],[1.26250024140868,51.1016620808538],[1.23194424105546,51.1008300822685],[1.2205552408816,51.0997160822529],[1.10027724010574,51.0736080819011],[1.08694423984297,51.0686040822759],[1.04555523988286,51.049438081838],[1.03000024059513,51.0408320822351],[0.997777240162425,51.019024081828],[0.986111239979114,51.0072170820683],[0.978889241438985,50.9966660818124],[0.971250239554036,50.981110081924],[0.968055241108864,50.9683300820061],[0.970000241022707,50.9452740821971],[0.975000241436235,50.9319380817775],[0.856666240749308,50.9255520822754],[0.814166241276753,50.9344410818376],[0.793333240842808,50.9361040811429],[0.781389240825175,50.9355550821498],[0.716389240839188,50.9049990808496],[0.705833240343455,50.8977740818425],[0.678889239983533,50.8768040818133],[0.66222223956179,50.8694380818707],[0.567222239789623,50.8477710821906],[0.498611239635274,50.8380510818802],[0.452777239105411,50.8338850822303],[0.430833240057349,50.8311080811626],[0.400555240436781,50.8244400818776],[0.371944239099075,50.8163830818823],[0.349444238585675,50.8086090818579],[0.307222239845772,50.7805480809913],[0.296389239340587,50.773331081975],[0.286944239255634,50.7649990819378],[0.27402723981776,50.7487450812692],[0.263611239962404,50.7413860818556],[0.253889238969702,50.7386090817756],[0.242222239859817,50.7380520818706],[0.227777239361335,50.7394410817666],[0.215278241296523,50.7416610817827],[0.123333240227414,50.7594380817508],[0.0983332390581023,50.7677760809552],[0.0569442399963262,50.7808300820058],[-0.0944447609765332,50.8102720822712],[-0.13805575996157,50.8183290820592],[-0.156944760306575,50.8213880821263],[-0.190833760993834,50.8258280818866],[-0.206110760447244,50.826660081064],[-0.254999760578461,50.8263850818347],[-0.577221760916296,50.7952730821827],[-0.637499761221407,50.787216081949],[-0.675277760114789,50.7811050819656],[-0.711388760725309,50.7738880819944],[-0.746110761989026,50.7658310811765],[-0.767360761276139,50.7497210820889],[-0.767916760944848,50.7390210822165],[-0.78187476137161,50.72721508092],[-0.799444760893372,50.7262460808356],[-0.908263761175124,50.7739520822745],[-0.89249976075173,50.7904130817937],[-0.86583376112446,50.7996480818797],[-0.87194476105047,50.8088830811294],[-0.928420762289756,50.8396570820701],[-0.939166760959686,50.840828082259],[-1.09444476103696,50.8458330821306],[-1.15888876225254,50.840828082259],[-1.14666676060392,50.83110808173],[-1.11694476065203,50.8069420819941],[-1.13159676173808,50.7831190817311],[-1.14430576076349,50.7779120818457],[-1.33138876169704,50.7913820812604],[-1.40805576079288,50.7708280817746],[-1.59277776098769,50.7241590811125],[-1.61416676198861,50.729721082212],[-1.66798576221317,50.7378770821577],[-1.68444476132415,50.7388840820927],[-1.70138876085701,50.736938082085],[-1.81638876228329,50.7230530811506],[-1.93416676240322,50.7127760821356],[-2.00944476215225,50.7149960809957],[-2.02402776274301,50.7199970811614],[-2.03493076267008,50.7315250821942],[-2.06680576294821,50.7143020820642],[-2.0800697618174,50.6965900819755],[-1.97472276268516,50.6702730819201],[-1.95440976193495,50.6653560821913],[-1.93555576175002,50.6394420811252],[-1.96437476170356,50.5967330812175],[-2.05444476138242,50.5856890812183],[-2.12194476292262,50.607216081907],[-2.13388876204196,50.613327081761],[-2.14472276327037,50.6169430817841],[-2.19722176284675,50.626106082264],[-2.39097276319989,50.6416630817617],[-2.43111176193371,50.6349940809892],[-2.44666676301807,50.6263890820167],[-2.46597276221628,50.5941620818245],[-2.46583376229913,50.5838850811198],[-2.45861176286064,50.5749970808928],[-2.42472276217338,50.5599980818258],[-2.43445076211557,50.5417900807648],[-2.45523176177263,50.5489010817999],[-2.45823876169344,50.5617480808382],[-2.4946047625721,50.595654081715],[-2.56305576199456,50.6322170812285],[-2.66194476176948,50.6733320820386],[-2.70055576393424,50.6869430821826],[-2.72111076183887,50.6933290807616],[-2.77138876221522,50.7086100812048],[-2.82305576283671,50.7202760820045],[-2.86388876402644,50.7283320817681],[-2.88277776437144,50.7311100818435],[-2.9069447631677,50.7333300821873],[-2.92749976286896,50.7312470819644],[-2.94444476222673,50.7233280812447],[-2.95944476256898,50.7127760821356],[-2.97805576307963,50.7063830822579],[-3.09444476385275,50.6922150810957],[-3.17347276278906,50.6883280820599],[-3.24416676384779,50.674438081882],[-3.25416676287822,50.6719440821466],[-3.41138976286934,50.6161040812421],[-3.43722276281845,50.6049960808181],[-3.46180576423626,50.5879130808707],[-3.49416676386292,50.5463870809671],[-3.5002777628906,50.5358280812381],[-3.55138876384341,50.4383320807433],[-3.55333376375721,50.4255520809448],[-3.65194476369778,50.2311100808775],[-3.67499976405498,50.2202760810017],[-3.70666676392068,50.2097170812009],[-3.71666676384941,50.206665080854],[-3.7288887628031,50.2063830811313],[-3.78944476384086,50.212219080876],[-3.80305576393798,50.2141650810091],[-3.81333376370107,50.2172160809234],[-3.83652776397541,50.2297170807563],[-3.84500076266844,50.238052081009],[-3.85194476317087,50.2516630811986],[-3.87763876410117,50.2813870811198],[-3.94388876261845,50.3134650820047],[-3.95527776279231,50.315552080749],[-3.97583376501343,50.3138890809792],[-3.98555576420951,50.3113860810749],[-4.00833376365896,50.3036080809346],[-4.01847276440316,50.296387080925],[-4.03083376417236,50.2929110811104],[-4.057083763873,50.2979130809925],[-4.11138876434434,50.3302760808402],[-4.16555576472344,50.3702770810755],[-4.1749997640852,50.3777770819309],[-4.37999976397182,50.3638840809869],[-4.4297227654027,50.3513870820395],[-4.44098376463174,50.3444370808858],[-4.45208376420229,50.3355480821624],[-4.4663897647836,50.3291630812859],[-4.48277876537102,50.3258280812353],[-4.51055576540907,50.3224940808278],[-4.54333376478722,50.3222200811011],[-4.64527776506185,50.323608080816],[-4.67861176500701,50.3258280812353],[-4.76250076443967,50.3113860810749],[-4.85749976528526,50.2316670809356],[-4.95277776579008,50.1933290810872],[-5.04805576539661,50.1711040812096],[-5.05944576359877,50.1391600810148],[-5.07090276623965,50.081661080858],[-5.05416776514752,50.0601350812567],[-5.05750076458326,50.0461080799337],[-5.06555576639481,50.0374980809642],[-5.08611176502267,50.0227740808965],[-5.16069476518585,50.0031890810756],[-5.17888976487158,49.9795800811069],[-5.19305576481247,49.9552760810879],[-5.20083376481797,49.9566610810924],[-5.22861176557925,49.973328080777],[-5.23749976527226,49.9811100812088],[-5.25673576594691,50.0051350810822],[-5.25215376600815,50.0253410798134],[-5.27666776513401,50.0597150807747],[-5.28972276556246,50.0694430810651],[-5.33361176617848,50.0913850807847],[-5.47055576575452,50.1249920809477],[-5.48597276584831,50.127079080871],[-5.50111176520941,50.1261060811219],[-5.51138976497253,50.1238860810994],[-5.53416676639368,50.1156880808253],[-5.54166676566649,50.1038860811431],[-5.53791676468259,50.0845790812229],[-5.54166676476816,50.0705490808726],[-5.55555576559797,50.0570790800835],[-5.56722276560618,50.0511090812795],[-5.58277776489391,50.0477750811748],[-5.66173676602986,50.0363120811812],[-5.67777876628764,50.038605080978],[-5.68749976476048,50.0419390811262],[-5.71680576478575,50.0608250811102],[-5.70999976617218,50.1291660807811],[-5.69194476622854,50.1551360812636],[-5.54638976517227,50.2052760808275],[-5.51166776570518,50.2141650810091],[-5.49583376585986,50.2169420811865],[-5.48125076526914,50.2141650810091],[-5.46923676493128,50.2005540820526],[-5.43194476538639,50.1932600810332],[-5.26805576472719,50.2738880808382],[-5.15208376460393,50.3437460807165],[-5.04729176531547,50.4274980812359],[-5.02569476390209,50.4727060809583],[-5.03916676587866,50.4980510811607],[-5.01750076486829,50.5426370809314],[-4.91583376460311,50.5772170811289],[-4.8974997650002,50.5788880817386],[-4.87388876497432,50.5788880811682],[-4.80138976464216,50.5894390820344],[-4.7836117638096,50.5936090820351],[-4.77166776469027,50.6019440808765],[-4.76166776476154,50.6147150807206],[-4.75166676500788,50.6413880812003],[-4.74361176409467,50.667496081866],[-4.70083476461266,50.6883320818163],[-4.65138876408953,50.715271081163],[-4.5613897645558,50.7762450808919],[-4.553611763652,50.7852710817408],[-4.5494447638149,50.8024980807839],[-4.54736176380881,50.8206900821936],[-4.5474307643041,50.8595120817752],[-4.54333376478722,50.9269410818392],[-4.52131976541893,51.0142330818588],[-4.47444576462341,51.0141600807706],[-4.42736176466396,51.0095790820907],[-4.41194576439508,51.0027770820313],[-4.37638976542496,50.9911040821488],[-4.35777876401598,50.9894410809578],[-4.33944476441308,50.9905550818913],[-4.32472276390514,50.9952770811778],[-4.3036117654335,51.0041650809044],[-4.23701476389166,51.0465930822792],[-4.21027776501759,51.0723570820599],[-4.22027776494632,51.1105500820619],[-4.22805576405349,51.1877750817478],[-4.20861176386471,51.1958310820985],[-4.19861076411105,51.1983260822263],[-4.11666676369393,51.2122190822069],[-4.07166676536206,51.213882082209],[-3.98472276363308,51.2169420817239],[-3.88388876394432,51.2241590820775],[-3.79249976344222,51.2391660821566],[-3.70027776416032,51.2299960820355],[-3.63222276367464,51.2180480821469],[-3.61861176357752,51.2166600821525],[-3.59222276395971,51.2218020819435],[-3.57013876427123,51.2302740819778],[-3.50722276321793,51.2233280820844],[-3.43729176421207,51.2063830819057],[-3.42000076434956,51.1905520819443],[-3.40861076435077,51.1844400819574],[-3.39361176383341,51.1813850821758],[-3.37027776291869,51.1811070820601],[-3.30138876292998,51.1811070820601],[-3.02833376255769,51.206108082094],[-3.01277776344505,51.2563130819183],[-3.01333376311373,51.2727740818454],[-3.0069447633534,51.3072200822241],[-2.95999976331109,51.3749920819705],[-2.8527777627886,51.4447170830277],[-2.77055576343543,51.4891660822722],[-2.65333376298418,51.5638880819023],[-2.63944476305271,51.5788880820537],[-2.55305576206583,51.6572190820775],[-2.47166676239079,51.7244410828675],[-2.45486176277507,51.7316630820536],[-2.42888976290878,51.7369380831856],[-2.40388876191453,51.7404100832184],[-2.38833376172851,51.746662082811],[-2.37999976205433,51.7617340821059],[-2.39277776337166,51.7751310817613],[-2.46055576205125,51.7466660817641],[-2.57888876291327,51.6777720832668],[-2.6291667623913,51.6441650831085],[-2.6650007629924,51.6149980822074],[-2.6747227630868,51.6069410818593],[-2.69888876205813,51.5894390819728],[-2.71472276280174,51.5808260818529],[-2.84777776327337,51.5449980832683],[-2.89277776340187,51.5386050821699],[-2.91888876318533,51.5377730818823],[-2.95472276288811,51.5397190821816],[-2.96638876307142,51.541664081884],[-3.02111176311923,51.5252760831549],[-3.11875076166786,51.4874950820294],[-3.12777776307471,51.4788820820308],[-3.15166676383324,51.4530490822356],[-3.1588887632717,51.430549081891],[-3.16458376327111,51.409092082211],[-3.18111176287735,51.3973580821318],[-3.27097276321714,51.3801340821235],[-3.34611176394733,51.378609082125],[-3.3594447633118,51.378609082125],[-3.40333376392782,51.3797150822016],[-3.41638876435626,51.3805540818249],[-3.45111176274993,51.3847200817726],[-3.48861076378068,51.3899990818439],[-3.54249976342713,51.397774082879],[-3.56027776425965,51.4055480820021],[-3.67194476355526,51.4738850828399],[-3.7516007639269,51.5293080822075],[-3.76111176323581,51.5444410820073],[-3.78166676383536,51.5674970822078],[-3.83791676422055,51.6199950820834],[-3.94972276433164,51.6127780820947],[-3.96555576525035,51.6097180820831],[-4.20486176467747,51.535274082981],[-4.21722276444663,51.5327760829376],[-4.24277776276479,51.5408320822058],[-4.27777876458606,51.5566640829498],[-4.29208376444417,51.6074260829135],[-4.25055576366859,51.628609082916],[-4.23194476405624,51.633049081869],[-4.21138976435498,51.6266630820116],[-4.17750076366772,51.6223560831548],[-4.16250076422376,51.6233290818414],[-4.11638876475787,51.6341630819895],[-4.07652876388668,51.6473580818502],[-4.0661457636433,51.6680330820499],[-4.07472176496344,51.6772150828322],[-4.19749976370027,51.6791610819599],[-4.2622227636768,51.6769410831626],[-4.43611176426473,51.7372210822155],[-4.57444476498424,51.7341610827442],[-4.62833376373236,51.7288820829937],[-4.64583376473053,51.726662082052],[-4.6715287645874,51.7206920831349],[-4.68430576428319,51.7098580822746],[-4.68666776394853,51.6894380817693],[-4.69027776519032,51.6666640831108],[-4.71097276463366,51.6495820827841],[-4.79062476480736,51.6333960817648],[-4.80722276473382,51.6405490830591],[-4.83569476525602,51.6453400828633],[-4.86416676487995,51.6401370829344],[-4.89027776466341,51.6269380817274],[-4.94138876561622,51.5941620820326],[-5.00527876591463,51.60638408322],[-5.04250076424101,51.6166610822273],[-5.05138976555558,51.620277082778],[-5.02127876544129,51.6686100831968],[-4.97061176400417,51.6757740829996],[-4.90500076409792,51.6969370817802],[-4.89416676556446,51.699440082964],[-4.86111176617686,51.7133330820701],[-4.86722276520454,51.7227710818973],[-4.88444476457176,51.7466660828765],[-4.89027876359002,51.7287440818484],[-4.89597276556113,51.7184680831414],[-4.90875076598012,51.7124940822776],[-5.00738876478658,51.7034950830861],[-5.06505576590429,51.7049940818821],[-5.19111176472357,51.7088850832289],[-5.22861176557925,51.7230530828472],[-5.24694576518215,51.7302700820992],[-5.16111176493735,51.762215082059],[-5.14819476460118,51.765274082843],[-5.12416776464871,51.765274082843],[-5.11000076488287,51.7674940827892],[-5.10256976610535,51.7789530819238],[-5.11527776620415,51.8333280828885],[-5.12097276530524,51.8472180828478],[-5.13166676499491,51.856384083119],[-5.18500076479759,51.8695790820275],[-5.21333376540264,51.8705520828876],[-5.25888976519979,51.8705520828876],[-5.23916676535175,51.9163820832068],[-5.09944476528544,51.9605520832746],[-5.08069476485761,51.9769400817977],[-5.07666676493769,51.9961090831413],[-4.84444476485682,52.0138860817312],[-4.83027876491589,52.0162470832375],[-4.76777876468755,52.0644380818717],[-4.75916676428069,52.0730510830901],[-4.74611176385228,52.0902710830238],[-4.73694476539828,52.1036070831861],[-4.72277876455905,52.1130520829248],[-4.66944476385808,52.1302720831894],[-4.6440277647339,52.1344410830998],[-4.62666676365287,52.1341630829124],[-4.59055576483898,52.1316600828212],[-4.52722276403418,52.1308290827281],[-4.49763876507286,52.1370770829555],[-4.29194476542529,52.2224960830669],[-4.23166776494511,52.2488860830469],[-4.19361076459585,52.2763820832501],[-4.14305576421004,52.3202740830197],[-4.13083376525635,52.3347170829522],[-4.09666676383644,52.3858300828685],[-4.09194476415557,52.3977740840307],[-4.05972276444609,52.4858320840938],[-4.0611117637929,52.5061030840159],[-4.08055576488,52.553329083254],[-4.12597276386171,52.6037440839666],[-4.10638876393081,52.6508330827496],[-4.05333376378743,52.7166600839974],[-4.06333376461449,52.7241590841025],[-4.1305557636254,52.7777710828858],[-4.14833376535622,52.8004110827893],[-4.13569476485441,52.8788830840623],[-4.12986176386446,52.8872180832211],[-4.11833376377338,52.8944400839937],[-4.13361176394999,52.9144440827598],[-4.23333376430137,52.914993082956],[-4.31291676487808,52.904995084191],[-4.41416776521667,52.8847200830093],[-4.44055576411125,52.8724970829717],[-4.47722276439048,52.8549960841252],[-4.50027876457256,52.8294370831133],[-4.53944476478447,52.7930530839562],[-4.72777876497258,52.7813870829686],[-4.74416676483677,52.7812460842555],[-4.75848676476347,52.7872620839914],[-4.75222276467659,52.8069380829524],[-4.74111176433705,52.8194430838085],[-4.72194476505602,52.8361050840364],[-4.65111176497841,52.8869400828737],[-4.61888976526894,52.9091640842031],[-4.58611176499246,52.9238810840411],[-4.55277876487217,52.9288860831339],[-4.54027876428753,52.9305490842327],[-4.52666776419038,52.9358290832249],[-4.50583376482986,52.9461060838562],[-4.46250076478088,52.9702760829909],[-4.36097276443284,53.0288850838689],[-4.35263976368527,53.038052084237],[-4.34458376474378,53.0651360830793],[-4.33027876398738,53.1122210838548],[-4.19638876418778,53.2061080839384],[-4.15333376487146,53.2255550831573],[-4.13458376444363,53.2297210841871],[-4.10527776531666,53.2274930838097],[-4.06638876421588,53.2263870837332],[-4.01861176432034,53.2374950841145],[-4.00305576430938,53.2419430840223],[-3.85444476382682,53.2844390839982],[-3.73013976385429,53.2894400840554],[-3.69249976415485,53.285553083779],[-3.60986176307842,53.2794380840399],[-3.58944476257111,53.2822190841119],[-3.46166676431909,53.3205490830871],[-3.38805576375121,53.343605083974],[-3.36277776364584,53.3461070840325],[-3.33638876312973,53.3472210842606],[-3.31888876302985,53.3469430840506],[-3.211666764304,53.2974930839276],[-3.12597276290294,53.2555540841123],[-3.10222276295992,53.2477720840055],[-3.0885987633423,53.2600100837942],[-3.0825697643304,53.2685360837849],[-3.12611176282012,53.3249970842397],[-3.15416676269253,53.3483280841564],[-3.16694476400985,53.3570820842485],[-3.17638876337157,53.3627780837821],[-3.18888876395624,53.3777730839032],[-3.1897227643576,53.3883280840481],[-3.18027776427262,53.3961110841394],[-3.17083376311427,53.4002760837396],[-3.07247976398998,53.4093630840692],[-3.05813876324856,53.41016408401],[-3.04363876339679,53.4036180837722],[-3.02888876329979,53.3819120842298],[-2.98944476325353,53.3672180838471],[-2.94249976321122,53.310554084167],[-2.92829176343749,53.3021620840104],[-2.89972276372921,53.2891620841838],[-2.88249976363879,53.2852710839757],[-2.86222276287355,53.2827760838087],[-2.77638876262875,53.2924960839298],[-2.75319476325273,53.3043020837411],[-2.70493076328548,53.3506200841816],[-2.71749976167048,53.3524930837359],[-2.76944476302462,53.3393020841138],[-2.77777776287389,53.3327750839011],[-2.8573617632755,53.3208270841999],[-2.87833376362659,53.3256910837871],[-2.95388876338508,53.3602750839303],[-2.96388876331384,53.3677750840484],[-3.00677776384712,53.4173850841199],[-3.01327776303724,53.4250520838163],[-3.10562476289095,53.5599290840191],[-3.09361076255309,53.5763850837441],[-3.07305576285183,53.5980530842552],[-2.97729176299849,53.6938130839593],[-2.94222276320176,53.708054083911],[-2.8997917633262,53.7249950850484],[-2.90722176407545,53.7323610837769],[-2.92444476326757,53.7344440837819],[-2.9394447627115,53.7347180837716],[-2.9661107632371,53.7336040850248],[-2.99277776268924,53.7327730841574],[-3.00638876278639,53.734993085206],[-3.0216667638613,53.7397160839066],[-3.03708376305679,53.7494390841829],[-3.05277776405832,53.767357083743],[-3.0588887639843,53.7848590852035],[-3.05972276258903,53.7974930838379],[-3.05263876324282,53.9076350851112],[-3.04347276371545,53.9187430847413],[-3.02499976329704,53.9261090848323],[-2.93250076310739,53.950554084884],[-2.89694476323894,53.9988860852356],[-2.83361176423077,54.0849990841144],[-2.81749976275451,54.1427760850767],[-2.81361176437329,54.2227710849347],[-2.93097276384338,54.1533280850559],[-3.15222276260362,54.0819400840473],[-3.21472276373029,54.0955500850962],[-3.22999976318366,54.1009710852319],[-3.38055576268177,54.2444380841069],[-3.41055576426461,54.2801360848779],[-3.4122227643441,54.2911070850205],[-3.43388876265951,54.3480530851696],[-3.46611076326728,54.3786090848091],[-3.49305576435043,54.4033280849629],[-3.52472276421614,54.4261090847517],[-3.55694476392561,54.4483260847839],[-3.61305576439362,54.4886090849669],[-3.63263876360127,54.5122150848079],[-3.5691667637776,54.6424940861319],[-3.42916676297863,54.8155520861475],[-3.3916667639196,54.8763880852248],[-3.38111076342384,54.884438086005],[-3.28930576299514,54.9379160861611],[-3.27000076362184,54.9413830861433],[-3.20861176380428,54.9494400848573],[-3.18812476297677,54.9467320858499],[-3.17888976295409,54.940552084989],[-3.13291676430371,54.9313890858704],[-3.1033337633707,54.933884086088],[-3.02569476288289,54.9474940851932],[-3.02708376312803,54.9729120849978],[-3.04138876388443,54.9788820850628],[-3.05102576269172,54.9798660860163],[-3.02568432715425,55.0419769391532],[-2.91253570681613,55.11317581481],[-2.77967097670822,55.1640089160775],[-2.23260872043996,55.2819609921513],[-2.11917184959182,55.2930335369532],[-2.02983713265112,55.297977218858],[-1.87633300342605,55.2830806958016],[-1.63477369329644,55.2540649052391],[-1.55307905532071,55.252629628229],[-1.52055576156324,55.1641620861838],[-1.51499976237934,55.1497190849199]]]]},"properties":{"OBJECTID":96,"DIOCESE":"BRITTANIAE","PERIOD":"ca. AD303-324","PROV_NAME":"BRITANNIAE I AND II","SUBDIVISIO":"","Shape__Area":402151909907.61536,"Shape__Length":5650447.2955582524}},{"type":"Feature","id":97,"geometry":{"type":"MultiPolygon","coordinates":[[[[27.9007602645958,40.3886760720023],[27.9237462662543,40.364712072299],[27.9531932649482,40.3569330721995],[28.0358272658267,40.3691630717587],[28.0752712658729,40.3797150717115],[28.1095812656114,40.3895800720081],[28.1536062657715,40.3963780721728],[28.1856882657389,40.3977660718645],[28.2038802659499,40.3940660719136],[28.2466642660029,40.4034650723327],[28.383343868933,40.3994450627488],[28.3655545502261,40.3639793566752],[28.3578177056371,40.3413139848757],[28.3405606046002,40.3278155341885],[28.3003942773188,40.3213024551523],[28.2906199108332,40.311147203911],[28.289730955096,40.2992242482409],[28.3258953731266,40.284753711889],[28.3589525805732,40.2612057588873],[28.3885257701067,40.2552845550587],[28.4076736882728,40.2466042123398],[28.4192143564059,40.2249230242878],[28.4413028261113,40.2156415741012],[28.4595046619763,40.1950343290606],[28.4554803532339,40.1740594312621],[28.4263022328809,40.1533081210285],[28.3771298367354,40.1293100981892],[28.3568546739233,40.1067637220467],[28.3476188905697,40.0795878959402],[28.3503078419642,40.0596993798425],[28.4257050921689,40.0130962761028],[28.4823964097003,40.004070848169],[28.5015991367768,40.0050240870315],[28.5254560901376,40.019550388318],[28.6022100084237,40.0596342250687],[28.6502716287372,40.0619493897155],[28.6914777020611,40.053534449843],[28.7281615879727,40.0411824277523],[28.7847974722646,39.9956475170545],[28.8133938238766,39.9873374133402],[28.8937120919201,39.9828615953056],[28.9377584189834,39.9737323687227],[28.977029782595,39.9510323047065],[29.0126018227812,39.900001219232],[29.0496538338046,39.8801459893443],[29.084806067004,39.8727879959594],[29.1282005800904,39.8709563061974],[29.2296581498252,39.8908092966759],[29.2501551938176,39.886478907304],[29.273284821717,39.8718849948898],[29.2841171907065,39.8404858079284],[29.3143814182555,39.8195134743405],[29.3650766797931,39.7941785272112],[29.3993240427017,39.7844500672699],[29.4106928694093,39.7723184752917],[29.3977701153637,39.7362665397951],[29.3931149548315,39.7057318608656],[29.386356336061,39.6780746666832],[29.3698621768898,39.6670479362201],[29.3543788146527,39.6412581533056],[29.3203328136066,39.6073079653077],[28.8000766447426,39.1991159820296],[28.6437943227878,39.2049611760785],[28.533435379242,39.2180172960001],[28.481213567423,39.2287134206545],[28.4311124093934,39.236530995773],[28.3484248563476,39.2581743598008],[28.2867731819545,39.2778941759872],[28.2520022889831,39.2945594580161],[28.2112902890655,39.3027595051672],[28.1624929206865,39.3053290886646],[28.1021372511437,39.3198251556652],[28.0622098119475,39.3398459861994],[28.0230000709678,39.3621130802544],[27.9062564153205,39.3563329012653],[27.7924530462094,39.3498336059067],[27.5298599028911,39.386505785167],[26.9066576289171,39.4766910837513],[26.9371492649802,39.483322070762],[26.9518012651679,39.5508270707516],[26.935133264023,39.5755500712698],[26.8819392639624,39.5764460713462],[26.8174932639953,39.5616610707933],[26.7616612640849,39.5561060722513],[26.6944432643736,39.5552750712713],[26.6697192651854,39.5549930708343],[26.6594432650721,39.5516590711695],[26.5813862641096,39.5347140712891],[26.5386082639044,39.5297090710504],[26.2050632644132,39.4626960706859],[26.1309682632484,39.4530490713046],[26.1099952639707,39.4576300710023],[26.0705432653251,39.4826620709427],[26.1044392638885,39.5863800707848],[26.1333272643373,39.6077730708979],[26.1548572640069,39.6326330711403],[26.160274264172,39.6560970712639],[26.163051263939,39.6863780717126],[26.1580502637005,39.82138107232],[26.1502032649964,39.908672071789],[26.1574972644049,39.946659071133],[26.174720263597,39.9794390708182],[26.1973552638296,40.0028380708786],[26.2254122642502,39.9982570707024],[26.2488822647091,39.9910960719982],[26.2897182635769,40.0052720718825],[26.3330512636259,40.0246430717634],[26.3847202638972,40.1024860707065],[26.3986052636307,40.1399920718568],[26.4383312637093,40.192356070753],[26.5140242653566,40.2162440717038],[26.6098552642588,40.2844430722575],[26.6840232643203,40.3477630722614],[26.704302263837,40.3788790718985],[26.8099972649204,40.3958210718271],[26.8869442652971,40.3955540718012],[26.9624972654058,40.3829080717223],[27.026664263917,40.3911060718435],[27.0570772650534,40.425896072178],[27.0868012646551,40.4476280721112],[27.118606264613,40.4527660717562],[27.264164265144,40.4586110722742],[27.2988852647862,40.4055480718904],[27.3063872646072,40.3849910722978],[27.3945772646695,40.3397100722213],[27.4291652660389,40.3241580718341],[27.4726352645586,40.3133320716885],[27.5116612659268,40.305553072165],[27.558607265794,40.3047220710957],[27.5750232652473,40.3132700719385],[27.6783292660029,40.3094410720699],[27.7411082649922,40.3099980718867],[27.7801342663603,40.3151320719649],[27.8778422663025,40.3758580716891],[27.831525265899,40.3972170722693],[27.7946132653974,40.3921050721393],[27.6870782648804,40.4926990717643],[27.7233292661313,40.522076071842],[27.7548582650065,40.5297200721371],[27.8569372658986,40.5224910722501],[28.0201342664467,40.4877050721408],[28.0276332658946,40.4630550709273],[28.0011062661845,40.4422150722716],[27.9277722647277,40.4119380722266],[27.9007602645958,40.3886760720023]]],[[[27.6093002653738,40.572769071839],[27.6016612652854,40.5719370717785],[27.5536082661037,40.5869370717882],[27.5292342658216,40.6017990717091],[27.5265232661768,40.6401290716835],[27.5326342652045,40.6494410721537],[27.5459672663656,40.6549910731897],[27.5983272651265,40.6583330723365],[27.6149982657462,40.6588740717284],[27.6511082656335,40.6572190716867],[27.6633262661858,40.6560970721601],[27.7069432650187,40.6499940722212],[27.7335352659244,40.6354060721617],[27.7330512662257,40.6222080722311],[27.719858265705,40.614021071977],[27.6277732648938,40.5791620719811],[27.6093002653738,40.572769071839]]]]},"properties":{"OBJECTID":97,"DIOCESE":"ASIANA","PERIOD":"ca. AD303-324","PROV_NAME":"HELLESPONTUS","SUBDIVISIO":"","Shape__Area":42871871113.9541,"Shape__Length":1174446.0564761527}}]}